-- MySQL dump 10.13  Distrib 8.0.28, for macos10.15 (x86_64)
--
-- Host: localhost    Database: nest
-- ------------------------------------------------------
-- Server version	8.0.28

/*!40101 SET @OLD_CHARACTER_SET_CLIENT=@@CHARACTER_SET_CLIENT */;
/*!40101 SET @OLD_CHARACTER_SET_RESULTS=@@CHARACTER_SET_RESULTS */;
/*!40101 SET @OLD_COLLATION_CONNECTION=@@COLLATION_CONNECTION */;
/*!50503 SET NAMES utf8mb4 */;
/*!40103 SET @OLD_TIME_ZONE=@@TIME_ZONE */;
/*!40103 SET TIME_ZONE='+00:00' */;
/*!40014 SET @OLD_UNIQUE_CHECKS=@@UNIQUE_CHECKS, UNIQUE_CHECKS=0 */;
/*!40014 SET @OLD_FOREIGN_KEY_CHECKS=@@FOREIGN_KEY_CHECKS, FOREIGN_KEY_CHECKS=0 */;
/*!40101 SET @OLD_SQL_MODE=@@SQL_MODE, SQL_MODE='NO_AUTO_VALUE_ON_ZERO' */;
/*!40111 SET @OLD_SQL_NOTES=@@SQL_NOTES, SQL_NOTES=0 */;

--
-- Table structure for table `activations`
--

DROP TABLE IF EXISTS `activations`;
/*!40101 SET @saved_cs_client     = @@character_set_client */;
/*!50503 SET character_set_client = utf8mb4 */;
CREATE TABLE `activations` (
  `id` bigint unsigned NOT NULL AUTO_INCREMENT,
  `user_id` int unsigned NOT NULL,
  `code` varchar(120) CHARACTER SET utf8mb4 COLLATE utf8mb4_unicode_ci NOT NULL,
  `completed` tinyint(1) NOT NULL DEFAULT '0',
  `completed_at` timestamp NULL DEFAULT NULL,
  `created_at` timestamp NULL DEFAULT NULL,
  `updated_at` timestamp NULL DEFAULT NULL,
  PRIMARY KEY (`id`),
  KEY `activations_user_id_index` (`user_id`)
) ENGINE=InnoDB AUTO_INCREMENT=2 DEFAULT CHARSET=utf8mb4 COLLATE=utf8mb4_unicode_ci;
/*!40101 SET character_set_client = @saved_cs_client */;

--
-- Dumping data for table `activations`
--

LOCK TABLES `activations` WRITE;
/*!40000 ALTER TABLE `activations` DISABLE KEYS */;
INSERT INTO `activations` VALUES (1,1,'1DZxvIBP9nFCdTtuwCXYTkuGKyGGD325',1,'2022-03-16 02:41:33','2022-03-16 02:41:33','2022-03-16 02:41:33');
/*!40000 ALTER TABLE `activations` ENABLE KEYS */;
UNLOCK TABLES;

--
-- Table structure for table `ads`
--

DROP TABLE IF EXISTS `ads`;
/*!40101 SET @saved_cs_client     = @@character_set_client */;
/*!50503 SET character_set_client = utf8mb4 */;
CREATE TABLE `ads` (
  `id` bigint unsigned NOT NULL AUTO_INCREMENT,
  `name` varchar(255) CHARACTER SET utf8mb4 COLLATE utf8mb4_unicode_ci NOT NULL,
  `expired_at` datetime DEFAULT NULL,
  `location` varchar(120) CHARACTER SET utf8mb4 COLLATE utf8mb4_unicode_ci DEFAULT NULL,
  `key` varchar(120) CHARACTER SET utf8mb4 COLLATE utf8mb4_unicode_ci NOT NULL,
  `image` varchar(255) CHARACTER SET utf8mb4 COLLATE utf8mb4_unicode_ci DEFAULT NULL,
  `url` varchar(255) CHARACTER SET utf8mb4 COLLATE utf8mb4_unicode_ci DEFAULT NULL,
  `clicked` bigint NOT NULL DEFAULT '0',
  `order` int DEFAULT '0',
  `status` varchar(60) CHARACTER SET utf8mb4 COLLATE utf8mb4_unicode_ci NOT NULL DEFAULT 'published',
  `created_at` timestamp NULL DEFAULT NULL,
  `updated_at` timestamp NULL DEFAULT NULL,
  PRIMARY KEY (`id`),
  UNIQUE KEY `ads_key_unique` (`key`)
) ENGINE=InnoDB AUTO_INCREMENT=13 DEFAULT CHARSET=utf8mb4 COLLATE=utf8mb4_unicode_ci;
/*!40101 SET character_set_client = @saved_cs_client */;

--
-- Dumping data for table `ads`
--

LOCK TABLES `ads` WRITE;
/*!40000 ALTER TABLE `ads` DISABLE KEYS */;
INSERT INTO `ads` VALUES (1,'Everyday Fresh','2027-03-16 00:00:00','not_set','IZ6WU8KUALYD','promotion/1.png','/products',0,1,'published','2022-03-16 02:41:39','2022-03-16 02:41:39'),(2,'Make your Breakfast','2027-03-16 00:00:00','not_set','ILSFJVYFGCPZ','promotion/2.png','/products',0,2,'published','2022-03-16 02:41:39','2022-03-16 02:41:39'),(3,'The best Organic','2027-03-16 00:00:00','not_set','ILSDKVYFGXPH','promotion/3.png','/products',0,3,'published','2022-03-16 02:41:39','2022-03-16 02:41:39'),(4,'Bring nature into your home','2027-03-16 00:00:00','not_set','IZ6WU8KUALYG','promotion/4.png','/products',0,4,'published','2022-03-16 02:41:39','2022-03-16 02:41:39'),(5,'Delivered to your home','2027-03-16 00:00:00','banner-big','IZ6WU8KUALYH','promotion/5.png','/products',0,5,'published','2022-03-16 02:41:39','2022-03-16 02:41:39'),(6,'Save 17% on Oganic Juice','2027-03-16 00:00:00','no_set','IZ6WU8KUALYI','promotion/6.png','/products',0,6,'published','2022-03-16 02:41:39','2022-03-16 02:41:39'),(7,'Everyday Fresh & Clean with Our Products','2027-03-16 00:00:00','item-style-4','IZ6WU8KUALYJ','promotion/7.png','/products',0,7,'published','2022-03-16 02:41:39','2022-03-16 02:41:39'),(8,'The best Organic Products Online','2027-03-16 00:00:00','item-style-5','IZ6WU8KUALYK','promotion/8.png','/products',0,8,'published','2022-03-16 02:41:39','2022-03-16 02:41:39'),(9,'Everyday Fresh with Our Products','2027-03-16 00:00:00','item-style-2','IZ6WU8KUALYL','promotion/9.png',NULL,0,9,'published','2022-03-16 02:41:39','2022-03-16 02:41:39'),(10,'100% guaranteed all Fresh items','2027-03-16 00:00:00','item-style-2','IZ6WU8KUALYM','promotion/10.png',NULL,0,10,'published','2022-03-16 02:41:39','2022-03-16 02:41:39'),(11,'Special grocery sale off this month','2027-03-16 00:00:00','item-style-2','IZ6WU8KUALYN','promotion/11.png',NULL,0,11,'published','2022-03-16 02:41:39','2022-03-16 02:41:39'),(12,'Enjoy 15% OFF for all vegetable and fruit','2027-03-16 00:00:00','item-style-2','IZ6WU8KUALYO','promotion/12.png',NULL,0,12,'published','2022-03-16 02:41:39','2022-03-16 02:41:39');
/*!40000 ALTER TABLE `ads` ENABLE KEYS */;
UNLOCK TABLES;

--
-- Table structure for table `ads_translations`
--

DROP TABLE IF EXISTS `ads_translations`;
/*!40101 SET @saved_cs_client     = @@character_set_client */;
/*!50503 SET character_set_client = utf8mb4 */;
CREATE TABLE `ads_translations` (
  `lang_code` varchar(191) CHARACTER SET utf8mb4 COLLATE utf8mb4_unicode_ci NOT NULL,
  `ads_id` int NOT NULL,
  `name` varchar(255) CHARACTER SET utf8mb4 COLLATE utf8mb4_unicode_ci DEFAULT NULL,
  `image` varchar(255) CHARACTER SET utf8mb4 COLLATE utf8mb4_unicode_ci DEFAULT NULL,
  `url` varchar(255) CHARACTER SET utf8mb4 COLLATE utf8mb4_unicode_ci DEFAULT NULL,
  PRIMARY KEY (`lang_code`,`ads_id`)
) ENGINE=InnoDB DEFAULT CHARSET=utf8mb4 COLLATE=utf8mb4_unicode_ci;
/*!40101 SET character_set_client = @saved_cs_client */;

--
-- Dumping data for table `ads_translations`
--

LOCK TABLES `ads_translations` WRITE;
/*!40000 ALTER TABLE `ads_translations` DISABLE KEYS */;
INSERT INTO `ads_translations` VALUES ('vi',1,'Tươi mỗi ngày','promotion/1.png','/vi/products'),('vi',2,'Nấu bữa sáng của bạn','promotion/2.png','/vi/products'),('vi',3,'Hữu cơ tốt nhất','promotion/3.png','/vi/products'),('vi',4,'Mang thiên nhiên vào ngôi nhà của bạn','promotion/4.png','/vi/products'),('vi',5,'Giao tận nhà','promotion/5.png','/vi/products'),('vi',6,'Tiết kiệm 17% khi mua nước ép hữu cơ','promotion/6.png','/vi/products'),('vi',7,'Tươi và Sạch hàng ngày với các sản phẩm của chúng tôi','promotion/7.png','/vi/products'),('vi',8,'Các sản phẩm hữu cơ tốt nhất trực tuyến','promotion/8.png','/vi/products'),('vi',9,'Tươi mới mỗi ngày với các sản phẩm của chúng tôi','promotion/9.png','/vi/products'),('vi',10,'100% đảm bảo tất cả các mặt hàng tươi','promotion/10.png','/vi/products'),('vi',11,'Giảm giá hàng tạp hóa đặc biệt trong tháng này','promotion/11.png','/vi/products'),('vi',12,'GIẢM GIÁ 15% cho tất cả rau và trái cây','promotion/12.png','/vi/products');
/*!40000 ALTER TABLE `ads_translations` ENABLE KEYS */;
UNLOCK TABLES;

--
-- Table structure for table `audit_histories`
--

DROP TABLE IF EXISTS `audit_histories`;
/*!40101 SET @saved_cs_client     = @@character_set_client */;
/*!50503 SET character_set_client = utf8mb4 */;
CREATE TABLE `audit_histories` (
  `id` bigint unsigned NOT NULL AUTO_INCREMENT,
  `user_id` int unsigned NOT NULL,
  `module` varchar(60) CHARACTER SET utf8mb4 COLLATE utf8mb4_unicode_ci NOT NULL,
  `request` text CHARACTER SET utf8mb4 COLLATE utf8mb4_unicode_ci,
  `action` varchar(120) CHARACTER SET utf8mb4 COLLATE utf8mb4_unicode_ci NOT NULL,
  `user_agent` text CHARACTER SET utf8mb4 COLLATE utf8mb4_unicode_ci,
  `ip_address` varchar(39) CHARACTER SET utf8mb4 COLLATE utf8mb4_unicode_ci DEFAULT NULL,
  `reference_user` int unsigned NOT NULL,
  `reference_id` int unsigned NOT NULL,
  `reference_name` varchar(255) CHARACTER SET utf8mb4 COLLATE utf8mb4_unicode_ci NOT NULL,
  `type` varchar(20) CHARACTER SET utf8mb4 COLLATE utf8mb4_unicode_ci NOT NULL,
  `created_at` timestamp NULL DEFAULT NULL,
  `updated_at` timestamp NULL DEFAULT NULL,
  PRIMARY KEY (`id`),
  KEY `audit_histories_user_id_index` (`user_id`),
  KEY `audit_histories_module_index` (`module`)
) ENGINE=InnoDB DEFAULT CHARSET=utf8mb4 COLLATE=utf8mb4_unicode_ci;
/*!40101 SET character_set_client = @saved_cs_client */;

--
-- Dumping data for table `audit_histories`
--

LOCK TABLES `audit_histories` WRITE;
/*!40000 ALTER TABLE `audit_histories` DISABLE KEYS */;
/*!40000 ALTER TABLE `audit_histories` ENABLE KEYS */;
UNLOCK TABLES;

--
-- Table structure for table `categories`
--

DROP TABLE IF EXISTS `categories`;
/*!40101 SET @saved_cs_client     = @@character_set_client */;
/*!50503 SET character_set_client = utf8mb4 */;
CREATE TABLE `categories` (
  `id` bigint unsigned NOT NULL AUTO_INCREMENT,
  `name` varchar(120) CHARACTER SET utf8mb4 COLLATE utf8mb4_unicode_ci NOT NULL,
  `parent_id` int unsigned NOT NULL DEFAULT '0',
  `description` varchar(400) CHARACTER SET utf8mb4 COLLATE utf8mb4_unicode_ci DEFAULT NULL,
  `status` varchar(60) CHARACTER SET utf8mb4 COLLATE utf8mb4_unicode_ci NOT NULL DEFAULT 'published',
  `author_id` int NOT NULL,
  `author_type` varchar(255) CHARACTER SET utf8mb4 COLLATE utf8mb4_unicode_ci NOT NULL DEFAULT 'Botble\\ACL\\Models\\User',
  `icon` varchar(60) CHARACTER SET utf8mb4 COLLATE utf8mb4_unicode_ci DEFAULT NULL,
  `order` tinyint NOT NULL DEFAULT '0',
  `is_featured` tinyint NOT NULL DEFAULT '0',
  `is_default` tinyint unsigned NOT NULL DEFAULT '0',
  `created_at` timestamp NULL DEFAULT NULL,
  `updated_at` timestamp NULL DEFAULT NULL,
  PRIMARY KEY (`id`),
  KEY `categories_parent_id_status_created_at_index` (`parent_id`,`status`,`created_at`)
) ENGINE=InnoDB AUTO_INCREMENT=5 DEFAULT CHARSET=utf8mb4 COLLATE=utf8mb4_unicode_ci;
/*!40101 SET character_set_client = @saved_cs_client */;

--
-- Dumping data for table `categories`
--

LOCK TABLES `categories` WRITE;
/*!40000 ALTER TABLE `categories` DISABLE KEYS */;
INSERT INTO `categories` VALUES (1,'Ecommerce',0,'Id minus exercitationem aut et tenetur ratione. Nulla quidem consequuntur modi. Iste repudiandae culpa dolores dolores ex enim consequuntur.','published',1,'Botble\\ACL\\Models\\User',NULL,0,0,1,'2022-03-16 02:41:33','2022-03-16 02:41:33'),(2,'Fashion',0,'Qui explicabo facere cupiditate voluptas tenetur sit. Unde aut molestiae nulla quis quod corporis. Accusamus ut expedita dolor consequatur omnis. Tempora id mollitia quo minima.','published',1,'Botble\\ACL\\Models\\User',NULL,0,1,0,'2022-03-16 02:41:33','2022-03-16 02:41:33'),(3,'Electronic',0,'Illum facere placeat fugiat repellat libero. Est consequatur et culpa et sed. Itaque blanditiis numquam non possimus molestiae atque dolor. A officiis cupiditate soluta aut.','published',1,'Botble\\ACL\\Models\\User',NULL,0,1,0,'2022-03-16 02:41:33','2022-03-16 02:41:33'),(4,'Commercial',0,'Qui earum iusto in eveniet ad ratione sint. Quia nisi neque sed ipsum aut aut. Error ex voluptate qui facere est quia.','published',1,'Botble\\ACL\\Models\\User',NULL,0,1,0,'2022-03-16 02:41:33','2022-03-16 02:41:33');
/*!40000 ALTER TABLE `categories` ENABLE KEYS */;
UNLOCK TABLES;

--
-- Table structure for table `categories_translations`
--

DROP TABLE IF EXISTS `categories_translations`;
/*!40101 SET @saved_cs_client     = @@character_set_client */;
/*!50503 SET character_set_client = utf8mb4 */;
CREATE TABLE `categories_translations` (
  `lang_code` varchar(191) CHARACTER SET utf8mb4 COLLATE utf8mb4_unicode_ci NOT NULL,
  `categories_id` int NOT NULL,
  `name` varchar(255) CHARACTER SET utf8mb4 COLLATE utf8mb4_unicode_ci DEFAULT NULL,
  `description` varchar(400) CHARACTER SET utf8mb4 COLLATE utf8mb4_unicode_ci DEFAULT NULL,
  PRIMARY KEY (`lang_code`,`categories_id`)
) ENGINE=InnoDB DEFAULT CHARSET=utf8mb4 COLLATE=utf8mb4_unicode_ci;
/*!40101 SET character_set_client = @saved_cs_client */;

--
-- Dumping data for table `categories_translations`
--

LOCK TABLES `categories_translations` WRITE;
/*!40000 ALTER TABLE `categories_translations` DISABLE KEYS */;
INSERT INTO `categories_translations` VALUES ('vi',1,'Thương mại điện tử',NULL),('vi',2,'Thời trang',NULL),('vi',3,'Điện tử',NULL),('vi',4,'Thương mại',NULL);
/*!40000 ALTER TABLE `categories_translations` ENABLE KEYS */;
UNLOCK TABLES;

--
-- Table structure for table `cities`
--

DROP TABLE IF EXISTS `cities`;
/*!40101 SET @saved_cs_client     = @@character_set_client */;
/*!50503 SET character_set_client = utf8mb4 */;
CREATE TABLE `cities` (
  `id` bigint unsigned NOT NULL AUTO_INCREMENT,
  `name` varchar(120) CHARACTER SET utf8mb4 COLLATE utf8mb4_unicode_ci NOT NULL,
  `state_id` int unsigned NOT NULL,
  `country_id` int unsigned DEFAULT NULL,
  `record_id` varchar(40) CHARACTER SET utf8mb4 COLLATE utf8mb4_unicode_ci DEFAULT NULL,
  `order` tinyint NOT NULL DEFAULT '0',
  `is_default` tinyint unsigned NOT NULL DEFAULT '0',
  `status` varchar(60) CHARACTER SET utf8mb4 COLLATE utf8mb4_unicode_ci NOT NULL DEFAULT 'published',
  `created_at` timestamp NULL DEFAULT NULL,
  `updated_at` timestamp NULL DEFAULT NULL,
  PRIMARY KEY (`id`)
) ENGINE=InnoDB DEFAULT CHARSET=utf8mb4 COLLATE=utf8mb4_unicode_ci;
/*!40101 SET character_set_client = @saved_cs_client */;

--
-- Dumping data for table `cities`
--

LOCK TABLES `cities` WRITE;
/*!40000 ALTER TABLE `cities` DISABLE KEYS */;
/*!40000 ALTER TABLE `cities` ENABLE KEYS */;
UNLOCK TABLES;

--
-- Table structure for table `cities_backup`
--

DROP TABLE IF EXISTS `cities_backup`;
/*!40101 SET @saved_cs_client     = @@character_set_client */;
/*!50503 SET character_set_client = utf8mb4 */;
CREATE TABLE `cities_backup` (
  `id` bigint unsigned NOT NULL AUTO_INCREMENT,
  `name` varchar(120) CHARACTER SET utf8mb4 COLLATE utf8mb4_unicode_ci NOT NULL,
  `state_id` int unsigned NOT NULL,
  `country_id` int unsigned DEFAULT NULL,
  `record_id` varchar(40) CHARACTER SET utf8mb4 COLLATE utf8mb4_unicode_ci DEFAULT NULL,
  `order` tinyint NOT NULL DEFAULT '0',
  `is_default` tinyint unsigned NOT NULL DEFAULT '0',
  `status` varchar(60) CHARACTER SET utf8mb4 COLLATE utf8mb4_unicode_ci NOT NULL DEFAULT 'published',
  `created_at` timestamp NULL DEFAULT NULL,
  `updated_at` timestamp NULL DEFAULT NULL,
  PRIMARY KEY (`id`)
) ENGINE=InnoDB DEFAULT CHARSET=utf8mb4 COLLATE=utf8mb4_unicode_ci;
/*!40101 SET character_set_client = @saved_cs_client */;

--
-- Dumping data for table `cities_backup`
--

LOCK TABLES `cities_backup` WRITE;
/*!40000 ALTER TABLE `cities_backup` DISABLE KEYS */;
/*!40000 ALTER TABLE `cities_backup` ENABLE KEYS */;
UNLOCK TABLES;

--
-- Table structure for table `cities_translations`
--

DROP TABLE IF EXISTS `cities_translations`;
/*!40101 SET @saved_cs_client     = @@character_set_client */;
/*!50503 SET character_set_client = utf8mb4 */;
CREATE TABLE `cities_translations` (
  `lang_code` varchar(191) CHARACTER SET utf8mb4 COLLATE utf8mb4_unicode_ci NOT NULL,
  `cities_id` int NOT NULL,
  `name` varchar(120) CHARACTER SET utf8mb4 COLLATE utf8mb4_unicode_ci DEFAULT NULL,
  PRIMARY KEY (`lang_code`,`cities_id`)
) ENGINE=InnoDB DEFAULT CHARSET=utf8mb4 COLLATE=utf8mb4_unicode_ci;
/*!40101 SET character_set_client = @saved_cs_client */;

--
-- Dumping data for table `cities_translations`
--

LOCK TABLES `cities_translations` WRITE;
/*!40000 ALTER TABLE `cities_translations` DISABLE KEYS */;
/*!40000 ALTER TABLE `cities_translations` ENABLE KEYS */;
UNLOCK TABLES;

--
-- Table structure for table `contact_replies`
--

DROP TABLE IF EXISTS `contact_replies`;
/*!40101 SET @saved_cs_client     = @@character_set_client */;
/*!50503 SET character_set_client = utf8mb4 */;
CREATE TABLE `contact_replies` (
  `id` bigint unsigned NOT NULL AUTO_INCREMENT,
  `message` longtext CHARACTER SET utf8mb4 COLLATE utf8mb4_unicode_ci NOT NULL,
  `contact_id` int NOT NULL,
  `created_at` timestamp NULL DEFAULT NULL,
  `updated_at` timestamp NULL DEFAULT NULL,
  PRIMARY KEY (`id`)
) ENGINE=InnoDB DEFAULT CHARSET=utf8mb4 COLLATE=utf8mb4_unicode_ci;
/*!40101 SET character_set_client = @saved_cs_client */;

--
-- Dumping data for table `contact_replies`
--

LOCK TABLES `contact_replies` WRITE;
/*!40000 ALTER TABLE `contact_replies` DISABLE KEYS */;
/*!40000 ALTER TABLE `contact_replies` ENABLE KEYS */;
UNLOCK TABLES;

--
-- Table structure for table `contacts`
--

DROP TABLE IF EXISTS `contacts`;
/*!40101 SET @saved_cs_client     = @@character_set_client */;
/*!50503 SET character_set_client = utf8mb4 */;
CREATE TABLE `contacts` (
  `id` bigint unsigned NOT NULL AUTO_INCREMENT,
  `name` varchar(60) CHARACTER SET utf8mb4 COLLATE utf8mb4_unicode_ci NOT NULL,
  `email` varchar(60) CHARACTER SET utf8mb4 COLLATE utf8mb4_unicode_ci NOT NULL,
  `phone` varchar(60) CHARACTER SET utf8mb4 COLLATE utf8mb4_unicode_ci DEFAULT NULL,
  `address` varchar(120) CHARACTER SET utf8mb4 COLLATE utf8mb4_unicode_ci DEFAULT NULL,
  `subject` varchar(120) CHARACTER SET utf8mb4 COLLATE utf8mb4_unicode_ci DEFAULT NULL,
  `content` longtext CHARACTER SET utf8mb4 COLLATE utf8mb4_unicode_ci NOT NULL,
  `status` varchar(60) CHARACTER SET utf8mb4 COLLATE utf8mb4_unicode_ci NOT NULL DEFAULT 'unread',
  `created_at` timestamp NULL DEFAULT NULL,
  `updated_at` timestamp NULL DEFAULT NULL,
  PRIMARY KEY (`id`)
) ENGINE=InnoDB DEFAULT CHARSET=utf8mb4 COLLATE=utf8mb4_unicode_ci;
/*!40101 SET character_set_client = @saved_cs_client */;

--
-- Dumping data for table `contacts`
--

LOCK TABLES `contacts` WRITE;
/*!40000 ALTER TABLE `contacts` DISABLE KEYS */;
/*!40000 ALTER TABLE `contacts` ENABLE KEYS */;
UNLOCK TABLES;

--
-- Table structure for table `countries`
--

DROP TABLE IF EXISTS `countries`;
/*!40101 SET @saved_cs_client     = @@character_set_client */;
/*!50503 SET character_set_client = utf8mb4 */;
CREATE TABLE `countries` (
  `id` bigint unsigned NOT NULL AUTO_INCREMENT,
  `name` varchar(120) CHARACTER SET utf8mb4 COLLATE utf8mb4_unicode_ci NOT NULL,
  `nationality` varchar(120) CHARACTER SET utf8mb4 COLLATE utf8mb4_unicode_ci DEFAULT NULL,
  `order` tinyint NOT NULL DEFAULT '0',
  `is_default` tinyint unsigned NOT NULL DEFAULT '0',
  `status` varchar(60) CHARACTER SET utf8mb4 COLLATE utf8mb4_unicode_ci NOT NULL DEFAULT 'published',
  `created_at` timestamp NULL DEFAULT NULL,
  `updated_at` timestamp NULL DEFAULT NULL,
  `code` varchar(10) CHARACTER SET utf8mb4 COLLATE utf8mb4_unicode_ci DEFAULT NULL,
  PRIMARY KEY (`id`)
) ENGINE=InnoDB DEFAULT CHARSET=utf8mb4 COLLATE=utf8mb4_unicode_ci;
/*!40101 SET character_set_client = @saved_cs_client */;

--
-- Dumping data for table `countries`
--

LOCK TABLES `countries` WRITE;
/*!40000 ALTER TABLE `countries` DISABLE KEYS */;
/*!40000 ALTER TABLE `countries` ENABLE KEYS */;
UNLOCK TABLES;

--
-- Table structure for table `countries_backup`
--

DROP TABLE IF EXISTS `countries_backup`;
/*!40101 SET @saved_cs_client     = @@character_set_client */;
/*!50503 SET character_set_client = utf8mb4 */;
CREATE TABLE `countries_backup` (
  `id` bigint unsigned NOT NULL AUTO_INCREMENT,
  `name` varchar(120) CHARACTER SET utf8mb4 COLLATE utf8mb4_unicode_ci NOT NULL,
  `nationality` varchar(120) CHARACTER SET utf8mb4 COLLATE utf8mb4_unicode_ci NOT NULL,
  `order` tinyint NOT NULL DEFAULT '0',
  `is_default` tinyint unsigned NOT NULL DEFAULT '0',
  `status` varchar(60) CHARACTER SET utf8mb4 COLLATE utf8mb4_unicode_ci NOT NULL DEFAULT 'published',
  `created_at` timestamp NULL DEFAULT NULL,
  `updated_at` timestamp NULL DEFAULT NULL,
  PRIMARY KEY (`id`)
) ENGINE=InnoDB DEFAULT CHARSET=utf8mb4 COLLATE=utf8mb4_unicode_ci;
/*!40101 SET character_set_client = @saved_cs_client */;

--
-- Dumping data for table `countries_backup`
--

LOCK TABLES `countries_backup` WRITE;
/*!40000 ALTER TABLE `countries_backup` DISABLE KEYS */;
/*!40000 ALTER TABLE `countries_backup` ENABLE KEYS */;
UNLOCK TABLES;

--
-- Table structure for table `countries_translations`
--

DROP TABLE IF EXISTS `countries_translations`;
/*!40101 SET @saved_cs_client     = @@character_set_client */;
/*!50503 SET character_set_client = utf8mb4 */;
CREATE TABLE `countries_translations` (
  `lang_code` varchar(191) CHARACTER SET utf8mb4 COLLATE utf8mb4_unicode_ci NOT NULL,
  `countries_id` int NOT NULL,
  `name` varchar(120) CHARACTER SET utf8mb4 COLLATE utf8mb4_unicode_ci DEFAULT NULL,
  `nationality` varchar(120) CHARACTER SET utf8mb4 COLLATE utf8mb4_unicode_ci DEFAULT NULL,
  PRIMARY KEY (`lang_code`,`countries_id`)
) ENGINE=InnoDB DEFAULT CHARSET=utf8mb4 COLLATE=utf8mb4_unicode_ci;
/*!40101 SET character_set_client = @saved_cs_client */;

--
-- Dumping data for table `countries_translations`
--

LOCK TABLES `countries_translations` WRITE;
/*!40000 ALTER TABLE `countries_translations` DISABLE KEYS */;
/*!40000 ALTER TABLE `countries_translations` ENABLE KEYS */;
UNLOCK TABLES;

--
-- Table structure for table `dashboard_widget_settings`
--

DROP TABLE IF EXISTS `dashboard_widget_settings`;
/*!40101 SET @saved_cs_client     = @@character_set_client */;
/*!50503 SET character_set_client = utf8mb4 */;
CREATE TABLE `dashboard_widget_settings` (
  `id` bigint unsigned NOT NULL AUTO_INCREMENT,
  `settings` text CHARACTER SET utf8mb4 COLLATE utf8mb4_unicode_ci,
  `user_id` int unsigned NOT NULL,
  `widget_id` int unsigned NOT NULL,
  `order` tinyint unsigned NOT NULL DEFAULT '0',
  `status` tinyint unsigned NOT NULL DEFAULT '1',
  `created_at` timestamp NULL DEFAULT NULL,
  `updated_at` timestamp NULL DEFAULT NULL,
  PRIMARY KEY (`id`),
  KEY `dashboard_widget_settings_user_id_index` (`user_id`),
  KEY `dashboard_widget_settings_widget_id_index` (`widget_id`)
) ENGINE=InnoDB DEFAULT CHARSET=utf8mb4 COLLATE=utf8mb4_unicode_ci;
/*!40101 SET character_set_client = @saved_cs_client */;

--
-- Dumping data for table `dashboard_widget_settings`
--

LOCK TABLES `dashboard_widget_settings` WRITE;
/*!40000 ALTER TABLE `dashboard_widget_settings` DISABLE KEYS */;
/*!40000 ALTER TABLE `dashboard_widget_settings` ENABLE KEYS */;
UNLOCK TABLES;

--
-- Table structure for table `dashboard_widgets`
--

DROP TABLE IF EXISTS `dashboard_widgets`;
/*!40101 SET @saved_cs_client     = @@character_set_client */;
/*!50503 SET character_set_client = utf8mb4 */;
CREATE TABLE `dashboard_widgets` (
  `id` bigint unsigned NOT NULL AUTO_INCREMENT,
  `name` varchar(120) CHARACTER SET utf8mb4 COLLATE utf8mb4_unicode_ci NOT NULL,
  `created_at` timestamp NULL DEFAULT NULL,
  `updated_at` timestamp NULL DEFAULT NULL,
  PRIMARY KEY (`id`)
) ENGINE=InnoDB DEFAULT CHARSET=utf8mb4 COLLATE=utf8mb4_unicode_ci;
/*!40101 SET character_set_client = @saved_cs_client */;

--
-- Dumping data for table `dashboard_widgets`
--

LOCK TABLES `dashboard_widgets` WRITE;
/*!40000 ALTER TABLE `dashboard_widgets` DISABLE KEYS */;
/*!40000 ALTER TABLE `dashboard_widgets` ENABLE KEYS */;
UNLOCK TABLES;

--
-- Table structure for table `ec_brands`
--

DROP TABLE IF EXISTS `ec_brands`;
/*!40101 SET @saved_cs_client     = @@character_set_client */;
/*!50503 SET character_set_client = utf8mb4 */;
CREATE TABLE `ec_brands` (
  `id` bigint unsigned NOT NULL AUTO_INCREMENT,
  `name` varchar(191) CHARACTER SET utf8mb4 COLLATE utf8mb4_unicode_ci NOT NULL,
  `description` mediumtext CHARACTER SET utf8mb4 COLLATE utf8mb4_unicode_ci,
  `website` varchar(255) CHARACTER SET utf8mb4 COLLATE utf8mb4_unicode_ci DEFAULT NULL,
  `logo` varchar(255) CHARACTER SET utf8mb4 COLLATE utf8mb4_unicode_ci DEFAULT NULL,
  `status` varchar(60) CHARACTER SET utf8mb4 COLLATE utf8mb4_unicode_ci NOT NULL DEFAULT 'published',
  `order` tinyint unsigned NOT NULL DEFAULT '0',
  `is_featured` tinyint unsigned NOT NULL DEFAULT '0',
  `created_at` timestamp NULL DEFAULT NULL,
  `updated_at` timestamp NULL DEFAULT NULL,
  PRIMARY KEY (`id`)
) ENGINE=InnoDB AUTO_INCREMENT=8 DEFAULT CHARSET=utf8mb4 COLLATE=utf8mb4_unicode_ci;
/*!40101 SET character_set_client = @saved_cs_client */;

--
-- Dumping data for table `ec_brands`
--

LOCK TABLES `ec_brands` WRITE;
/*!40000 ALTER TABLE `ec_brands` DISABLE KEYS */;
INSERT INTO `ec_brands` VALUES (1,'Perxsion',NULL,NULL,NULL,'published',0,1,'2022-03-16 02:40:42','2022-03-16 02:40:42'),(2,'Hiching',NULL,NULL,NULL,'published',1,1,'2022-03-16 02:40:43','2022-03-16 02:40:43'),(3,'Kepslo',NULL,NULL,NULL,'published',2,1,'2022-03-16 02:40:43','2022-03-16 02:40:43'),(4,'Groneba',NULL,NULL,NULL,'published',3,1,'2022-03-16 02:40:43','2022-03-16 02:40:43'),(5,'Babian',NULL,NULL,NULL,'published',4,1,'2022-03-16 02:40:43','2022-03-16 02:40:43'),(6,'Valorant',NULL,NULL,NULL,'published',5,1,'2022-03-16 02:40:43','2022-03-16 02:40:43'),(7,'Pure',NULL,NULL,NULL,'published',6,1,'2022-03-16 02:40:43','2022-03-16 02:40:43');
/*!40000 ALTER TABLE `ec_brands` ENABLE KEYS */;
UNLOCK TABLES;

--
-- Table structure for table `ec_brands_translations`
--

DROP TABLE IF EXISTS `ec_brands_translations`;
/*!40101 SET @saved_cs_client     = @@character_set_client */;
/*!50503 SET character_set_client = utf8mb4 */;
CREATE TABLE `ec_brands_translations` (
  `lang_code` varchar(191) CHARACTER SET utf8mb4 COLLATE utf8mb4_unicode_ci NOT NULL,
  `ec_brands_id` int NOT NULL,
  `name` varchar(191) CHARACTER SET utf8mb4 COLLATE utf8mb4_unicode_ci DEFAULT NULL,
  `description` varchar(191) CHARACTER SET utf8mb4 COLLATE utf8mb4_unicode_ci DEFAULT NULL,
  PRIMARY KEY (`lang_code`,`ec_brands_id`)
) ENGINE=InnoDB DEFAULT CHARSET=utf8mb4 COLLATE=utf8mb4_unicode_ci;
/*!40101 SET character_set_client = @saved_cs_client */;

--
-- Dumping data for table `ec_brands_translations`
--

LOCK TABLES `ec_brands_translations` WRITE;
/*!40000 ALTER TABLE `ec_brands_translations` DISABLE KEYS */;
INSERT INTO `ec_brands_translations` VALUES ('vi',1,'Perxsion',NULL),('vi',2,'Hiching',NULL),('vi',3,'Kepslo',NULL),('vi',4,'Groneba',NULL),('vi',5,'Babian',NULL),('vi',6,'Valorant',NULL),('vi',7,'Pure',NULL);
/*!40000 ALTER TABLE `ec_brands_translations` ENABLE KEYS */;
UNLOCK TABLES;

--
-- Table structure for table `ec_cart`
--

DROP TABLE IF EXISTS `ec_cart`;
/*!40101 SET @saved_cs_client     = @@character_set_client */;
/*!50503 SET character_set_client = utf8mb4 */;
CREATE TABLE `ec_cart` (
  `identifier` varchar(191) CHARACTER SET utf8mb4 COLLATE utf8mb4_unicode_ci NOT NULL,
  `instance` varchar(191) CHARACTER SET utf8mb4 COLLATE utf8mb4_unicode_ci NOT NULL,
  `content` longtext CHARACTER SET utf8mb4 COLLATE utf8mb4_unicode_ci NOT NULL,
  `created_at` timestamp NULL DEFAULT NULL,
  `updated_at` timestamp NULL DEFAULT NULL,
  PRIMARY KEY (`identifier`,`instance`)
) ENGINE=InnoDB DEFAULT CHARSET=utf8mb4 COLLATE=utf8mb4_unicode_ci;
/*!40101 SET character_set_client = @saved_cs_client */;

--
-- Dumping data for table `ec_cart`
--

LOCK TABLES `ec_cart` WRITE;
/*!40000 ALTER TABLE `ec_cart` DISABLE KEYS */;
/*!40000 ALTER TABLE `ec_cart` ENABLE KEYS */;
UNLOCK TABLES;

--
-- Table structure for table `ec_currencies`
--

DROP TABLE IF EXISTS `ec_currencies`;
/*!40101 SET @saved_cs_client     = @@character_set_client */;
/*!50503 SET character_set_client = utf8mb4 */;
CREATE TABLE `ec_currencies` (
  `id` bigint unsigned NOT NULL AUTO_INCREMENT,
  `title` varchar(191) CHARACTER SET utf8mb4 COLLATE utf8mb4_unicode_ci NOT NULL,
  `symbol` varchar(10) CHARACTER SET utf8mb4 COLLATE utf8mb4_unicode_ci NOT NULL,
  `is_prefix_symbol` tinyint unsigned NOT NULL DEFAULT '0',
  `decimals` tinyint unsigned DEFAULT '0',
  `order` int unsigned DEFAULT '0',
  `is_default` tinyint NOT NULL DEFAULT '0',
  `exchange_rate` double NOT NULL DEFAULT '1',
  `created_at` timestamp NULL DEFAULT NULL,
  `updated_at` timestamp NULL DEFAULT NULL,
  PRIMARY KEY (`id`)
) ENGINE=InnoDB AUTO_INCREMENT=4 DEFAULT CHARSET=utf8mb4 COLLATE=utf8mb4_unicode_ci;
/*!40101 SET character_set_client = @saved_cs_client */;

--
-- Dumping data for table `ec_currencies`
--

LOCK TABLES `ec_currencies` WRITE;
/*!40000 ALTER TABLE `ec_currencies` DISABLE KEYS */;
INSERT INTO `ec_currencies` VALUES (1,'USD','$',1,2,0,1,1,'2022-03-16 02:40:43','2022-03-16 02:40:43'),(2,'EUR','€',0,2,1,0,0.84,'2022-03-16 02:40:43','2022-03-16 02:40:43'),(3,'VND','₫',0,0,2,0,23203,'2022-03-16 02:40:43','2022-03-16 02:40:43');
/*!40000 ALTER TABLE `ec_currencies` ENABLE KEYS */;
UNLOCK TABLES;

--
-- Table structure for table `ec_customer_addresses`
--

DROP TABLE IF EXISTS `ec_customer_addresses`;
/*!40101 SET @saved_cs_client     = @@character_set_client */;
/*!50503 SET character_set_client = utf8mb4 */;
CREATE TABLE `ec_customer_addresses` (
  `id` bigint unsigned NOT NULL AUTO_INCREMENT,
  `name` varchar(191) CHARACTER SET utf8mb4 COLLATE utf8mb4_unicode_ci NOT NULL,
  `email` varchar(60) CHARACTER SET utf8mb4 COLLATE utf8mb4_unicode_ci DEFAULT NULL,
  `phone` varchar(20) CHARACTER SET utf8mb4 COLLATE utf8mb4_unicode_ci DEFAULT NULL,
  `country` varchar(120) CHARACTER SET utf8mb4 COLLATE utf8mb4_unicode_ci DEFAULT NULL,
  `state` varchar(120) CHARACTER SET utf8mb4 COLLATE utf8mb4_unicode_ci DEFAULT NULL,
  `city` varchar(120) CHARACTER SET utf8mb4 COLLATE utf8mb4_unicode_ci DEFAULT NULL,
  `address` varchar(191) CHARACTER SET utf8mb4 COLLATE utf8mb4_unicode_ci NOT NULL,
  `customer_id` int unsigned NOT NULL,
  `is_default` tinyint unsigned NOT NULL DEFAULT '0',
  `created_at` timestamp NULL DEFAULT NULL,
  `updated_at` timestamp NULL DEFAULT NULL,
  `zip_code` varchar(20) CHARACTER SET utf8mb4 COLLATE utf8mb4_unicode_ci DEFAULT NULL,
  PRIMARY KEY (`id`)
) ENGINE=InnoDB AUTO_INCREMENT=13 DEFAULT CHARSET=utf8mb4 COLLATE=utf8mb4_unicode_ci;
/*!40101 SET character_set_client = @saved_cs_client */;

--
-- Dumping data for table `ec_customer_addresses`
--

LOCK TABLES `ec_customer_addresses` WRITE;
/*!40000 ALTER TABLE `ec_customer_addresses` DISABLE KEYS */;
INSERT INTO `ec_customer_addresses` VALUES (1,'Caleigh Johns','customer@botble.com','+16629987978','GI','Tennessee','Lake Brandifort','9515 Veum Garden Apt. 907',1,1,'2022-03-16 02:41:07','2022-03-16 02:41:07','40401-8047'),(2,'Caleigh Johns','customer@botble.com','+15124973496','TJ','Colorado','West Elna','3838 Hammes Mountains Apt. 490',1,0,'2022-03-16 02:41:07','2022-03-16 02:41:07','65859'),(3,'Amelie Mohr','vendor@botble.com','+17622727996','IL','Michigan','Barrybury','31844 Lehner Crossing',2,1,'2022-03-16 02:41:07','2022-03-16 02:41:07','52912-7327'),(4,'Amelie Mohr','vendor@botble.com','+16615760672','LT','Vermont','Lindsayville','9088 Mittie Trail Suite 425',2,0,'2022-03-16 02:41:07','2022-03-16 02:41:07','49185'),(5,'Mrs. Lucy Crona','ruthe.dibbert@example.org','+14584419263','MS','Wisconsin','Pfannerstillburgh','52933 Beverly Fords Apt. 521',3,1,'2022-03-16 02:41:07','2022-03-16 02:41:07','44320-9990'),(6,'Prof. Frederik Feil II','yhickle@example.net','+15597811095','IN','Hawaii','South Rosie','791 Fadel Light',4,1,'2022-03-16 02:41:07','2022-03-16 02:41:07','61145-4323'),(7,'Abbey Schamberger','ziemann.amelie@example.net','+17863657765','AZ','New Jersey','Leschborough','4284 Bosco Loaf Suite 109',5,1,'2022-03-16 02:41:07','2022-03-16 02:41:07','33966-6143'),(8,'Miss Oceane Bernier','batz.roberta@example.org','+13808727860','GB','Connecticut','North Codymouth','50034 Aurore Junction',6,1,'2022-03-16 02:41:08','2022-03-16 02:41:08','62564-5531'),(9,'Prof. Destini Reilly','buckridge.mark@example.net','+16516619823','QA','Florida','South Melvina','380 Juliet Mountains Suite 436',7,1,'2022-03-16 02:41:08','2022-03-16 02:41:08','91123'),(10,'Jazlyn Renner','sstreich@example.net','+17315441164','CK','Colorado','Steubermouth','203 Roberts Loaf Suite 616',8,1,'2022-03-16 02:41:08','2022-03-16 02:41:08','31141'),(11,'Ms. Carley Ruecker','konopelski.mariela@example.net','+14308211658','RS','Indiana','Drakemouth','59375 Griffin Valley',9,1,'2022-03-16 02:41:08','2022-03-16 02:41:08','37112'),(12,'Dr. Norval Sporer III','qbeatty@example.net','+12518271631','KE','Michigan','Krystelstad','39663 Matteo Crossroad Suite 088',10,1,'2022-03-16 02:41:08','2022-03-16 02:41:08','54754');
/*!40000 ALTER TABLE `ec_customer_addresses` ENABLE KEYS */;
UNLOCK TABLES;

--
-- Table structure for table `ec_customer_password_resets`
--

DROP TABLE IF EXISTS `ec_customer_password_resets`;
/*!40101 SET @saved_cs_client     = @@character_set_client */;
/*!50503 SET character_set_client = utf8mb4 */;
CREATE TABLE `ec_customer_password_resets` (
  `email` varchar(191) CHARACTER SET utf8mb4 COLLATE utf8mb4_unicode_ci NOT NULL,
  `token` varchar(191) CHARACTER SET utf8mb4 COLLATE utf8mb4_unicode_ci NOT NULL,
  `created_at` timestamp NULL DEFAULT NULL,
  KEY `ec_customer_password_resets_email_index` (`email`),
  KEY `ec_customer_password_resets_token_index` (`token`)
) ENGINE=InnoDB DEFAULT CHARSET=utf8mb4 COLLATE=utf8mb4_unicode_ci;
/*!40101 SET character_set_client = @saved_cs_client */;

--
-- Dumping data for table `ec_customer_password_resets`
--

LOCK TABLES `ec_customer_password_resets` WRITE;
/*!40000 ALTER TABLE `ec_customer_password_resets` DISABLE KEYS */;
/*!40000 ALTER TABLE `ec_customer_password_resets` ENABLE KEYS */;
UNLOCK TABLES;

--
-- Table structure for table `ec_customers`
--

DROP TABLE IF EXISTS `ec_customers`;
/*!40101 SET @saved_cs_client     = @@character_set_client */;
/*!50503 SET character_set_client = utf8mb4 */;
CREATE TABLE `ec_customers` (
  `id` bigint unsigned NOT NULL AUTO_INCREMENT,
  `name` varchar(191) CHARACTER SET utf8mb4 COLLATE utf8mb4_unicode_ci NOT NULL,
  `email` varchar(191) CHARACTER SET utf8mb4 COLLATE utf8mb4_unicode_ci NOT NULL,
  `password` varchar(191) CHARACTER SET utf8mb4 COLLATE utf8mb4_unicode_ci NOT NULL,
  `avatar` varchar(255) CHARACTER SET utf8mb4 COLLATE utf8mb4_unicode_ci DEFAULT NULL,
  `dob` date DEFAULT NULL,
  `phone` varchar(25) CHARACTER SET utf8mb4 COLLATE utf8mb4_unicode_ci DEFAULT NULL,
  `remember_token` varchar(100) CHARACTER SET utf8mb4 COLLATE utf8mb4_unicode_ci DEFAULT NULL,
  `created_at` timestamp NULL DEFAULT NULL,
  `updated_at` timestamp NULL DEFAULT NULL,
  `confirmed_at` datetime DEFAULT NULL,
  `email_verify_token` varchar(120) CHARACTER SET utf8mb4 COLLATE utf8mb4_unicode_ci DEFAULT NULL,
  `is_vendor` tinyint(1) NOT NULL DEFAULT '0',
  `vendor_verified_at` datetime DEFAULT NULL,
  `status` varchar(60) CHARACTER SET utf8mb4 COLLATE utf8mb4_unicode_ci NOT NULL DEFAULT 'activated',
  PRIMARY KEY (`id`),
  UNIQUE KEY `ec_customers_email_unique` (`email`)
) ENGINE=InnoDB AUTO_INCREMENT=11 DEFAULT CHARSET=utf8mb4 COLLATE=utf8mb4_unicode_ci;
/*!40101 SET character_set_client = @saved_cs_client */;

--
-- Dumping data for table `ec_customers`
--

LOCK TABLES `ec_customers` WRITE;
/*!40000 ALTER TABLE `ec_customers` DISABLE KEYS */;
INSERT INTO `ec_customers` VALUES (1,'Caleigh Johns','customer@botble.com','$2y$10$JGWlXWKtCg8DWwLfY6047OORaESvkCYxgFe1/crLIPoJVVLnHRwOO','customers/4.jpg','1981-02-19','+12087466160',NULL,'2022-03-16 02:41:07','2022-03-16 02:41:07','2022-03-16 09:41:07',NULL,0,NULL,'activated'),(2,'Amelie Mohr','vendor@botble.com','$2y$10$NAtOUiC3yZXa6cTesh9cgOe/jR8q6MMayZIb8M4.fdA1vrERRqI16','customers/1.jpg','1984-03-06','+13606386581',NULL,'2022-03-16 02:41:07','2022-03-16 02:41:48','2022-03-16 09:41:07',NULL,1,'2022-03-16 09:41:48','activated'),(3,'Mrs. Lucy Crona','ruthe.dibbert@example.org','$2y$10$6yhRKcpfigQ9s5LixuUzLOh76mzmaSGPtzTkAu1E0zn0hh0Zto33C','customers/1.jpg','2002-02-15','+14589481574',NULL,'2022-03-16 02:41:07','2022-03-16 02:41:07','2022-03-16 09:41:07',NULL,0,NULL,'activated'),(4,'Prof. Frederik Feil II','yhickle@example.net','$2y$10$21Rb8zPuyqouX7jU7y5ew.DnvGNn1tiFooN.LpV7EA3rcvsQbzDJ6','customers/2.jpg','1995-03-04','+14632772186',NULL,'2022-03-16 02:41:07','2022-03-16 02:41:07','2022-03-16 09:41:07',NULL,0,NULL,'activated'),(5,'Abbey Schamberger','ziemann.amelie@example.net','$2y$10$Cj0iNhr5UwnsBCjT0kKnG.szPEEwvXA12qHuNzY3QEpGnZM0Rdw2G','customers/3.jpg','1975-03-06','+16579051970',NULL,'2022-03-16 02:41:07','2022-03-16 02:41:48','2022-03-16 09:41:07',NULL,1,'2022-03-16 09:41:48','activated'),(6,'Miss Oceane Bernier','batz.roberta@example.org','$2y$10$b3hjNko2/KIUad81GyBO7uhl76wrp.WIGMZP/EhRTtdUveC0I.L4W','customers/4.jpg','1994-02-28','+18648625533',NULL,'2022-03-16 02:41:08','2022-03-16 02:41:48','2022-03-16 09:41:08',NULL,1,'2022-03-16 09:41:48','activated'),(7,'Prof. Destini Reilly','buckridge.mark@example.net','$2y$10$DWYYkcPgAdV6LZZOf./X3eOEWqkYfXXoLu2HEkPf3W7tKCKmDyKCK','customers/5.jpg','1979-03-06','+19255228879',NULL,'2022-03-16 02:41:08','2022-03-16 02:41:08','2022-03-16 09:41:08',NULL,0,NULL,'activated'),(8,'Jazlyn Renner','sstreich@example.net','$2y$10$qfkouKn3IbRWI1CvtDaAaOikXuDjKF6Pgso3BSzpN28Ogo6SLNLBu','customers/6.jpg','1986-02-28','+19846490797',NULL,'2022-03-16 02:41:08','2022-03-16 02:41:08','2022-03-16 09:41:08',NULL,0,NULL,'activated'),(9,'Ms. Carley Ruecker','konopelski.mariela@example.net','$2y$10$yjS356A2/rEPlLG2f6Otq.s9TUFEecVMmlJr3QsFWhaNDEQsuN6VO','customers/7.jpg','1999-03-09','+13419477609',NULL,'2022-03-16 02:41:08','2022-03-16 02:41:48','2022-03-16 09:41:08',NULL,1,'2022-03-16 09:41:48','activated'),(10,'Dr. Norval Sporer III','qbeatty@example.net','$2y$10$/rsr6Uf/EsgLrRpY2k4kdOlkSZzASbcoSKIYn/K4tHau1YMdkDKkW','customers/8.jpg','1983-02-25','+13417221205',NULL,'2022-03-16 02:41:08','2022-03-16 02:41:49','2022-03-16 09:41:08',NULL,1,'2022-03-16 09:41:49','activated');
/*!40000 ALTER TABLE `ec_customers` ENABLE KEYS */;
UNLOCK TABLES;

--
-- Table structure for table `ec_discount_customers`
--

DROP TABLE IF EXISTS `ec_discount_customers`;
/*!40101 SET @saved_cs_client     = @@character_set_client */;
/*!50503 SET character_set_client = utf8mb4 */;
CREATE TABLE `ec_discount_customers` (
  `discount_id` int unsigned NOT NULL,
  `customer_id` int unsigned NOT NULL,
  PRIMARY KEY (`discount_id`,`customer_id`)
) ENGINE=InnoDB DEFAULT CHARSET=utf8mb4 COLLATE=utf8mb4_unicode_ci;
/*!40101 SET character_set_client = @saved_cs_client */;

--
-- Dumping data for table `ec_discount_customers`
--

LOCK TABLES `ec_discount_customers` WRITE;
/*!40000 ALTER TABLE `ec_discount_customers` DISABLE KEYS */;
/*!40000 ALTER TABLE `ec_discount_customers` ENABLE KEYS */;
UNLOCK TABLES;

--
-- Table structure for table `ec_discount_product_collections`
--

DROP TABLE IF EXISTS `ec_discount_product_collections`;
/*!40101 SET @saved_cs_client     = @@character_set_client */;
/*!50503 SET character_set_client = utf8mb4 */;
CREATE TABLE `ec_discount_product_collections` (
  `discount_id` int unsigned NOT NULL,
  `product_collection_id` int unsigned NOT NULL,
  PRIMARY KEY (`discount_id`,`product_collection_id`)
) ENGINE=InnoDB DEFAULT CHARSET=utf8mb4 COLLATE=utf8mb4_unicode_ci;
/*!40101 SET character_set_client = @saved_cs_client */;

--
-- Dumping data for table `ec_discount_product_collections`
--

LOCK TABLES `ec_discount_product_collections` WRITE;
/*!40000 ALTER TABLE `ec_discount_product_collections` DISABLE KEYS */;
/*!40000 ALTER TABLE `ec_discount_product_collections` ENABLE KEYS */;
UNLOCK TABLES;

--
-- Table structure for table `ec_discount_products`
--

DROP TABLE IF EXISTS `ec_discount_products`;
/*!40101 SET @saved_cs_client     = @@character_set_client */;
/*!50503 SET character_set_client = utf8mb4 */;
CREATE TABLE `ec_discount_products` (
  `discount_id` int unsigned NOT NULL,
  `product_id` int unsigned NOT NULL,
  PRIMARY KEY (`discount_id`,`product_id`)
) ENGINE=InnoDB DEFAULT CHARSET=utf8mb4 COLLATE=utf8mb4_unicode_ci;
/*!40101 SET character_set_client = @saved_cs_client */;

--
-- Dumping data for table `ec_discount_products`
--

LOCK TABLES `ec_discount_products` WRITE;
/*!40000 ALTER TABLE `ec_discount_products` DISABLE KEYS */;
/*!40000 ALTER TABLE `ec_discount_products` ENABLE KEYS */;
UNLOCK TABLES;

--
-- Table structure for table `ec_discounts`
--

DROP TABLE IF EXISTS `ec_discounts`;
/*!40101 SET @saved_cs_client     = @@character_set_client */;
/*!50503 SET character_set_client = utf8mb4 */;
CREATE TABLE `ec_discounts` (
  `id` bigint unsigned NOT NULL AUTO_INCREMENT,
  `title` varchar(120) CHARACTER SET utf8mb4 COLLATE utf8mb4_unicode_ci DEFAULT NULL,
  `code` varchar(20) CHARACTER SET utf8mb4 COLLATE utf8mb4_unicode_ci DEFAULT NULL,
  `start_date` datetime DEFAULT NULL,
  `end_date` datetime DEFAULT NULL,
  `quantity` int DEFAULT NULL,
  `total_used` int unsigned NOT NULL DEFAULT '0',
  `value` double DEFAULT NULL,
  `type` varchar(60) CHARACTER SET utf8mb4 COLLATE utf8mb4_unicode_ci DEFAULT 'coupon',
  `can_use_with_promotion` tinyint(1) NOT NULL DEFAULT '0',
  `discount_on` varchar(20) CHARACTER SET utf8mb4 COLLATE utf8mb4_unicode_ci DEFAULT NULL,
  `product_quantity` int unsigned DEFAULT NULL,
  `type_option` varchar(100) CHARACTER SET utf8mb4 COLLATE utf8mb4_unicode_ci NOT NULL DEFAULT 'amount',
  `target` varchar(100) CHARACTER SET utf8mb4 COLLATE utf8mb4_unicode_ci NOT NULL DEFAULT 'all-orders',
  `min_order_price` decimal(15,2) DEFAULT NULL,
  `created_at` timestamp NULL DEFAULT NULL,
  `updated_at` timestamp NULL DEFAULT NULL,
  `store_id` int unsigned DEFAULT NULL,
  PRIMARY KEY (`id`),
  UNIQUE KEY `ec_discounts_code_unique` (`code`)
) ENGINE=InnoDB DEFAULT CHARSET=utf8mb4 COLLATE=utf8mb4_unicode_ci;
/*!40101 SET character_set_client = @saved_cs_client */;

--
-- Dumping data for table `ec_discounts`
--

LOCK TABLES `ec_discounts` WRITE;
/*!40000 ALTER TABLE `ec_discounts` DISABLE KEYS */;
/*!40000 ALTER TABLE `ec_discounts` ENABLE KEYS */;
UNLOCK TABLES;

--
-- Table structure for table `ec_flash_sale_products`
--

DROP TABLE IF EXISTS `ec_flash_sale_products`;
/*!40101 SET @saved_cs_client     = @@character_set_client */;
/*!50503 SET character_set_client = utf8mb4 */;
CREATE TABLE `ec_flash_sale_products` (
  `flash_sale_id` int unsigned NOT NULL,
  `product_id` int unsigned NOT NULL,
  `price` double unsigned DEFAULT NULL,
  `quantity` int unsigned DEFAULT NULL,
  `sold` int unsigned NOT NULL DEFAULT '0'
) ENGINE=InnoDB DEFAULT CHARSET=utf8mb4 COLLATE=utf8mb4_unicode_ci;
/*!40101 SET character_set_client = @saved_cs_client */;

--
-- Dumping data for table `ec_flash_sale_products`
--

LOCK TABLES `ec_flash_sale_products` WRITE;
/*!40000 ALTER TABLE `ec_flash_sale_products` DISABLE KEYS */;
INSERT INTO `ec_flash_sale_products` VALUES (1,3,166.8,20,4),(2,20,92.0286,18,5),(3,8,86.9,16,2),(4,2,368.8,13,3),(5,7,90.44,8,1),(6,1,239.97,13,4),(6,2,290.43,10,3),(6,3,97.3,17,3),(6,4,47.2104,11,3),(6,5,26,19,3),(6,6,28.08,18,4),(6,7,36.89,9,2),(6,8,38.5125,8,2),(6,9,81.6,20,3),(6,10,204.66,17,2),(6,11,50.6,6,2),(6,12,51.7548,6,5),(6,13,41.14,14,2),(6,14,97.5,9,4),(6,15,71.3,9,5),(6,16,65.1882,18,2),(6,17,82.11,16,4),(6,18,38.4,13,2),(6,19,52.5,11,3),(6,20,70.6266,18,2);
/*!40000 ALTER TABLE `ec_flash_sale_products` ENABLE KEYS */;
UNLOCK TABLES;

--
-- Table structure for table `ec_flash_sales`
--

DROP TABLE IF EXISTS `ec_flash_sales`;
/*!40101 SET @saved_cs_client     = @@character_set_client */;
/*!50503 SET character_set_client = utf8mb4 */;
CREATE TABLE `ec_flash_sales` (
  `id` bigint unsigned NOT NULL AUTO_INCREMENT,
  `name` varchar(255) CHARACTER SET utf8mb4 COLLATE utf8mb4_unicode_ci NOT NULL,
  `end_date` datetime NOT NULL,
  `status` varchar(60) CHARACTER SET utf8mb4 COLLATE utf8mb4_unicode_ci NOT NULL DEFAULT 'published',
  `created_at` timestamp NULL DEFAULT NULL,
  `updated_at` timestamp NULL DEFAULT NULL,
  PRIMARY KEY (`id`)
) ENGINE=InnoDB AUTO_INCREMENT=7 DEFAULT CHARSET=utf8mb4 COLLATE=utf8mb4_unicode_ci;
/*!40101 SET character_set_client = @saved_cs_client */;

--
-- Dumping data for table `ec_flash_sales`
--

LOCK TABLES `ec_flash_sales` WRITE;
/*!40000 ALTER TABLE `ec_flash_sales` DISABLE KEYS */;
INSERT INTO `ec_flash_sales` VALUES (1,'Deal of the Day','2022-05-16 00:00:00','published','2022-04-20 20:19:52','2022-04-20 20:19:52'),(2,'Flash sale 2','2022-05-25 00:00:00','published','2022-04-20 20:19:52','2022-04-20 20:19:52'),(3,'Flash sale 3','2022-06-02 00:00:00','published','2022-04-20 20:19:52','2022-04-20 20:19:52'),(4,'Flash sale 4','2022-05-22 00:00:00','published','2022-04-20 20:19:52','2022-04-20 20:19:52'),(5,'Flash sale 5','2022-05-31 00:00:00','published','2022-04-20 20:19:52','2022-04-20 20:19:52'),(6,'Daily Best Sales','2022-05-21 00:00:00','published','2022-04-20 20:19:52','2022-04-20 20:19:52');
/*!40000 ALTER TABLE `ec_flash_sales` ENABLE KEYS */;
UNLOCK TABLES;

--
-- Table structure for table `ec_flash_sales_translations`
--

DROP TABLE IF EXISTS `ec_flash_sales_translations`;
/*!40101 SET @saved_cs_client     = @@character_set_client */;
/*!50503 SET character_set_client = utf8mb4 */;
CREATE TABLE `ec_flash_sales_translations` (
  `lang_code` varchar(191) CHARACTER SET utf8mb4 COLLATE utf8mb4_unicode_ci NOT NULL,
  `ec_flash_sales_id` int NOT NULL,
  `name` varchar(191) CHARACTER SET utf8mb4 COLLATE utf8mb4_unicode_ci DEFAULT NULL,
  PRIMARY KEY (`lang_code`,`ec_flash_sales_id`)
) ENGINE=InnoDB DEFAULT CHARSET=utf8mb4 COLLATE=utf8mb4_unicode_ci;
/*!40101 SET character_set_client = @saved_cs_client */;

--
-- Dumping data for table `ec_flash_sales_translations`
--

LOCK TABLES `ec_flash_sales_translations` WRITE;
/*!40000 ALTER TABLE `ec_flash_sales_translations` DISABLE KEYS */;
INSERT INTO `ec_flash_sales_translations` VALUES ('vi',1,'Ưu đãi trong ngày'),('vi',2,'Khuyến mãi 2'),('vi',3,'Khuyến mãi 3'),('vi',4,'Khuyến mãi 4'),('vi',5,'Khuyến mãi 5'),('vi',6,'Bán tốt nhất hàng ngày');
/*!40000 ALTER TABLE `ec_flash_sales_translations` ENABLE KEYS */;
UNLOCK TABLES;

--
-- Table structure for table `ec_grouped_products`
--

DROP TABLE IF EXISTS `ec_grouped_products`;
/*!40101 SET @saved_cs_client     = @@character_set_client */;
/*!50503 SET character_set_client = utf8mb4 */;
CREATE TABLE `ec_grouped_products` (
  `id` bigint unsigned NOT NULL AUTO_INCREMENT,
  `parent_product_id` int unsigned NOT NULL,
  `product_id` int unsigned NOT NULL,
  `fixed_qty` int NOT NULL DEFAULT '1',
  PRIMARY KEY (`id`)
) ENGINE=InnoDB DEFAULT CHARSET=utf8mb4 COLLATE=utf8mb4_unicode_ci;
/*!40101 SET character_set_client = @saved_cs_client */;

--
-- Dumping data for table `ec_grouped_products`
--

LOCK TABLES `ec_grouped_products` WRITE;
/*!40000 ALTER TABLE `ec_grouped_products` DISABLE KEYS */;
/*!40000 ALTER TABLE `ec_grouped_products` ENABLE KEYS */;
UNLOCK TABLES;

--
-- Table structure for table `ec_order_addresses`
--

DROP TABLE IF EXISTS `ec_order_addresses`;
/*!40101 SET @saved_cs_client     = @@character_set_client */;
/*!50503 SET character_set_client = utf8mb4 */;
CREATE TABLE `ec_order_addresses` (
  `id` bigint unsigned NOT NULL AUTO_INCREMENT,
  `name` varchar(191) CHARACTER SET utf8mb4 COLLATE utf8mb4_unicode_ci NOT NULL,
  `phone` varchar(20) CHARACTER SET utf8mb4 COLLATE utf8mb4_unicode_ci DEFAULT NULL,
  `email` varchar(191) CHARACTER SET utf8mb4 COLLATE utf8mb4_unicode_ci DEFAULT NULL,
  `country` varchar(120) CHARACTER SET utf8mb4 COLLATE utf8mb4_unicode_ci DEFAULT NULL,
  `state` varchar(120) CHARACTER SET utf8mb4 COLLATE utf8mb4_unicode_ci DEFAULT NULL,
  `city` varchar(120) CHARACTER SET utf8mb4 COLLATE utf8mb4_unicode_ci DEFAULT NULL,
  `address` varchar(255) CHARACTER SET utf8mb4 COLLATE utf8mb4_unicode_ci DEFAULT NULL,
  `order_id` int unsigned NOT NULL,
  `zip_code` varchar(20) CHARACTER SET utf8mb4 COLLATE utf8mb4_unicode_ci DEFAULT NULL,
  PRIMARY KEY (`id`)
) ENGINE=InnoDB AUTO_INCREMENT=51 DEFAULT CHARSET=utf8mb4 COLLATE=utf8mb4_unicode_ci;
/*!40101 SET character_set_client = @saved_cs_client */;

--
-- Dumping data for table `ec_order_addresses`
--

LOCK TABLES `ec_order_addresses` WRITE;
/*!40000 ALTER TABLE `ec_order_addresses` DISABLE KEYS */;
INSERT INTO `ec_order_addresses` VALUES (1,'Prof. Destini Reilly','+16516619823','buckridge.mark@example.net','QA','Florida','South Melvina','380 Juliet Mountains Suite 436',1,'91123'),(2,'Prof. Destini Reilly','+16516619823','buckridge.mark@example.net','QA','Florida','South Melvina','380 Juliet Mountains Suite 436',2,'91123'),(3,'Prof. Destini Reilly','+16516619823','buckridge.mark@example.net','QA','Florida','South Melvina','380 Juliet Mountains Suite 436',3,'91123'),(4,'Prof. Frederik Feil II','+15597811095','yhickle@example.net','IN','Hawaii','South Rosie','791 Fadel Light',4,'61145-4323'),(5,'Prof. Frederik Feil II','+15597811095','yhickle@example.net','IN','Hawaii','South Rosie','791 Fadel Light',5,'61145-4323'),(6,'Prof. Frederik Feil II','+15597811095','yhickle@example.net','IN','Hawaii','South Rosie','791 Fadel Light',6,'61145-4323'),(7,'Mrs. Lucy Crona','+14584419263','ruthe.dibbert@example.org','MS','Wisconsin','Pfannerstillburgh','52933 Beverly Fords Apt. 521',7,'44320-9990'),(8,'Mrs. Lucy Crona','+14584419263','ruthe.dibbert@example.org','MS','Wisconsin','Pfannerstillburgh','52933 Beverly Fords Apt. 521',8,'44320-9990'),(9,'Mrs. Lucy Crona','+14584419263','ruthe.dibbert@example.org','MS','Wisconsin','Pfannerstillburgh','52933 Beverly Fords Apt. 521',9,'44320-9990'),(10,'Prof. Destini Reilly','+16516619823','buckridge.mark@example.net','QA','Florida','South Melvina','380 Juliet Mountains Suite 436',10,'91123'),(11,'Prof. Destini Reilly','+16516619823','buckridge.mark@example.net','QA','Florida','South Melvina','380 Juliet Mountains Suite 436',11,'91123'),(12,'Jazlyn Renner','+17315441164','sstreich@example.net','CK','Colorado','Steubermouth','203 Roberts Loaf Suite 616',12,'31141'),(13,'Jazlyn Renner','+17315441164','sstreich@example.net','CK','Colorado','Steubermouth','203 Roberts Loaf Suite 616',13,'31141'),(14,'Jazlyn Renner','+17315441164','sstreich@example.net','CK','Colorado','Steubermouth','203 Roberts Loaf Suite 616',14,'31141'),(15,'Prof. Frederik Feil II','+15597811095','yhickle@example.net','IN','Hawaii','South Rosie','791 Fadel Light',15,'61145-4323'),(16,'Prof. Frederik Feil II','+15597811095','yhickle@example.net','IN','Hawaii','South Rosie','791 Fadel Light',16,'61145-4323'),(17,'Prof. Frederik Feil II','+15597811095','yhickle@example.net','IN','Hawaii','South Rosie','791 Fadel Light',17,'61145-4323'),(18,'Mrs. Lucy Crona','+14584419263','ruthe.dibbert@example.org','MS','Wisconsin','Pfannerstillburgh','52933 Beverly Fords Apt. 521',18,'44320-9990'),(19,'Mrs. Lucy Crona','+14584419263','ruthe.dibbert@example.org','MS','Wisconsin','Pfannerstillburgh','52933 Beverly Fords Apt. 521',19,'44320-9990'),(20,'Mrs. Lucy Crona','+14584419263','ruthe.dibbert@example.org','MS','Wisconsin','Pfannerstillburgh','52933 Beverly Fords Apt. 521',20,'44320-9990'),(21,'Caleigh Johns','+16629987978','customer@botble.com','GI','Tennessee','Lake Brandifort','9515 Veum Garden Apt. 907',21,'40401-8047'),(22,'Caleigh Johns','+16629987978','customer@botble.com','GI','Tennessee','Lake Brandifort','9515 Veum Garden Apt. 907',22,'40401-8047'),(23,'Caleigh Johns','+16629987978','customer@botble.com','GI','Tennessee','Lake Brandifort','9515 Veum Garden Apt. 907',23,'40401-8047'),(24,'Prof. Frederik Feil II','+15597811095','yhickle@example.net','IN','Hawaii','South Rosie','791 Fadel Light',24,'61145-4323'),(25,'Prof. Frederik Feil II','+15597811095','yhickle@example.net','IN','Hawaii','South Rosie','791 Fadel Light',25,'61145-4323'),(26,'Jazlyn Renner','+17315441164','sstreich@example.net','CK','Colorado','Steubermouth','203 Roberts Loaf Suite 616',26,'31141'),(27,'Jazlyn Renner','+17315441164','sstreich@example.net','CK','Colorado','Steubermouth','203 Roberts Loaf Suite 616',27,'31141'),(28,'Jazlyn Renner','+17315441164','sstreich@example.net','CK','Colorado','Steubermouth','203 Roberts Loaf Suite 616',28,'31141'),(29,'Prof. Destini Reilly','+16516619823','buckridge.mark@example.net','QA','Florida','South Melvina','380 Juliet Mountains Suite 436',29,'91123'),(30,'Prof. Destini Reilly','+16516619823','buckridge.mark@example.net','QA','Florida','South Melvina','380 Juliet Mountains Suite 436',30,'91123'),(31,'Prof. Frederik Feil II','+15597811095','yhickle@example.net','IN','Hawaii','South Rosie','791 Fadel Light',31,'61145-4323'),(32,'Prof. Frederik Feil II','+15597811095','yhickle@example.net','IN','Hawaii','South Rosie','791 Fadel Light',32,'61145-4323'),(33,'Prof. Frederik Feil II','+15597811095','yhickle@example.net','IN','Hawaii','South Rosie','791 Fadel Light',33,'61145-4323'),(34,'Mrs. Lucy Crona','+14584419263','ruthe.dibbert@example.org','MS','Wisconsin','Pfannerstillburgh','52933 Beverly Fords Apt. 521',34,'44320-9990'),(35,'Mrs. Lucy Crona','+14584419263','ruthe.dibbert@example.org','MS','Wisconsin','Pfannerstillburgh','52933 Beverly Fords Apt. 521',35,'44320-9990'),(36,'Prof. Destini Reilly','+16516619823','buckridge.mark@example.net','QA','Florida','South Melvina','380 Juliet Mountains Suite 436',36,'91123'),(37,'Prof. Destini Reilly','+16516619823','buckridge.mark@example.net','QA','Florida','South Melvina','380 Juliet Mountains Suite 436',37,'91123'),(38,'Prof. Destini Reilly','+16516619823','buckridge.mark@example.net','QA','Florida','South Melvina','380 Juliet Mountains Suite 436',38,'91123'),(39,'Jazlyn Renner','+17315441164','sstreich@example.net','CK','Colorado','Steubermouth','203 Roberts Loaf Suite 616',39,'31141'),(40,'Jazlyn Renner','+17315441164','sstreich@example.net','CK','Colorado','Steubermouth','203 Roberts Loaf Suite 616',40,'31141'),(41,'Jazlyn Renner','+17315441164','sstreich@example.net','CK','Colorado','Steubermouth','203 Roberts Loaf Suite 616',41,'31141'),(42,'Prof. Destini Reilly','+16516619823','buckridge.mark@example.net','QA','Florida','South Melvina','380 Juliet Mountains Suite 436',42,'91123'),(43,'Prof. Destini Reilly','+16516619823','buckridge.mark@example.net','QA','Florida','South Melvina','380 Juliet Mountains Suite 436',43,'91123'),(44,'Jazlyn Renner','+17315441164','sstreich@example.net','CK','Colorado','Steubermouth','203 Roberts Loaf Suite 616',44,'31141'),(45,'Jazlyn Renner','+17315441164','sstreich@example.net','CK','Colorado','Steubermouth','203 Roberts Loaf Suite 616',45,'31141'),(46,'Jazlyn Renner','+17315441164','sstreich@example.net','CK','Colorado','Steubermouth','203 Roberts Loaf Suite 616',46,'31141'),(47,'Caleigh Johns','+16629987978','customer@botble.com','GI','Tennessee','Lake Brandifort','9515 Veum Garden Apt. 907',47,'40401-8047'),(48,'Caleigh Johns','+16629987978','customer@botble.com','GI','Tennessee','Lake Brandifort','9515 Veum Garden Apt. 907',48,'40401-8047'),(49,'Prof. Frederik Feil II','+15597811095','yhickle@example.net','IN','Hawaii','South Rosie','791 Fadel Light',49,'61145-4323'),(50,'Mrs. Lucy Crona','+14584419263','ruthe.dibbert@example.org','MS','Wisconsin','Pfannerstillburgh','52933 Beverly Fords Apt. 521',50,'44320-9990');
/*!40000 ALTER TABLE `ec_order_addresses` ENABLE KEYS */;
UNLOCK TABLES;

--
-- Table structure for table `ec_order_histories`
--

DROP TABLE IF EXISTS `ec_order_histories`;
/*!40101 SET @saved_cs_client     = @@character_set_client */;
/*!50503 SET character_set_client = utf8mb4 */;
CREATE TABLE `ec_order_histories` (
  `id` bigint unsigned NOT NULL AUTO_INCREMENT,
  `action` varchar(120) CHARACTER SET utf8mb4 COLLATE utf8mb4_unicode_ci NOT NULL,
  `description` varchar(255) CHARACTER SET utf8mb4 COLLATE utf8mb4_unicode_ci NOT NULL,
  `user_id` int unsigned DEFAULT NULL,
  `order_id` int unsigned NOT NULL,
  `extras` text CHARACTER SET utf8mb4 COLLATE utf8mb4_unicode_ci,
  `created_at` timestamp NULL DEFAULT NULL,
  `updated_at` timestamp NULL DEFAULT NULL,
  PRIMARY KEY (`id`)
) ENGINE=InnoDB AUTO_INCREMENT=230 DEFAULT CHARSET=utf8mb4 COLLATE=utf8mb4_unicode_ci;
/*!40101 SET character_set_client = @saved_cs_client */;

--
-- Dumping data for table `ec_order_histories`
--

LOCK TABLES `ec_order_histories` WRITE;
/*!40000 ALTER TABLE `ec_order_histories` DISABLE KEYS */;
INSERT INTO `ec_order_histories` VALUES (1,'create_order_from_seeder','Order is created from the checkout page',NULL,1,NULL,'2022-04-05 20:19:54','2022-04-05 20:19:54'),(2,'confirm_order','Order was verified by %user_name%',0,1,NULL,'2022-04-05 20:19:54','2022-04-05 20:19:54'),(3,'confirm_payment','Payment was confirmed (amount $1,798.00) by %user_name%',0,1,NULL,'2022-04-20 20:19:54','2022-04-20 20:19:54'),(4,'create_shipment','Created shipment for order',0,1,NULL,'2022-04-20 20:19:54','2022-04-20 20:19:54'),(5,'update_status','Changed status of shipping to : Delivered . Updated by: %user_name%',0,1,NULL,'2022-04-20 20:19:54','2022-04-20 20:19:54'),(6,'create_order_from_seeder','Order is created from the checkout page',NULL,2,NULL,'2022-04-19 04:19:54','2022-04-19 04:19:54'),(7,'confirm_order','Order was verified by %user_name%',0,2,NULL,'2022-04-19 04:19:54','2022-04-19 04:19:54'),(8,'confirm_payment','Payment was confirmed (amount $59.40) by %user_name%',0,2,NULL,'2022-04-20 20:19:54','2022-04-20 20:19:54'),(9,'create_shipment','Created shipment for order',0,2,NULL,'2022-04-20 20:19:54','2022-04-20 20:19:54'),(10,'create_order_from_seeder','Order is created from the checkout page',NULL,3,NULL,'2022-04-15 20:19:54','2022-04-15 20:19:54'),(11,'confirm_order','Order was verified by %user_name%',0,3,NULL,'2022-04-15 20:19:54','2022-04-15 20:19:54'),(12,'create_shipment','Created shipment for order',0,3,NULL,'2022-04-20 20:19:54','2022-04-20 20:19:54'),(13,'create_order_from_seeder','Order is created from the checkout page',NULL,4,NULL,'2022-04-11 08:19:54','2022-04-11 08:19:54'),(14,'confirm_order','Order was verified by %user_name%',0,4,NULL,'2022-04-11 08:19:54','2022-04-11 08:19:54'),(15,'confirm_payment','Payment was confirmed (amount $172.80) by %user_name%',0,4,NULL,'2022-04-20 20:19:54','2022-04-20 20:19:54'),(16,'create_shipment','Created shipment for order',0,4,NULL,'2022-04-20 20:19:54','2022-04-20 20:19:54'),(17,'update_status','Changed status of shipping to : Delivered . Updated by: %user_name%',0,4,NULL,'2022-04-20 20:19:54','2022-04-20 20:19:54'),(18,'create_order_from_seeder','Order is created from the checkout page',NULL,5,NULL,'2022-04-08 04:19:54','2022-04-08 04:19:54'),(19,'confirm_order','Order was verified by %user_name%',0,5,NULL,'2022-04-08 04:19:54','2022-04-08 04:19:54'),(20,'confirm_payment','Payment was confirmed (amount $381.30) by %user_name%',0,5,NULL,'2022-04-20 20:19:54','2022-04-20 20:19:54'),(21,'create_shipment','Created shipment for order',0,5,NULL,'2022-04-20 20:19:54','2022-04-20 20:19:54'),(22,'create_order_from_seeder','Order is created from the checkout page',NULL,6,NULL,'2022-04-16 02:19:54','2022-04-16 02:19:54'),(23,'confirm_order','Order was verified by %user_name%',0,6,NULL,'2022-04-16 02:19:54','2022-04-16 02:19:54'),(24,'confirm_payment','Payment was confirmed (amount $237.30) by %user_name%',0,6,NULL,'2022-04-20 20:19:54','2022-04-20 20:19:54'),(25,'create_shipment','Created shipment for order',0,6,NULL,'2022-04-20 20:19:54','2022-04-20 20:19:54'),(26,'update_status','Changed status of shipping to : Delivered . Updated by: %user_name%',0,6,NULL,'2022-04-20 20:19:54','2022-04-20 20:19:54'),(27,'create_order_from_seeder','Order is created from the checkout page',NULL,7,NULL,'2022-04-17 20:19:54','2022-04-17 20:19:54'),(28,'confirm_order','Order was verified by %user_name%',0,7,NULL,'2022-04-17 20:19:54','2022-04-17 20:19:54'),(29,'confirm_payment','Payment was confirmed (amount $365.80) by %user_name%',0,7,NULL,'2022-04-20 20:19:54','2022-04-20 20:19:54'),(30,'create_shipment','Created shipment for order',0,7,NULL,'2022-04-20 20:19:54','2022-04-20 20:19:54'),(31,'update_status','Changed status of shipping to : Delivered . Updated by: %user_name%',0,7,NULL,'2022-04-20 20:19:54','2022-04-20 20:19:54'),(32,'create_order_from_seeder','Order is created from the checkout page',NULL,8,NULL,'2022-04-19 08:19:54','2022-04-19 08:19:54'),(33,'confirm_order','Order was verified by %user_name%',0,8,NULL,'2022-04-19 08:19:54','2022-04-19 08:19:54'),(34,'confirm_payment','Payment was confirmed (amount $262.50) by %user_name%',0,8,NULL,'2022-04-20 20:19:54','2022-04-20 20:19:54'),(35,'create_shipment','Created shipment for order',0,8,NULL,'2022-04-20 20:19:54','2022-04-20 20:19:54'),(36,'update_status','Changed status of shipping to : Delivered . Updated by: %user_name%',0,8,NULL,'2022-04-20 20:19:54','2022-04-20 20:19:54'),(37,'create_order_from_seeder','Order is created from the checkout page',NULL,9,NULL,'2022-04-05 20:19:54','2022-04-05 20:19:54'),(38,'confirm_order','Order was verified by %user_name%',0,9,NULL,'2022-04-05 20:19:54','2022-04-05 20:19:54'),(39,'confirm_payment','Payment was confirmed (amount $262.50) by %user_name%',0,9,NULL,'2022-04-20 20:19:54','2022-04-20 20:19:54'),(40,'create_shipment','Created shipment for order',0,9,NULL,'2022-04-20 20:19:54','2022-04-20 20:19:54'),(41,'create_order_from_seeder','Order is created from the checkout page',NULL,10,NULL,'2022-04-16 14:19:54','2022-04-16 14:19:54'),(42,'confirm_order','Order was verified by %user_name%',0,10,NULL,'2022-04-16 14:19:54','2022-04-16 14:19:54'),(43,'create_shipment','Created shipment for order',0,10,NULL,'2022-04-20 20:19:54','2022-04-20 20:19:54'),(44,'create_order_from_seeder','Order is created from the checkout page',NULL,11,NULL,'2022-04-10 22:19:54','2022-04-10 22:19:54'),(45,'confirm_order','Order was verified by %user_name%',0,11,NULL,'2022-04-10 22:19:54','2022-04-10 22:19:54'),(46,'confirm_payment','Payment was confirmed (amount $137.50) by %user_name%',0,11,NULL,'2022-04-20 20:19:54','2022-04-20 20:19:54'),(47,'create_shipment','Created shipment for order',0,11,NULL,'2022-04-20 20:19:54','2022-04-20 20:19:54'),(48,'update_status','Changed status of shipping to : Delivered . Updated by: %user_name%',0,11,NULL,'2022-04-20 20:19:54','2022-04-20 20:19:54'),(49,'create_order_from_seeder','Order is created from the checkout page',NULL,12,NULL,'2022-04-11 12:19:54','2022-04-11 12:19:54'),(50,'confirm_order','Order was verified by %user_name%',0,12,NULL,'2022-04-11 12:19:54','2022-04-11 12:19:54'),(51,'create_shipment','Created shipment for order',0,12,NULL,'2022-04-20 20:19:54','2022-04-20 20:19:54'),(52,'create_order_from_seeder','Order is created from the checkout page',NULL,13,NULL,'2022-04-19 12:19:54','2022-04-19 12:19:54'),(53,'confirm_order','Order was verified by %user_name%',0,13,NULL,'2022-04-19 12:19:54','2022-04-19 12:19:54'),(54,'confirm_payment','Payment was confirmed (amount $583.80) by %user_name%',0,13,NULL,'2022-04-20 20:19:54','2022-04-20 20:19:54'),(55,'create_shipment','Created shipment for order',0,13,NULL,'2022-04-20 20:19:54','2022-04-20 20:19:54'),(56,'update_status','Changed status of shipping to : Delivered . Updated by: %user_name%',0,13,NULL,'2022-04-20 20:19:54','2022-04-20 20:19:54'),(57,'create_order_from_seeder','Order is created from the checkout page',NULL,14,NULL,'2022-04-19 12:19:54','2022-04-19 12:19:54'),(58,'confirm_order','Order was verified by %user_name%',0,14,NULL,'2022-04-19 12:19:54','2022-04-19 12:19:54'),(59,'confirm_payment','Payment was confirmed (amount $685.70) by %user_name%',0,14,NULL,'2022-04-20 20:19:54','2022-04-20 20:19:54'),(60,'create_shipment','Created shipment for order',0,14,NULL,'2022-04-20 20:19:54','2022-04-20 20:19:54'),(61,'update_status','Changed status of shipping to : Delivered . Updated by: %user_name%',0,14,NULL,'2022-04-20 20:19:54','2022-04-20 20:19:54'),(62,'create_order_from_seeder','Order is created from the checkout page',NULL,15,NULL,'2022-04-13 08:19:54','2022-04-13 08:19:54'),(63,'confirm_order','Order was verified by %user_name%',0,15,NULL,'2022-04-13 08:19:54','2022-04-13 08:19:54'),(64,'create_shipment','Created shipment for order',0,15,NULL,'2022-04-20 20:19:54','2022-04-20 20:19:54'),(65,'create_order_from_seeder','Order is created from the checkout page',NULL,16,NULL,'2022-04-15 20:19:54','2022-04-15 20:19:54'),(66,'confirm_order','Order was verified by %user_name%',0,16,NULL,'2022-04-15 20:19:54','2022-04-15 20:19:54'),(67,'confirm_payment','Payment was confirmed (amount $372.00) by %user_name%',0,16,NULL,'2022-04-20 20:19:54','2022-04-20 20:19:54'),(68,'create_shipment','Created shipment for order',0,16,NULL,'2022-04-20 20:19:54','2022-04-20 20:19:54'),(69,'create_order_from_seeder','Order is created from the checkout page',NULL,17,NULL,'2022-04-19 14:19:54','2022-04-19 14:19:54'),(70,'confirm_order','Order was verified by %user_name%',0,17,NULL,'2022-04-19 14:19:54','2022-04-19 14:19:54'),(71,'confirm_payment','Payment was confirmed (amount $356.50) by %user_name%',0,17,NULL,'2022-04-20 20:19:54','2022-04-20 20:19:54'),(72,'create_shipment','Created shipment for order',0,17,NULL,'2022-04-20 20:19:54','2022-04-20 20:19:54'),(73,'create_order_from_seeder','Order is created from the checkout page',NULL,18,NULL,'2022-04-15 00:19:54','2022-04-15 00:19:54'),(74,'confirm_order','Order was verified by %user_name%',0,18,NULL,'2022-04-15 00:19:54','2022-04-15 00:19:54'),(75,'create_shipment','Created shipment for order',0,18,NULL,'2022-04-20 20:19:54','2022-04-20 20:19:54'),(76,'create_order_from_seeder','Order is created from the checkout page',NULL,19,NULL,'2022-04-17 08:19:54','2022-04-17 08:19:54'),(77,'confirm_order','Order was verified by %user_name%',0,19,NULL,'2022-04-17 08:19:54','2022-04-17 08:19:54'),(78,'confirm_payment','Payment was confirmed (amount $341.00) by %user_name%',0,19,NULL,'2022-04-20 20:19:54','2022-04-20 20:19:54'),(79,'create_shipment','Created shipment for order',0,19,NULL,'2022-04-20 20:19:54','2022-04-20 20:19:54'),(80,'create_order_from_seeder','Order is created from the checkout page',NULL,20,NULL,'2022-04-10 08:19:54','2022-04-10 08:19:54'),(81,'confirm_order','Order was verified by %user_name%',0,20,NULL,'2022-04-10 08:19:54','2022-04-10 08:19:54'),(82,'confirm_payment','Payment was confirmed (amount $273.00) by %user_name%',0,20,NULL,'2022-04-20 20:19:54','2022-04-20 20:19:54'),(83,'create_shipment','Created shipment for order',0,20,NULL,'2022-04-20 20:19:54','2022-04-20 20:19:54'),(84,'create_order_from_seeder','Order is created from the checkout page',NULL,21,NULL,'2022-04-17 14:19:54','2022-04-17 14:19:54'),(85,'confirm_order','Order was verified by %user_name%',0,21,NULL,'2022-04-17 14:19:54','2022-04-17 14:19:54'),(86,'confirm_payment','Payment was confirmed (amount $520.60) by %user_name%',0,21,NULL,'2022-04-20 20:19:54','2022-04-20 20:19:54'),(87,'create_shipment','Created shipment for order',0,21,NULL,'2022-04-20 20:19:54','2022-04-20 20:19:54'),(88,'create_order_from_seeder','Order is created from the checkout page',NULL,22,NULL,'2022-04-14 08:19:54','2022-04-14 08:19:54'),(89,'confirm_order','Order was verified by %user_name%',0,22,NULL,'2022-04-14 08:19:54','2022-04-14 08:19:54'),(90,'confirm_payment','Payment was confirmed (amount $262.50) by %user_name%',0,22,NULL,'2022-04-20 20:19:54','2022-04-20 20:19:54'),(91,'create_shipment','Created shipment for order',0,22,NULL,'2022-04-20 20:19:54','2022-04-20 20:19:54'),(92,'update_status','Changed status of shipping to : Delivered . Updated by: %user_name%',0,22,NULL,'2022-04-20 20:19:54','2022-04-20 20:19:54'),(93,'create_order_from_seeder','Order is created from the checkout page',NULL,23,NULL,'2022-04-10 00:19:54','2022-04-10 00:19:54'),(94,'confirm_order','Order was verified by %user_name%',0,23,NULL,'2022-04-10 00:19:54','2022-04-10 00:19:54'),(95,'confirm_payment','Payment was confirmed (amount $356.50) by %user_name%',0,23,NULL,'2022-04-20 20:19:54','2022-04-20 20:19:54'),(96,'create_shipment','Created shipment for order',0,23,NULL,'2022-04-20 20:19:54','2022-04-20 20:19:54'),(97,'create_order_from_seeder','Order is created from the checkout page',NULL,24,NULL,'2022-04-14 20:19:54','2022-04-14 20:19:54'),(98,'confirm_order','Order was verified by %user_name%',0,24,NULL,'2022-04-14 20:19:54','2022-04-14 20:19:54'),(99,'create_shipment','Created shipment for order',0,24,NULL,'2022-04-20 20:19:54','2022-04-20 20:19:54'),(100,'update_status','Changed status of shipping to : Delivered . Updated by: %user_name%',0,24,NULL,'2022-04-20 20:19:54','2022-04-20 20:19:54'),(101,'create_order_from_seeder','Order is created from the checkout page',NULL,25,NULL,'2022-04-13 20:19:54','2022-04-13 20:19:54'),(102,'confirm_order','Order was verified by %user_name%',0,25,NULL,'2022-04-13 20:19:54','2022-04-13 20:19:54'),(103,'confirm_payment','Payment was confirmed (amount $140.80) by %user_name%',0,25,NULL,'2022-04-20 20:19:54','2022-04-20 20:19:54'),(104,'create_shipment','Created shipment for order',0,25,NULL,'2022-04-20 20:19:54','2022-04-20 20:19:54'),(105,'update_status','Changed status of shipping to : Delivered . Updated by: %user_name%',0,25,NULL,'2022-04-20 20:19:54','2022-04-20 20:19:54'),(106,'create_order_from_seeder','Order is created from the checkout page',NULL,26,NULL,'2022-04-18 02:19:54','2022-04-18 02:19:54'),(107,'confirm_order','Order was verified by %user_name%',0,26,NULL,'2022-04-18 02:19:54','2022-04-18 02:19:54'),(108,'confirm_payment','Payment was confirmed (amount $79.20) by %user_name%',0,26,NULL,'2022-04-20 20:19:54','2022-04-20 20:19:54'),(109,'create_shipment','Created shipment for order',0,26,NULL,'2022-04-20 20:19:54','2022-04-20 20:19:54'),(110,'update_status','Changed status of shipping to : Delivered . Updated by: %user_name%',0,26,NULL,'2022-04-20 20:19:54','2022-04-20 20:19:54'),(111,'create_order_from_seeder','Order is created from the checkout page',NULL,27,NULL,'2022-04-19 22:19:54','2022-04-19 22:19:54'),(112,'confirm_order','Order was verified by %user_name%',0,27,NULL,'2022-04-19 22:19:54','2022-04-19 22:19:54'),(113,'confirm_payment','Payment was confirmed (amount $247.80) by %user_name%',0,27,NULL,'2022-04-20 20:19:54','2022-04-20 20:19:54'),(114,'create_shipment','Created shipment for order',0,27,NULL,'2022-04-20 20:19:54','2022-04-20 20:19:54'),(115,'create_order_from_seeder','Order is created from the checkout page',NULL,28,NULL,'2022-04-17 04:19:54','2022-04-17 04:19:54'),(116,'confirm_order','Order was verified by %user_name%',0,28,NULL,'2022-04-17 04:19:54','2022-04-17 04:19:54'),(117,'confirm_payment','Payment was confirmed (amount $126.50) by %user_name%',0,28,NULL,'2022-04-20 20:19:54','2022-04-20 20:19:54'),(118,'create_shipment','Created shipment for order',0,28,NULL,'2022-04-20 20:19:55','2022-04-20 20:19:55'),(119,'create_order_from_seeder','Order is created from the checkout page',NULL,29,NULL,'2022-04-20 00:19:55','2022-04-20 00:19:55'),(120,'confirm_order','Order was verified by %user_name%',0,29,NULL,'2022-04-20 00:19:55','2022-04-20 00:19:55'),(121,'confirm_payment','Payment was confirmed (amount $130.90) by %user_name%',0,29,NULL,'2022-04-20 20:19:55','2022-04-20 20:19:55'),(122,'create_shipment','Created shipment for order',0,29,NULL,'2022-04-20 20:19:55','2022-04-20 20:19:55'),(123,'update_status','Changed status of shipping to : Delivered . Updated by: %user_name%',0,29,NULL,'2022-04-20 20:19:55','2022-04-20 20:19:55'),(124,'create_order_from_seeder','Order is created from the checkout page',NULL,30,NULL,'2022-04-16 16:19:55','2022-04-16 16:19:55'),(125,'confirm_order','Order was verified by %user_name%',0,30,NULL,'2022-04-16 16:19:55','2022-04-16 16:19:55'),(126,'create_shipment','Created shipment for order',0,30,NULL,'2022-04-20 20:19:55','2022-04-20 20:19:55'),(127,'create_order_from_seeder','Order is created from the checkout page',NULL,31,NULL,'2022-04-17 20:19:55','2022-04-17 20:19:55'),(128,'confirm_order','Order was verified by %user_name%',0,31,NULL,'2022-04-17 20:19:55','2022-04-17 20:19:55'),(129,'confirm_payment','Payment was confirmed (amount $1,305.10) by %user_name%',0,31,NULL,'2022-04-20 20:19:55','2022-04-20 20:19:55'),(130,'create_shipment','Created shipment for order',0,31,NULL,'2022-04-20 20:19:55','2022-04-20 20:19:55'),(131,'update_status','Changed status of shipping to : Delivered . Updated by: %user_name%',0,31,NULL,'2022-04-20 20:19:55','2022-04-20 20:19:55'),(132,'create_order_from_seeder','Order is created from the checkout page',NULL,32,NULL,'2022-04-16 08:19:55','2022-04-16 08:19:55'),(133,'confirm_order','Order was verified by %user_name%',0,32,NULL,'2022-04-16 08:19:55','2022-04-16 08:19:55'),(134,'confirm_payment','Payment was confirmed (amount $223.20) by %user_name%',0,32,NULL,'2022-04-20 20:19:55','2022-04-20 20:19:55'),(135,'create_shipment','Created shipment for order',0,32,NULL,'2022-04-20 20:19:55','2022-04-20 20:19:55'),(136,'create_order_from_seeder','Order is created from the checkout page',NULL,33,NULL,'2022-04-13 08:19:55','2022-04-13 08:19:55'),(137,'confirm_order','Order was verified by %user_name%',0,33,NULL,'2022-04-13 08:19:55','2022-04-13 08:19:55'),(138,'create_shipment','Created shipment for order',0,33,NULL,'2022-04-20 20:19:55','2022-04-20 20:19:55'),(139,'create_order_from_seeder','Order is created from the checkout page',NULL,34,NULL,'2022-04-18 20:19:55','2022-04-18 20:19:55'),(140,'confirm_order','Order was verified by %user_name%',0,34,NULL,'2022-04-18 20:19:55','2022-04-18 20:19:55'),(141,'confirm_payment','Payment was confirmed (amount $1,306.90) by %user_name%',0,34,NULL,'2022-04-20 20:19:55','2022-04-20 20:19:55'),(142,'create_shipment','Created shipment for order',0,34,NULL,'2022-04-20 20:19:55','2022-04-20 20:19:55'),(143,'update_status','Changed status of shipping to : Delivered . Updated by: %user_name%',0,34,NULL,'2022-04-20 20:19:55','2022-04-20 20:19:55'),(144,'create_order_from_seeder','Order is created from the checkout page',NULL,35,NULL,'2022-04-15 12:19:56','2022-04-15 12:19:56'),(145,'confirm_order','Order was verified by %user_name%',0,35,NULL,'2022-04-15 12:19:56','2022-04-15 12:19:56'),(146,'create_shipment','Created shipment for order',0,35,NULL,'2022-04-20 20:19:56','2022-04-20 20:19:56'),(147,'create_order_from_seeder','Order is created from the checkout page',NULL,36,NULL,'2022-04-20 06:19:56','2022-04-20 06:19:56'),(148,'confirm_order','Order was verified by %user_name%',0,36,NULL,'2022-04-20 06:19:56','2022-04-20 06:19:56'),(149,'confirm_payment','Payment was confirmed (amount $151.20) by %user_name%',0,36,NULL,'2022-04-20 20:19:56','2022-04-20 20:19:56'),(150,'create_shipment','Created shipment for order',0,36,NULL,'2022-04-20 20:19:56','2022-04-20 20:19:56'),(151,'update_status','Changed status of shipping to : Delivered . Updated by: %user_name%',0,36,NULL,'2022-04-20 20:19:56','2022-04-20 20:19:56'),(152,'create_order_from_seeder','Order is created from the checkout page',NULL,37,NULL,'2022-04-17 22:19:56','2022-04-17 22:19:56'),(153,'confirm_order','Order was verified by %user_name%',0,37,NULL,'2022-04-17 22:19:56','2022-04-17 22:19:56'),(154,'confirm_payment','Payment was confirmed (amount $465.30) by %user_name%',0,37,NULL,'2022-04-20 20:19:56','2022-04-20 20:19:56'),(155,'create_shipment','Created shipment for order',0,37,NULL,'2022-04-20 20:19:56','2022-04-20 20:19:56'),(156,'create_order_from_seeder','Order is created from the checkout page',NULL,38,NULL,'2022-04-16 18:19:56','2022-04-16 18:19:56'),(157,'confirm_order','Order was verified by %user_name%',0,38,NULL,'2022-04-16 18:19:56','2022-04-16 18:19:56'),(158,'confirm_payment','Payment was confirmed (amount $130.90) by %user_name%',0,38,NULL,'2022-04-20 20:19:56','2022-04-20 20:19:56'),(159,'create_shipment','Created shipment for order',0,38,NULL,'2022-04-20 20:19:56','2022-04-20 20:19:56'),(160,'update_status','Changed status of shipping to : Delivered . Updated by: %user_name%',0,38,NULL,'2022-04-20 20:19:56','2022-04-20 20:19:56'),(161,'create_order_from_seeder','Order is created from the checkout page',NULL,39,NULL,'2022-04-15 20:19:56','2022-04-15 20:19:56'),(162,'confirm_order','Order was verified by %user_name%',0,39,NULL,'2022-04-15 20:19:56','2022-04-15 20:19:56'),(163,'confirm_payment','Payment was confirmed (amount $691.30) by %user_name%',0,39,NULL,'2022-04-20 20:19:56','2022-04-20 20:19:56'),(164,'create_shipment','Created shipment for order',0,39,NULL,'2022-04-20 20:19:56','2022-04-20 20:19:56'),(165,'update_status','Changed status of shipping to : Delivered . Updated by: %user_name%',0,39,NULL,'2022-04-20 20:19:56','2022-04-20 20:19:56'),(166,'create_order_from_seeder','Order is created from the checkout page',NULL,40,NULL,'2022-04-17 08:19:56','2022-04-17 08:19:56'),(167,'confirm_order','Order was verified by %user_name%',0,40,NULL,'2022-04-17 08:19:56','2022-04-17 08:19:56'),(168,'create_shipment','Created shipment for order',0,40,NULL,'2022-04-20 20:19:56','2022-04-20 20:19:56'),(169,'update_status','Changed status of shipping to : Delivered . Updated by: %user_name%',0,40,NULL,'2022-04-20 20:19:56','2022-04-20 20:19:56'),(170,'create_order_from_seeder','Order is created from the checkout page',NULL,41,NULL,'2022-04-19 20:19:56','2022-04-19 20:19:56'),(171,'confirm_order','Order was verified by %user_name%',0,41,NULL,'2022-04-19 20:19:56','2022-04-19 20:19:56'),(172,'create_shipment','Created shipment for order',0,41,NULL,'2022-04-20 20:19:56','2022-04-20 20:19:56'),(173,'create_order_from_seeder','Order is created from the checkout page',NULL,42,NULL,'2022-04-18 08:19:56','2022-04-18 08:19:56'),(174,'confirm_order','Order was verified by %user_name%',0,42,NULL,'2022-04-18 08:19:56','2022-04-18 08:19:56'),(175,'confirm_payment','Payment was confirmed (amount $223.20) by %user_name%',0,42,NULL,'2022-04-20 20:19:56','2022-04-20 20:19:56'),(176,'create_shipment','Created shipment for order',0,42,NULL,'2022-04-20 20:19:56','2022-04-20 20:19:56'),(177,'update_status','Changed status of shipping to : Delivered . Updated by: %user_name%',0,42,NULL,'2022-04-20 20:19:56','2022-04-20 20:19:56'),(178,'create_order_from_seeder','Order is created from the checkout page',NULL,43,NULL,'2022-04-17 12:19:56','2022-04-17 12:19:56'),(179,'confirm_order','Order was verified by %user_name%',0,43,NULL,'2022-04-17 12:19:56','2022-04-17 12:19:56'),(180,'create_shipment','Created shipment for order',0,43,NULL,'2022-04-20 20:19:56','2022-04-20 20:19:56'),(181,'create_order_from_seeder','Order is created from the checkout page',NULL,44,NULL,'2022-04-17 20:19:56','2022-04-17 20:19:56'),(182,'confirm_order','Order was verified by %user_name%',0,44,NULL,'2022-04-17 20:19:56','2022-04-17 20:19:56'),(183,'confirm_payment','Payment was confirmed (amount $223.20) by %user_name%',0,44,NULL,'2022-04-20 20:19:56','2022-04-20 20:19:56'),(184,'create_shipment','Created shipment for order',0,44,NULL,'2022-04-20 20:19:56','2022-04-20 20:19:56'),(185,'update_status','Changed status of shipping to : Delivered . Updated by: %user_name%',0,44,NULL,'2022-04-20 20:19:56','2022-04-20 20:19:56'),(186,'create_order_from_seeder','Order is created from the checkout page',NULL,45,NULL,'2022-04-17 20:19:56','2022-04-17 20:19:56'),(187,'confirm_order','Order was verified by %user_name%',0,45,NULL,'2022-04-17 20:19:56','2022-04-17 20:19:56'),(188,'confirm_payment','Payment was confirmed (amount $132.00) by %user_name%',0,45,NULL,'2022-04-20 20:19:56','2022-04-20 20:19:56'),(189,'create_shipment','Created shipment for order',0,45,NULL,'2022-04-20 20:19:56','2022-04-20 20:19:56'),(190,'create_order_from_seeder','Order is created from the checkout page',NULL,46,NULL,'2022-04-20 04:19:56','2022-04-20 04:19:56'),(191,'confirm_order','Order was verified by %user_name%',0,46,NULL,'2022-04-20 04:19:56','2022-04-20 04:19:56'),(192,'create_shipment','Created shipment for order',0,46,NULL,'2022-04-20 20:19:56','2022-04-20 20:19:56'),(193,'create_order_from_seeder','Order is created from the checkout page',NULL,47,NULL,'2022-04-18 08:19:56','2022-04-18 08:19:56'),(194,'confirm_order','Order was verified by %user_name%',0,47,NULL,'2022-04-18 08:19:56','2022-04-18 08:19:56'),(195,'confirm_payment','Payment was confirmed (amount $223.20) by %user_name%',0,47,NULL,'2022-04-20 20:19:56','2022-04-20 20:19:56'),(196,'create_shipment','Created shipment for order',0,47,NULL,'2022-04-20 20:19:56','2022-04-20 20:19:56'),(197,'create_order_from_seeder','Order is created from the checkout page',NULL,48,NULL,'2022-04-19 14:19:56','2022-04-19 14:19:56'),(198,'confirm_order','Order was verified by %user_name%',0,48,NULL,'2022-04-19 14:19:56','2022-04-19 14:19:56'),(199,'confirm_payment','Payment was confirmed (amount $676.90) by %user_name%',0,48,NULL,'2022-04-20 20:19:56','2022-04-20 20:19:56'),(200,'create_shipment','Created shipment for order',0,48,NULL,'2022-04-20 20:19:56','2022-04-20 20:19:56'),(201,'create_order_from_seeder','Order is created from the checkout page',NULL,49,NULL,'2022-04-20 00:19:56','2022-04-20 00:19:56'),(202,'confirm_order','Order was verified by %user_name%',0,49,NULL,'2022-04-20 00:19:56','2022-04-20 00:19:56'),(203,'confirm_payment','Payment was confirmed (amount $245.30) by %user_name%',0,49,NULL,'2022-04-20 20:19:56','2022-04-20 20:19:56'),(204,'create_shipment','Created shipment for order',0,49,NULL,'2022-04-20 20:19:56','2022-04-20 20:19:56'),(205,'update_status','Changed status of shipping to : Delivered . Updated by: %user_name%',0,49,NULL,'2022-04-20 20:19:56','2022-04-20 20:19:56'),(206,'create_order_from_seeder','Order is created from the checkout page',NULL,50,NULL,'2022-04-20 10:19:56','2022-04-20 10:19:56'),(207,'confirm_order','Order was verified by %user_name%',0,50,NULL,'2022-04-20 10:19:56','2022-04-20 10:19:56'),(208,'confirm_payment','Payment was confirmed (amount $962.80) by %user_name%',0,50,NULL,'2022-04-20 20:19:56','2022-04-20 20:19:56'),(209,'create_shipment','Created shipment for order',0,50,NULL,'2022-04-20 20:19:56','2022-04-20 20:19:56'),(210,'update_status','Order confirmed by %user_name%',0,1,NULL,'2022-04-20 20:19:56','2022-04-20 20:19:56'),(211,'update_status','Order confirmed by %user_name%',0,4,NULL,'2022-04-20 20:19:56','2022-04-20 20:19:56'),(212,'update_status','Order confirmed by %user_name%',0,6,NULL,'2022-04-20 20:19:56','2022-04-20 20:19:56'),(213,'update_status','Order confirmed by %user_name%',0,7,NULL,'2022-04-20 20:19:56','2022-04-20 20:19:56'),(214,'update_status','Order confirmed by %user_name%',0,8,NULL,'2022-04-20 20:19:56','2022-04-20 20:19:56'),(215,'update_status','Order confirmed by %user_name%',0,11,NULL,'2022-04-20 20:19:57','2022-04-20 20:19:57'),(216,'update_status','Order confirmed by %user_name%',0,13,NULL,'2022-04-20 20:19:57','2022-04-20 20:19:57'),(217,'update_status','Order confirmed by %user_name%',0,14,NULL,'2022-04-20 20:19:57','2022-04-20 20:19:57'),(218,'update_status','Order confirmed by %user_name%',0,22,NULL,'2022-04-20 20:19:57','2022-04-20 20:19:57'),(219,'update_status','Order confirmed by %user_name%',0,25,NULL,'2022-04-20 20:19:57','2022-04-20 20:19:57'),(220,'update_status','Order confirmed by %user_name%',0,26,NULL,'2022-04-20 20:19:57','2022-04-20 20:19:57'),(221,'update_status','Order confirmed by %user_name%',0,29,NULL,'2022-04-20 20:19:57','2022-04-20 20:19:57'),(222,'update_status','Order confirmed by %user_name%',0,31,NULL,'2022-04-20 20:19:58','2022-04-20 20:19:58'),(223,'update_status','Order confirmed by %user_name%',0,34,NULL,'2022-04-20 20:19:58','2022-04-20 20:19:58'),(224,'update_status','Order confirmed by %user_name%',0,36,NULL,'2022-04-20 20:19:58','2022-04-20 20:19:58'),(225,'update_status','Order confirmed by %user_name%',0,38,NULL,'2022-04-20 20:19:58','2022-04-20 20:19:58'),(226,'update_status','Order confirmed by %user_name%',0,39,NULL,'2022-04-20 20:19:58','2022-04-20 20:19:58'),(227,'update_status','Order confirmed by %user_name%',0,42,NULL,'2022-04-20 20:19:58','2022-04-20 20:19:58'),(228,'update_status','Order confirmed by %user_name%',0,44,NULL,'2022-04-20 20:19:58','2022-04-20 20:19:58'),(229,'update_status','Order confirmed by %user_name%',0,49,NULL,'2022-04-20 20:19:59','2022-04-20 20:19:59');
/*!40000 ALTER TABLE `ec_order_histories` ENABLE KEYS */;
UNLOCK TABLES;

--
-- Table structure for table `ec_order_product`
--

DROP TABLE IF EXISTS `ec_order_product`;
/*!40101 SET @saved_cs_client     = @@character_set_client */;
/*!50503 SET character_set_client = utf8mb4 */;
CREATE TABLE `ec_order_product` (
  `id` bigint unsigned NOT NULL AUTO_INCREMENT,
  `order_id` int unsigned NOT NULL,
  `qty` int NOT NULL,
  `price` decimal(15,2) NOT NULL,
  `tax_amount` decimal(15,2) NOT NULL,
  `options` text CHARACTER SET utf8mb4 COLLATE utf8mb4_unicode_ci,
  `product_id` int unsigned DEFAULT NULL,
  `product_name` varchar(191) CHARACTER SET utf8mb4 COLLATE utf8mb4_unicode_ci NOT NULL,
  `weight` double(8,2) DEFAULT '0.00',
  `restock_quantity` int unsigned DEFAULT '0',
  `created_at` timestamp NULL DEFAULT NULL,
  `updated_at` timestamp NULL DEFAULT NULL,
  PRIMARY KEY (`id`)
) ENGINE=InnoDB AUTO_INCREMENT=65 DEFAULT CHARSET=utf8mb4 COLLATE=utf8mb4_unicode_ci;
/*!40101 SET character_set_client = @saved_cs_client */;

--
-- Dumping data for table `ec_order_product`
--

LOCK TABLES `ec_order_product` WRITE;
/*!40000 ALTER TABLE `ec_order_product` DISABLE KEYS */;
INSERT INTO `ec_order_product` VALUES (1,1,3,461.00,46.10,'[]',29,'All Natural Italian-Style Chicken Meatballs',2169.00,0,'2022-04-20 20:19:54','2022-04-20 20:19:54'),(2,1,3,119.00,11.90,'[]',71,'Angie’s Boomchickapop Sweet & Salty Kettle Corn',2646.00,0,'2022-04-20 20:19:54','2022-04-20 20:19:54'),(3,2,1,54.00,5.40,'[]',40,'Chobani Complete Vanilla Greek',676.00,0,'2022-04-20 20:19:54','2022-04-20 20:19:54'),(4,3,1,115.00,11.50,'[]',90,'Signature Wood-Fired Mushroom and Caramelized',645.00,0,'2022-04-20 20:19:54','2022-04-20 20:19:54'),(5,4,1,54.00,5.40,'[]',41,'Chobani Complete Vanilla Greek',676.00,0,'2022-04-20 20:19:54','2022-04-20 20:19:54'),(6,4,2,54.00,5.40,'[]',42,'Chobani Complete Vanilla Greek',1352.00,0,'2022-04-20 20:19:54','2022-04-20 20:19:54'),(7,5,3,123.00,12.30,'[]',78,'Perdue Simply Smart Organics Gluten Free',2508.00,0,'2022-04-20 20:19:54','2022-04-20 20:19:54'),(8,6,2,113.00,11.30,'[]',81,'Organic Cage-Free Grade A Large Brown Eggs',1688.00,0,'2022-04-20 20:19:54','2022-04-20 20:19:54'),(9,7,3,118.00,11.80,'[]',58,'Naturally Flavored Cinnamon Vanilla Light Roast Coffee',1785.00,0,'2022-04-20 20:19:54','2022-04-20 20:19:54'),(10,8,2,125.00,12.50,'[]',63,'Organic Frozen Triple Berry Blend',1044.00,0,'2022-04-20 20:19:54','2022-04-20 20:19:54'),(11,9,2,125.00,12.50,'[]',76,'Simply Lemonade with Raspberry Juice',1402.00,0,'2022-04-20 20:19:54','2022-04-20 20:19:54'),(12,10,2,125.00,12.50,'[]',46,'Encore Seafoods Stuffed Alaskan',1396.00,0,'2022-04-20 20:19:54','2022-04-20 20:19:54'),(13,10,3,115.00,11.50,'[]',68,'Oroweat Country Buttermilk Bread',2466.00,0,'2022-04-20 20:19:54','2022-04-20 20:19:54'),(14,11,1,125.00,12.50,'[]',62,'Organic Frozen Triple Berry Blend',522.00,0,'2022-04-20 20:19:54','2022-04-20 20:19:54'),(15,12,3,461.00,46.10,'[]',29,'All Natural Italian-Style Chicken Meatballs',2169.00,0,'2022-04-20 20:19:54','2022-04-20 20:19:54'),(16,13,2,278.00,27.80,'[]',32,'Angie’s Boomchickapop Sweet & Salty Kettle Corn',1156.00,0,'2022-04-20 20:19:54','2022-04-20 20:19:54'),(17,14,1,379.00,37.90,'[]',52,'Haagen-Dazs Caramel Cone Ice Cream',726.00,0,'2022-04-20 20:19:54','2022-04-20 20:19:54'),(18,14,2,128.00,12.80,'[]',79,'Chen Watermelon',1520.00,0,'2022-04-20 20:19:54','2022-04-20 20:19:54'),(19,15,2,278.00,27.80,'[]',34,'Angie’s Boomchickapop Sweet & Salty Kettle Corn',1156.00,0,'2022-04-20 20:19:54','2022-04-20 20:19:54'),(20,16,3,120.00,12.00,'[]',50,'Gorton’s Beer Battered Fish Fillets',1566.00,0,'2022-04-20 20:19:54','2022-04-20 20:19:54'),(21,17,3,115.00,11.50,'[]',67,'Oroweat Country Buttermilk Bread',2466.00,0,'2022-04-20 20:19:54','2022-04-20 20:19:54'),(22,18,3,119.00,11.90,'[]',44,'Canada Dry Ginger Ale – 2 L Bottle',1518.00,0,'2022-04-20 20:19:54','2022-04-20 20:19:54'),(23,19,3,110.00,11.00,'[]',55,'Nestle Original Coffee-Mate Coffee Creamer',2406.00,0,'2022-04-20 20:19:54','2022-04-20 20:19:54'),(24,20,2,130.00,13.00,'[]',83,'Colorful Banana',1038.00,0,'2022-04-20 20:19:54','2022-04-20 20:19:54'),(25,21,1,121.00,12.10,'[]',59,'Pepperidge Farm Farmhouse Hearty White Bread',722.00,0,'2022-04-20 20:19:54','2022-04-20 20:19:54'),(26,21,3,125.00,12.50,'[]',62,'Organic Frozen Triple Berry Blend',1566.00,0,'2022-04-20 20:19:54','2022-04-20 20:19:54'),(27,22,2,125.00,12.50,'[]',77,'Simply Lemonade with Raspberry Juice',1402.00,0,'2022-04-20 20:19:54','2022-04-20 20:19:54'),(28,23,3,115.00,11.50,'[]',90,'Signature Wood-Fired Mushroom and Caramelized',1935.00,0,'2022-04-20 20:19:54','2022-04-20 20:19:54'),(29,24,1,125.00,12.50,'[]',49,'Encore Seafoods Stuffed Alaskan',698.00,0,'2022-04-20 20:19:54','2022-04-20 20:19:54'),(30,25,1,128.00,12.80,'[]',79,'Chen Watermelon',760.00,0,'2022-04-20 20:19:54','2022-04-20 20:19:54'),(31,26,1,72.00,7.20,'[]',36,'Foster Farms Takeout Crispy Classic',771.00,0,'2022-04-20 20:19:54','2022-04-20 20:19:54'),(32,27,2,118.00,11.80,'[]',56,'Naturally Flavored Cinnamon Vanilla Light Roast Coffee',1190.00,0,'2022-04-20 20:19:54','2022-04-20 20:19:54'),(33,28,1,115.00,11.50,'[]',90,'Signature Wood-Fired Mushroom and Caramelized',645.00,0,'2022-04-20 20:19:54','2022-04-20 20:19:54'),(34,29,1,119.00,11.90,'[]',72,'Angie’s Boomchickapop Sweet & Salty Kettle Corn',882.00,0,'2022-04-20 20:19:55','2022-04-20 20:19:55'),(35,30,3,115.00,11.50,'[]',88,'Signature Wood-Fired Mushroom and Caramelized',1935.00,0,'2022-04-20 20:19:55','2022-04-20 20:19:55'),(36,31,3,421.00,42.10,'[]',26,'Seeds of Change Organic Quinoe',1899.00,0,'2022-04-20 20:19:55','2022-04-20 20:19:55'),(37,32,3,72.00,7.20,'[]',36,'Foster Farms Takeout Crispy Classic',2313.00,0,'2022-04-20 20:19:55','2022-04-20 20:19:55'),(38,33,3,115.00,11.50,'[]',68,'Oroweat Country Buttermilk Bread',2466.00,0,'2022-04-20 20:19:55','2022-04-20 20:19:55'),(39,34,1,120.00,12.00,'[]',50,'Gorton’s Beer Battered Fish Fillets',522.00,0,'2022-04-20 20:19:55','2022-04-20 20:19:55'),(40,34,3,379.00,37.90,'[]',52,'Haagen-Dazs Caramel Cone Ice Cream',2178.00,0,'2022-04-20 20:19:55','2022-04-20 20:19:55'),(41,35,2,125.00,12.50,'[]',75,'Simply Lemonade with Raspberry Juice',1402.00,0,'2022-04-20 20:19:56','2022-04-20 20:19:56'),(42,36,2,72.00,7.20,'[]',37,'Foster Farms Takeout Crispy Classic',1542.00,0,'2022-04-20 20:19:56','2022-04-20 20:19:56'),(43,37,3,110.00,11.00,'[]',54,'Nestle Original Coffee-Mate Coffee Creamer',2406.00,0,'2022-04-20 20:19:56','2022-04-20 20:19:56'),(44,37,1,113.00,11.30,'[]',81,'Organic Cage-Free Grade A Large Brown Eggs',844.00,0,'2022-04-20 20:19:56','2022-04-20 20:19:56'),(45,38,1,119.00,11.90,'[]',72,'Angie’s Boomchickapop Sweet & Salty Kettle Corn',882.00,0,'2022-04-20 20:19:56','2022-04-20 20:19:56'),(46,39,3,110.00,11.00,'[]',55,'Nestle Original Coffee-Mate Coffee Creamer',2406.00,0,'2022-04-20 20:19:56','2022-04-20 20:19:56'),(47,39,3,113.00,11.30,'[]',82,'Organic Cage-Free Grade A Large Brown Eggs',2532.00,0,'2022-04-20 20:19:56','2022-04-20 20:19:56'),(48,40,2,125.00,12.50,'[]',75,'Simply Lemonade with Raspberry Juice',1402.00,0,'2022-04-20 20:19:56','2022-04-20 20:19:56'),(49,41,2,115.00,11.50,'[]',88,'Signature Wood-Fired Mushroom and Caramelized',1290.00,0,'2022-04-20 20:19:56','2022-04-20 20:19:56'),(50,42,3,72.00,7.20,'[]',38,'Foster Farms Takeout Crispy Classic',2313.00,0,'2022-04-20 20:19:56','2022-04-20 20:19:56'),(51,43,3,118.00,11.80,'[]',58,'Naturally Flavored Cinnamon Vanilla Light Roast Coffee',1785.00,0,'2022-04-20 20:19:56','2022-04-20 20:19:56'),(52,44,3,72.00,7.20,'[]',37,'Foster Farms Takeout Crispy Classic',2313.00,0,'2022-04-20 20:19:56','2022-04-20 20:19:56'),(53,45,1,120.00,12.00,'[]',51,'Gorton’s Beer Battered Fish Fillets',522.00,0,'2022-04-20 20:19:56','2022-04-20 20:19:56'),(54,46,1,119.00,11.90,'[]',71,'Angie’s Boomchickapop Sweet & Salty Kettle Corn',882.00,0,'2022-04-20 20:19:56','2022-04-20 20:19:56'),(55,47,3,72.00,7.20,'[]',38,'Foster Farms Takeout Crispy Classic',2313.00,0,'2022-04-20 20:19:56','2022-04-20 20:19:56'),(56,48,1,119.00,11.90,'[]',72,'Angie’s Boomchickapop Sweet & Salty Kettle Corn',882.00,0,'2022-04-20 20:19:56','2022-04-20 20:19:56'),(57,48,3,130.00,13.00,'[]',83,'Colorful Banana',1557.00,0,'2022-04-20 20:19:56','2022-04-20 20:19:56'),(58,48,1,130.00,13.00,'[]',85,'Colorful Banana',519.00,0,'2022-04-20 20:19:56','2022-04-20 20:19:56'),(59,49,1,110.00,11.00,'[]',55,'Nestle Original Coffee-Mate Coffee Creamer',802.00,0,'2022-04-20 20:19:56','2022-04-20 20:19:56'),(60,49,1,113.00,11.30,'[]',82,'Organic Cage-Free Grade A Large Brown Eggs',844.00,0,'2022-04-20 20:19:56','2022-04-20 20:19:56'),(61,50,1,278.00,27.80,'[]',34,'Angie’s Boomchickapop Sweet & Salty Kettle Corn',578.00,0,'2022-04-20 20:19:56','2022-04-20 20:19:56'),(62,50,1,120.00,12.00,'[]',74,'All Natural Italian-Style Chicken Meatballs',715.00,0,'2022-04-20 20:19:56','2022-04-20 20:19:56'),(63,50,2,125.00,12.50,'[]',75,'Simply Lemonade with Raspberry Juice',1402.00,0,'2022-04-20 20:19:56','2022-04-20 20:19:56'),(64,50,2,125.00,12.50,'[]',76,'Simply Lemonade with Raspberry Juice',1402.00,0,'2022-04-20 20:19:56','2022-04-20 20:19:56');
/*!40000 ALTER TABLE `ec_order_product` ENABLE KEYS */;
UNLOCK TABLES;

--
-- Table structure for table `ec_orders`
--

DROP TABLE IF EXISTS `ec_orders`;
/*!40101 SET @saved_cs_client     = @@character_set_client */;
/*!50503 SET character_set_client = utf8mb4 */;
CREATE TABLE `ec_orders` (
  `id` bigint unsigned NOT NULL AUTO_INCREMENT,
  `user_id` int unsigned NOT NULL,
  `shipping_option` varchar(60) CHARACTER SET utf8mb4 COLLATE utf8mb4_unicode_ci DEFAULT NULL,
  `shipping_method` varchar(60) CHARACTER SET utf8mb4 COLLATE utf8mb4_unicode_ci NOT NULL DEFAULT 'default',
  `status` varchar(120) CHARACTER SET utf8mb4 COLLATE utf8mb4_unicode_ci NOT NULL DEFAULT 'pending',
  `amount` decimal(15,2) NOT NULL,
  `tax_amount` decimal(15,2) DEFAULT NULL,
  `shipping_amount` decimal(15,2) DEFAULT NULL,
  `description` text CHARACTER SET utf8mb4 COLLATE utf8mb4_unicode_ci,
  `coupon_code` varchar(120) CHARACTER SET utf8mb4 COLLATE utf8mb4_unicode_ci DEFAULT NULL,
  `discount_amount` decimal(15,2) DEFAULT NULL,
  `sub_total` decimal(15,2) NOT NULL,
  `is_confirmed` tinyint(1) NOT NULL DEFAULT '0',
  `discount_description` varchar(255) CHARACTER SET utf8mb4 COLLATE utf8mb4_unicode_ci DEFAULT NULL,
  `is_finished` tinyint(1) DEFAULT '1',
  `token` varchar(120) CHARACTER SET utf8mb4 COLLATE utf8mb4_unicode_ci DEFAULT NULL,
  `payment_id` int unsigned DEFAULT NULL,
  `created_at` timestamp NULL DEFAULT NULL,
  `updated_at` timestamp NULL DEFAULT NULL,
  `store_id` int unsigned DEFAULT NULL,
  PRIMARY KEY (`id`),
  KEY `ec_orders_user_id_status_created_at_index` (`user_id`,`status`,`created_at`)
) ENGINE=InnoDB AUTO_INCREMENT=51 DEFAULT CHARSET=utf8mb4 COLLATE=utf8mb4_unicode_ci;
/*!40101 SET character_set_client = @saved_cs_client */;

--
-- Dumping data for table `ec_orders`
--

LOCK TABLES `ec_orders` WRITE;
/*!40000 ALTER TABLE `ec_orders` DISABLE KEYS */;
INSERT INTO `ec_orders` VALUES (1,7,'1','default','completed',1798.00,58.00,0.00,NULL,NULL,0.00,1740.00,1,NULL,1,'Aq1DE8qpw7pWPIyXLIaBEmzhFti6o',1,'2022-04-05 20:19:54','2022-04-20 20:19:54',3),(2,7,'1','default','pending',59.40,5.40,0.00,NULL,NULL,0.00,54.00,1,NULL,1,'JAPT18D9HAOotcGRyUZ052pqovY3y',2,'2022-04-19 04:19:54','2022-04-20 20:19:54',4),(3,7,'1','default','pending',126.50,11.50,0.00,NULL,NULL,0.00,115.00,1,NULL,1,'cfkV31cNJz9RHuXuW5JVdrH4FWkna',3,'2022-04-15 20:19:54','2022-04-20 20:19:54',2),(4,4,'1','default','completed',172.80,10.80,0.00,NULL,NULL,0.00,162.00,1,NULL,1,'u7dIje1cilBtljkttR8EHU1Imvb09',4,'2022-04-11 08:19:54','2022-04-20 20:19:54',4),(5,4,'1','default','pending',381.30,12.30,0.00,NULL,NULL,0.00,369.00,1,NULL,1,'yA2eLBLRUDwOmsWSqaBJV77EbeX2u',5,'2022-04-08 04:19:54','2022-04-20 20:19:54',3),(6,4,'1','default','completed',237.30,11.30,0.00,NULL,NULL,0.00,226.00,1,NULL,1,'SrqKQO0TEPiBt53WqAxnZx2GFSpy7',6,'2022-04-16 02:19:54','2022-04-20 20:19:54',5),(7,3,'1','default','completed',365.80,11.80,0.00,NULL,NULL,0.00,354.00,1,NULL,1,'0dHGZA6KIzw2v5ydaHmHUcazsiwHc',7,'2022-04-17 20:19:54','2022-04-20 20:19:54',1),(8,3,'1','default','completed',262.50,12.50,0.00,NULL,NULL,0.00,250.00,1,NULL,1,'bINFJhbUTNZ3IkQB4Dz5R5HXZmbQk',8,'2022-04-19 08:19:54','2022-04-20 20:19:54',5),(9,3,'1','default','pending',262.50,12.50,0.00,NULL,NULL,0.00,250.00,1,NULL,1,'mVryBC9uV0cIAxaWlci3rKfkkYDKO',9,'2022-04-05 20:19:54','2022-04-20 20:19:54',4),(10,7,'1','default','pending',619.00,24.00,0.00,NULL,NULL,0.00,595.00,1,NULL,1,'f9BHY9qLR0JUACLVk668eICf7V1ih',10,'2022-04-16 14:19:54','2022-04-20 20:19:54',3),(11,7,'1','default','completed',137.50,12.50,0.00,NULL,NULL,0.00,125.00,1,NULL,1,'zvlDxoPLTJnnFwJRRPTGVrbPU4rQE',11,'2022-04-10 22:19:54','2022-04-20 20:19:54',5),(12,8,'1','default','pending',1429.10,46.10,0.00,NULL,NULL,0.00,1383.00,1,NULL,1,'Ku0qvs4iLz62xGkz1xhmIsXL73rm7',12,'2022-04-11 12:19:54','2022-04-20 20:19:54',3),(13,8,'1','default','completed',583.80,27.80,0.00,NULL,NULL,0.00,556.00,1,NULL,1,'w25Rem1n2qeJwxcbc6qDdfZwnWUSR',13,'2022-04-19 12:19:54','2022-04-20 20:19:54',4),(14,8,'1','default','completed',685.70,50.70,0.00,NULL,NULL,0.00,635.00,1,NULL,1,'F1NEdXAX8ciu7RjvISmpjrG8J8DTw',14,'2022-04-19 12:19:54','2022-04-20 20:19:54',1),(15,4,'1','default','pending',583.80,27.80,0.00,NULL,NULL,0.00,556.00,1,NULL,1,'FWQjtKNVIwsbOyAdoIq5T66YMHtph',15,'2022-04-13 08:19:54','2022-04-20 20:19:54',4),(16,4,'1','default','pending',372.00,12.00,0.00,NULL,NULL,0.00,360.00,1,NULL,1,'ii6dxcbSxWUkREaU16pSiebYAppRq',16,'2022-04-15 20:19:54','2022-04-20 20:19:54',1),(17,4,'1','default','pending',356.50,11.50,0.00,NULL,NULL,0.00,345.00,1,NULL,1,'V3JtVxKCWLCEGTdzO6GN6PCeIunI6',17,'2022-04-19 14:19:54','2022-04-20 20:19:54',3),(18,3,'1','default','pending',368.90,11.90,0.00,NULL,NULL,0.00,357.00,1,NULL,1,'HSFwfRIpZVpQbHYYCR7TCTVlQRQsK',18,'2022-04-15 00:19:54','2022-04-20 20:19:54',1),(19,3,'1','default','pending',341.00,11.00,0.00,NULL,NULL,0.00,330.00,1,NULL,1,'7Ax0bPAzmAtS8zsfkBQGTcI7VWO1g',19,'2022-04-17 08:19:54','2022-04-20 20:19:54',5),(20,3,'1','default','pending',273.00,13.00,0.00,NULL,NULL,0.00,260.00,1,NULL,1,'T9EOJKg79efsyrLiL7CWKW0gSXKFL',20,'2022-04-10 08:19:54','2022-04-20 20:19:54',3),(21,1,'1','default','pending',520.60,24.60,0.00,NULL,NULL,0.00,496.00,1,NULL,1,'DFsVd1eyyynaWqdrTefw76Bs8cjkG',21,'2022-04-17 14:19:54','2022-04-20 20:19:54',5),(22,1,'1','default','completed',262.50,12.50,0.00,NULL,NULL,0.00,250.00,1,NULL,1,'5YWXF8rgAmwXK2n4fjGa9sTFrnJpj',22,'2022-04-14 08:19:54','2022-04-20 20:19:54',4),(23,1,'1','default','pending',356.50,11.50,0.00,NULL,NULL,0.00,345.00,1,NULL,1,'NKQ5y9RYkTDthXmT1qLgXUCrRUapG',23,'2022-04-10 00:19:54','2022-04-20 20:19:54',2),(24,4,'1','default','completed',137.50,12.50,0.00,NULL,NULL,0.00,125.00,1,NULL,1,'MnB2XsWnefNram5rBIgtuBOa8iXU9',24,'2022-04-14 20:19:54','2022-04-20 20:19:54',3),(25,4,'1','default','completed',140.80,12.80,0.00,NULL,NULL,0.00,128.00,1,NULL,1,'qOCkAQQ7E0MSuOC4awTJR3KV7sQnc',25,'2022-04-13 20:19:54','2022-04-20 20:19:54',1),(26,8,'1','default','completed',79.20,7.20,0.00,NULL,NULL,0.00,72.00,1,NULL,1,'IvZ67wffEefk18ShWkIYt0V3CZGfN',26,'2022-04-18 02:19:54','2022-04-20 20:19:54',4),(27,8,'1','default','pending',247.80,11.80,0.00,NULL,NULL,0.00,236.00,1,NULL,1,'otJjvnrLzsNAv7UHTmm1uKinmRPc3',27,'2022-04-19 22:19:54','2022-04-20 20:19:54',1),(28,8,'1','default','pending',126.50,11.50,0.00,NULL,NULL,0.00,115.00,1,NULL,1,'jinH2fTJI7YOv5fdgzeEaXKEXVitC',28,'2022-04-17 04:19:54','2022-04-20 20:19:54',2),(29,7,'1','default','completed',130.90,11.90,0.00,NULL,NULL,0.00,119.00,1,NULL,1,'luto6785VVgPj7XfXYGv3HsLvXq0P',29,'2022-04-20 00:19:55','2022-04-20 20:19:55',3),(30,7,'1','default','pending',356.50,11.50,0.00,NULL,NULL,0.00,345.00,1,NULL,1,'mAEvQQ2eIednqvwmgGPaDV8PoLcTT',30,'2022-04-16 16:19:55','2022-04-20 20:19:55',2),(31,4,'1','default','completed',1305.10,42.10,0.00,NULL,NULL,0.00,1263.00,1,NULL,1,'40cRo9MXXUgKARBxYZA9i6NGeleZz',31,'2022-04-17 20:19:55','2022-04-20 20:19:55',5),(32,4,'1','default','pending',223.20,7.20,0.00,NULL,NULL,0.00,216.00,1,NULL,1,'tXrS4EZvSRb9E2KEtgSd2oloCVbFd',32,'2022-04-16 08:19:55','2022-04-20 20:19:55',4),(33,4,'1','default','pending',356.50,11.50,0.00,NULL,NULL,0.00,345.00,1,NULL,1,'GNNYiTaQfqHKpTB3t59eCXTpHCU7Z',33,'2022-04-13 08:19:55','2022-04-20 20:19:55',3),(34,3,'1','default','completed',1306.90,49.90,0.00,NULL,NULL,0.00,1257.00,1,NULL,1,'bAksB1xulOm3LIjBqyyItGSkrKDfM',34,'2022-04-18 20:19:55','2022-04-20 20:19:55',1),(35,3,'1','default','pending',262.50,12.50,0.00,NULL,NULL,0.00,250.00,1,NULL,1,'2VvG5SYxTJX8htBPVfyHsOz2PY0aj',35,'2022-04-15 12:19:56','2022-04-20 20:19:56',4),(36,7,'1','default','completed',151.20,7.20,0.00,NULL,NULL,0.00,144.00,1,NULL,1,'tPEIxHGrxcPrF9TvYxwIdHWIe5478',36,'2022-04-20 06:19:56','2022-04-20 20:19:56',4),(37,7,'1','default','pending',465.30,22.30,0.00,NULL,NULL,0.00,443.00,1,NULL,1,'vDwyS06zgCgHqTbCrmhDLFNWnm3yY',37,'2022-04-17 22:19:56','2022-04-20 20:19:56',5),(38,7,'1','default','completed',130.90,11.90,0.00,NULL,NULL,0.00,119.00,1,NULL,1,'DMAqM8gD6qwbvNiVF22QbnpHUyLVK',38,'2022-04-16 18:19:56','2022-04-20 20:19:56',3),(39,8,'1','default','completed',691.30,22.30,0.00,NULL,NULL,0.00,669.00,1,NULL,1,'AR4FMCPWsq50aMJgxZNSiyKyxgkRk',39,'2022-04-15 20:19:56','2022-04-20 20:19:56',5),(40,8,'1','default','completed',262.50,12.50,0.00,NULL,NULL,0.00,250.00,1,NULL,1,'OT6aRhKBZr6AdgeVQfK5lXTWv123B',40,'2022-04-17 08:19:56','2022-04-20 20:19:56',4),(41,8,'1','default','pending',241.50,11.50,0.00,NULL,NULL,0.00,230.00,1,NULL,1,'ejFB381sJJGNZUY0jNlVKGpUN3ND4',41,'2022-04-19 20:19:56','2022-04-20 20:19:56',2),(42,7,'1','default','completed',223.20,7.20,0.00,NULL,NULL,0.00,216.00,1,NULL,1,'ArMuznusP99vjk6reeur5GgKrBxxt',42,'2022-04-18 08:19:56','2022-04-20 20:19:56',4),(43,7,'1','default','pending',365.80,11.80,0.00,NULL,NULL,0.00,354.00,1,NULL,1,'yTZX9UmtgIlZRicxN2iryOBdZOUJI',43,'2022-04-17 12:19:56','2022-04-20 20:19:56',1),(44,8,'1','default','completed',223.20,7.20,0.00,NULL,NULL,0.00,216.00,1,NULL,1,'4P9pK1BumQEOKhqKYIyFFodjn3Pzu',44,'2022-04-17 20:19:56','2022-04-20 20:19:56',4),(45,8,'1','default','pending',132.00,12.00,0.00,NULL,NULL,0.00,120.00,1,NULL,1,'AOsQJF8g9SKoWlGZoGHXROjRghyOw',45,'2022-04-17 20:19:56','2022-04-20 20:19:56',1),(46,8,'1','default','pending',130.90,11.90,0.00,NULL,NULL,0.00,119.00,1,NULL,1,'DIPWda6pudx0AxK7rkV4PeCTE63tT',46,'2022-04-20 04:19:56','2022-04-20 20:19:56',3),(47,1,'1','default','pending',223.20,7.20,0.00,NULL,NULL,0.00,216.00,1,NULL,1,'pYJpwcqowXDvydXPzYmLaKm8isEs3',47,'2022-04-18 08:19:56','2022-04-20 20:19:56',4),(48,1,'1','default','pending',676.90,37.90,0.00,NULL,NULL,0.00,639.00,1,NULL,1,'D00xwHmAZi2izF54E6Evd5vElVFNa',48,'2022-04-19 14:19:56','2022-04-20 20:19:56',3),(49,4,'1','default','completed',245.30,22.30,0.00,NULL,NULL,0.00,223.00,1,NULL,1,'NHV0SdViBWdQQjEuHYpOttC0ge6E4',49,'2022-04-20 00:19:56','2022-04-20 20:19:56',5),(50,3,'1','default','pending',962.80,64.80,0.00,NULL,NULL,0.00,898.00,1,NULL,1,'WqyqY2jawUv0Yt25SLkYWuL3DPJOl',50,'2022-04-20 10:19:56','2022-04-20 20:19:56',4);
/*!40000 ALTER TABLE `ec_orders` ENABLE KEYS */;
UNLOCK TABLES;

--
-- Table structure for table `ec_product_attribute_sets`
--

DROP TABLE IF EXISTS `ec_product_attribute_sets`;
/*!40101 SET @saved_cs_client     = @@character_set_client */;
/*!50503 SET character_set_client = utf8mb4 */;
CREATE TABLE `ec_product_attribute_sets` (
  `id` bigint unsigned NOT NULL AUTO_INCREMENT,
  `title` varchar(120) CHARACTER SET utf8mb4 COLLATE utf8mb4_unicode_ci NOT NULL,
  `slug` varchar(120) CHARACTER SET utf8mb4 COLLATE utf8mb4_unicode_ci DEFAULT NULL,
  `display_layout` varchar(191) CHARACTER SET utf8mb4 COLLATE utf8mb4_unicode_ci NOT NULL DEFAULT 'swatch_dropdown',
  `is_searchable` tinyint unsigned NOT NULL DEFAULT '1',
  `is_comparable` tinyint unsigned NOT NULL DEFAULT '1',
  `is_use_in_product_listing` tinyint unsigned NOT NULL DEFAULT '0',
  `status` varchar(60) CHARACTER SET utf8mb4 COLLATE utf8mb4_unicode_ci NOT NULL DEFAULT 'published',
  `order` tinyint unsigned NOT NULL DEFAULT '0',
  `created_at` timestamp NULL DEFAULT NULL,
  `updated_at` timestamp NULL DEFAULT NULL,
  `use_image_from_product_variation` tinyint unsigned NOT NULL DEFAULT '0',
  PRIMARY KEY (`id`)
) ENGINE=InnoDB AUTO_INCREMENT=3 DEFAULT CHARSET=utf8mb4 COLLATE=utf8mb4_unicode_ci;
/*!40101 SET character_set_client = @saved_cs_client */;

--
-- Dumping data for table `ec_product_attribute_sets`
--

LOCK TABLES `ec_product_attribute_sets` WRITE;
/*!40000 ALTER TABLE `ec_product_attribute_sets` DISABLE KEYS */;
INSERT INTO `ec_product_attribute_sets` VALUES (1,'Weight','weight','text',1,1,1,'published',0,'2022-04-20 20:19:53','2022-04-20 20:19:53',0),(2,'Boxes','boxes','text',1,1,1,'published',1,'2022-04-20 20:19:53','2022-04-20 20:19:53',0);
/*!40000 ALTER TABLE `ec_product_attribute_sets` ENABLE KEYS */;
UNLOCK TABLES;

--
-- Table structure for table `ec_product_attribute_sets_translations`
--

DROP TABLE IF EXISTS `ec_product_attribute_sets_translations`;
/*!40101 SET @saved_cs_client     = @@character_set_client */;
/*!50503 SET character_set_client = utf8mb4 */;
CREATE TABLE `ec_product_attribute_sets_translations` (
  `lang_code` varchar(191) CHARACTER SET utf8mb4 COLLATE utf8mb4_unicode_ci NOT NULL,
  `ec_product_attribute_sets_id` int NOT NULL,
  `title` varchar(191) CHARACTER SET utf8mb4 COLLATE utf8mb4_unicode_ci DEFAULT NULL,
  PRIMARY KEY (`lang_code`,`ec_product_attribute_sets_id`)
) ENGINE=InnoDB DEFAULT CHARSET=utf8mb4 COLLATE=utf8mb4_unicode_ci;
/*!40101 SET character_set_client = @saved_cs_client */;

--
-- Dumping data for table `ec_product_attribute_sets_translations`
--

LOCK TABLES `ec_product_attribute_sets_translations` WRITE;
/*!40000 ALTER TABLE `ec_product_attribute_sets_translations` DISABLE KEYS */;
INSERT INTO `ec_product_attribute_sets_translations` VALUES ('vi',1,'Cân nặng'),('vi',2,'Số hộp');
/*!40000 ALTER TABLE `ec_product_attribute_sets_translations` ENABLE KEYS */;
UNLOCK TABLES;

--
-- Table structure for table `ec_product_attributes`
--

DROP TABLE IF EXISTS `ec_product_attributes`;
/*!40101 SET @saved_cs_client     = @@character_set_client */;
/*!50503 SET character_set_client = utf8mb4 */;
CREATE TABLE `ec_product_attributes` (
  `id` bigint unsigned NOT NULL AUTO_INCREMENT,
  `attribute_set_id` int unsigned NOT NULL,
  `title` varchar(120) CHARACTER SET utf8mb4 COLLATE utf8mb4_unicode_ci NOT NULL,
  `slug` varchar(120) CHARACTER SET utf8mb4 COLLATE utf8mb4_unicode_ci DEFAULT NULL,
  `color` varchar(50) CHARACTER SET utf8mb4 COLLATE utf8mb4_unicode_ci DEFAULT NULL,
  `image` varchar(191) CHARACTER SET utf8mb4 COLLATE utf8mb4_unicode_ci DEFAULT NULL,
  `is_default` tinyint unsigned NOT NULL DEFAULT '0',
  `order` tinyint unsigned NOT NULL DEFAULT '0',
  `status` varchar(60) CHARACTER SET utf8mb4 COLLATE utf8mb4_unicode_ci NOT NULL DEFAULT 'published',
  `created_at` timestamp NULL DEFAULT NULL,
  `updated_at` timestamp NULL DEFAULT NULL,
  PRIMARY KEY (`id`)
) ENGINE=InnoDB AUTO_INCREMENT=11 DEFAULT CHARSET=utf8mb4 COLLATE=utf8mb4_unicode_ci;
/*!40101 SET character_set_client = @saved_cs_client */;

--
-- Dumping data for table `ec_product_attributes`
--

LOCK TABLES `ec_product_attributes` WRITE;
/*!40000 ALTER TABLE `ec_product_attributes` DISABLE KEYS */;
INSERT INTO `ec_product_attributes` VALUES (1,1,'1KG','1kg',NULL,NULL,1,1,'published','2022-04-20 20:19:53','2022-04-20 20:19:53'),(2,1,'2KG','2kg',NULL,NULL,0,2,'published','2022-04-20 20:19:53','2022-04-20 20:19:53'),(3,1,'3KG','3kg',NULL,NULL,0,3,'published','2022-04-20 20:19:53','2022-04-20 20:19:53'),(4,1,'4KG','4kg',NULL,NULL,0,4,'published','2022-04-20 20:19:53','2022-04-20 20:19:53'),(5,1,'5KG','5kg',NULL,NULL,0,5,'published','2022-04-20 20:19:53','2022-04-20 20:19:53'),(6,2,'1 Box','1box',NULL,NULL,1,1,'published','2022-04-20 20:19:53','2022-04-20 20:19:53'),(7,2,'2 Boxes','2boxes',NULL,NULL,0,2,'published','2022-04-20 20:19:53','2022-04-20 20:19:53'),(8,2,'3 Boxes','3boxes',NULL,NULL,0,3,'published','2022-04-20 20:19:53','2022-04-20 20:19:53'),(9,2,'4 Boxes','4boxes',NULL,NULL,0,4,'published','2022-04-20 20:19:53','2022-04-20 20:19:53'),(10,2,'5 Boxes','5boxes',NULL,NULL,0,5,'published','2022-04-20 20:19:53','2022-04-20 20:19:53');
/*!40000 ALTER TABLE `ec_product_attributes` ENABLE KEYS */;
UNLOCK TABLES;

--
-- Table structure for table `ec_product_attributes_translations`
--

DROP TABLE IF EXISTS `ec_product_attributes_translations`;
/*!40101 SET @saved_cs_client     = @@character_set_client */;
/*!50503 SET character_set_client = utf8mb4 */;
CREATE TABLE `ec_product_attributes_translations` (
  `lang_code` varchar(191) CHARACTER SET utf8mb4 COLLATE utf8mb4_unicode_ci NOT NULL,
  `ec_product_attributes_id` int NOT NULL,
  `title` varchar(191) CHARACTER SET utf8mb4 COLLATE utf8mb4_unicode_ci DEFAULT NULL,
  PRIMARY KEY (`lang_code`,`ec_product_attributes_id`)
) ENGINE=InnoDB DEFAULT CHARSET=utf8mb4 COLLATE=utf8mb4_unicode_ci;
/*!40101 SET character_set_client = @saved_cs_client */;

--
-- Dumping data for table `ec_product_attributes_translations`
--

LOCK TABLES `ec_product_attributes_translations` WRITE;
/*!40000 ALTER TABLE `ec_product_attributes_translations` DISABLE KEYS */;
INSERT INTO `ec_product_attributes_translations` VALUES ('vi',1,'1KG'),('vi',2,'2KG'),('vi',3,'3KG'),('vi',4,'4KG'),('vi',5,'5KG'),('vi',6,'1 Hộp'),('vi',7,'2 Hộp'),('vi',8,'3 Hộp'),('vi',9,'4 Hộp'),('vi',10,'5 Hộp');
/*!40000 ALTER TABLE `ec_product_attributes_translations` ENABLE KEYS */;
UNLOCK TABLES;

--
-- Table structure for table `ec_product_categories`
--

DROP TABLE IF EXISTS `ec_product_categories`;
/*!40101 SET @saved_cs_client     = @@character_set_client */;
/*!50503 SET character_set_client = utf8mb4 */;
CREATE TABLE `ec_product_categories` (
  `id` bigint unsigned NOT NULL AUTO_INCREMENT,
  `name` varchar(191) CHARACTER SET utf8mb4 COLLATE utf8mb4_unicode_ci NOT NULL,
  `parent_id` int unsigned NOT NULL DEFAULT '0',
  `description` mediumtext CHARACTER SET utf8mb4 COLLATE utf8mb4_unicode_ci,
  `status` varchar(60) CHARACTER SET utf8mb4 COLLATE utf8mb4_unicode_ci NOT NULL DEFAULT 'published',
  `order` int unsigned NOT NULL DEFAULT '0',
  `image` varchar(255) CHARACTER SET utf8mb4 COLLATE utf8mb4_unicode_ci DEFAULT NULL,
  `is_featured` tinyint unsigned NOT NULL DEFAULT '0',
  `created_at` timestamp NULL DEFAULT NULL,
  `updated_at` timestamp NULL DEFAULT NULL,
  PRIMARY KEY (`id`),
  KEY `ec_product_categories_parent_id_status_created_at_index` (`parent_id`,`status`,`created_at`)
) ENGINE=InnoDB AUTO_INCREMENT=15 DEFAULT CHARSET=utf8mb4 COLLATE=utf8mb4_unicode_ci;
/*!40101 SET character_set_client = @saved_cs_client */;

--
-- Dumping data for table `ec_product_categories`
--

LOCK TABLES `ec_product_categories` WRITE;
/*!40000 ALTER TABLE `ec_product_categories` DISABLE KEYS */;
INSERT INTO `ec_product_categories` VALUES (1,'Milks and Dairies',0,NULL,'published',0,'product-categories/image-1.png',1,'2022-03-16 02:40:48','2022-03-16 02:40:48'),(2,'Clothing & beauty',0,NULL,'published',1,'product-categories/image-2.png',1,'2022-03-16 02:40:48','2022-03-16 02:40:48'),(3,'Pet Toy',0,NULL,'published',2,'product-categories/image-3.png',1,'2022-03-16 02:40:48','2022-03-16 02:40:48'),(4,'Baking material',0,NULL,'published',3,'product-categories/image-4.png',1,'2022-03-16 02:40:48','2022-03-16 02:40:48'),(5,'Fresh Fruit',0,NULL,'published',4,'product-categories/image-5.png',1,'2022-03-16 02:40:48','2022-03-16 02:40:48'),(6,'Wines & Drinks',0,NULL,'published',5,'product-categories/image-6.png',1,'2022-03-16 02:40:48','2022-03-16 02:40:48'),(7,'Fresh Seafood',0,NULL,'published',6,'product-categories/image-7.png',1,'2022-03-16 02:40:48','2022-03-16 02:40:48'),(8,'Fast food',0,NULL,'published',7,'product-categories/image-8.png',1,'2022-03-16 02:40:48','2022-03-16 02:40:48'),(9,'Vegetables',0,NULL,'published',8,'product-categories/image-9.png',1,'2022-03-16 02:40:48','2022-03-16 02:40:48'),(10,'Bread and Juice',0,NULL,'published',9,'product-categories/image-10.png',1,'2022-03-16 02:40:48','2022-03-16 02:40:48'),(11,'Cake & Milk',0,NULL,'published',10,'product-categories/image-11.png',1,'2022-03-16 02:40:48','2022-03-16 02:40:48'),(12,'Coffee & Teas',0,NULL,'published',11,'product-categories/image-12.png',1,'2022-03-16 02:40:48','2022-03-16 02:40:48'),(13,'Pet Foods',0,NULL,'published',12,'product-categories/image-13.png',0,'2022-03-16 02:40:48','2022-03-16 02:40:48'),(14,'Diet Foods',0,NULL,'published',13,'product-categories/image-14.png',0,'2022-03-16 02:40:48','2022-03-16 02:40:48');
/*!40000 ALTER TABLE `ec_product_categories` ENABLE KEYS */;
UNLOCK TABLES;

--
-- Table structure for table `ec_product_categories_translations`
--

DROP TABLE IF EXISTS `ec_product_categories_translations`;
/*!40101 SET @saved_cs_client     = @@character_set_client */;
/*!50503 SET character_set_client = utf8mb4 */;
CREATE TABLE `ec_product_categories_translations` (
  `lang_code` varchar(191) CHARACTER SET utf8mb4 COLLATE utf8mb4_unicode_ci NOT NULL,
  `ec_product_categories_id` int NOT NULL,
  `name` varchar(191) CHARACTER SET utf8mb4 COLLATE utf8mb4_unicode_ci DEFAULT NULL,
  `description` text CHARACTER SET utf8mb4 COLLATE utf8mb4_unicode_ci,
  PRIMARY KEY (`lang_code`,`ec_product_categories_id`)
) ENGINE=InnoDB DEFAULT CHARSET=utf8mb4 COLLATE=utf8mb4_unicode_ci;
/*!40101 SET character_set_client = @saved_cs_client */;

--
-- Dumping data for table `ec_product_categories_translations`
--

LOCK TABLES `ec_product_categories_translations` WRITE;
/*!40000 ALTER TABLE `ec_product_categories_translations` DISABLE KEYS */;
INSERT INTO `ec_product_categories_translations` VALUES ('vi',1,'Sữa',NULL),('vi',2,'Quần áo và làm đẹp',NULL),('vi',3,'Đồ chơi thú cưng',NULL),('vi',4,'Nguyên liệu làm bánh',NULL),('vi',5,'Trái cây tươi',NULL),('vi',6,'Rượu & Đồ uống',NULL),('vi',7,'Hải sản tươi sống',NULL),('vi',8,'Đồ ăn nhanh',NULL),('vi',9,'Rau',NULL),('vi',10,'Bánh và đồ uống',NULL),('vi',11,'Bánh và sữa',NULL),('vi',12,'Cà phê và trà',NULL),('vi',13,'Đồ ăn thú nuôi',NULL),('vi',14,'Đồ ăn kiêng',NULL);
/*!40000 ALTER TABLE `ec_product_categories_translations` ENABLE KEYS */;
UNLOCK TABLES;

--
-- Table structure for table `ec_product_category_product`
--

DROP TABLE IF EXISTS `ec_product_category_product`;
/*!40101 SET @saved_cs_client     = @@character_set_client */;
/*!50503 SET character_set_client = utf8mb4 */;
CREATE TABLE `ec_product_category_product` (
  `id` bigint unsigned NOT NULL AUTO_INCREMENT,
  `category_id` int unsigned NOT NULL,
  `product_id` int unsigned NOT NULL,
  PRIMARY KEY (`id`),
  KEY `ec_product_category_product_category_id_index` (`category_id`),
  KEY `ec_product_category_product_product_id_index` (`product_id`)
) ENGINE=InnoDB AUTO_INCREMENT=25 DEFAULT CHARSET=utf8mb4 COLLATE=utf8mb4_unicode_ci;
/*!40101 SET character_set_client = @saved_cs_client */;

--
-- Dumping data for table `ec_product_category_product`
--

LOCK TABLES `ec_product_category_product` WRITE;
/*!40000 ALTER TABLE `ec_product_category_product` DISABLE KEYS */;
INSERT INTO `ec_product_category_product` VALUES (1,8,1),(2,9,2),(3,12,3),(4,3,4),(5,10,5),(6,8,6),(7,14,7),(8,12,8),(9,11,9),(10,13,10),(11,8,11),(12,12,12),(13,7,13),(14,2,14),(15,3,15),(16,7,16),(17,5,17),(18,9,18),(19,5,19),(20,13,20),(21,6,21),(22,4,22),(23,3,23),(24,12,24);
/*!40000 ALTER TABLE `ec_product_category_product` ENABLE KEYS */;
UNLOCK TABLES;

--
-- Table structure for table `ec_product_collection_products`
--

DROP TABLE IF EXISTS `ec_product_collection_products`;
/*!40101 SET @saved_cs_client     = @@character_set_client */;
/*!50503 SET character_set_client = utf8mb4 */;
CREATE TABLE `ec_product_collection_products` (
  `id` bigint unsigned NOT NULL AUTO_INCREMENT,
  `product_collection_id` int unsigned NOT NULL,
  `product_id` int unsigned NOT NULL,
  PRIMARY KEY (`id`),
  KEY `ec_product_collection_products_product_collection_id_index` (`product_collection_id`),
  KEY `ec_product_collection_products_product_id_index` (`product_id`)
) ENGINE=InnoDB AUTO_INCREMENT=25 DEFAULT CHARSET=utf8mb4 COLLATE=utf8mb4_unicode_ci;
/*!40101 SET character_set_client = @saved_cs_client */;

--
-- Dumping data for table `ec_product_collection_products`
--

LOCK TABLES `ec_product_collection_products` WRITE;
/*!40000 ALTER TABLE `ec_product_collection_products` DISABLE KEYS */;
INSERT INTO `ec_product_collection_products` VALUES (1,2,1),(2,3,2),(3,3,3),(4,2,4),(5,2,5),(6,2,6),(7,3,7),(8,1,8),(9,1,9),(10,3,10),(11,3,11),(12,2,12),(13,2,13),(14,1,14),(15,3,15),(16,2,16),(17,1,17),(18,3,18),(19,3,19),(20,3,20),(21,1,21),(22,2,22),(23,3,23),(24,3,24);
/*!40000 ALTER TABLE `ec_product_collection_products` ENABLE KEYS */;
UNLOCK TABLES;

--
-- Table structure for table `ec_product_collections`
--

DROP TABLE IF EXISTS `ec_product_collections`;
/*!40101 SET @saved_cs_client     = @@character_set_client */;
/*!50503 SET character_set_client = utf8mb4 */;
CREATE TABLE `ec_product_collections` (
  `id` bigint unsigned NOT NULL AUTO_INCREMENT,
  `name` varchar(191) CHARACTER SET utf8mb4 COLLATE utf8mb4_unicode_ci NOT NULL,
  `slug` varchar(191) CHARACTER SET utf8mb4 COLLATE utf8mb4_unicode_ci NOT NULL,
  `description` varchar(400) CHARACTER SET utf8mb4 COLLATE utf8mb4_unicode_ci DEFAULT NULL,
  `image` varchar(255) CHARACTER SET utf8mb4 COLLATE utf8mb4_unicode_ci DEFAULT NULL,
  `status` varchar(60) CHARACTER SET utf8mb4 COLLATE utf8mb4_unicode_ci NOT NULL DEFAULT 'published',
  `created_at` timestamp NULL DEFAULT NULL,
  `updated_at` timestamp NULL DEFAULT NULL,
  `is_featured` tinyint unsigned NOT NULL DEFAULT '0',
  PRIMARY KEY (`id`)
) ENGINE=InnoDB AUTO_INCREMENT=4 DEFAULT CHARSET=utf8mb4 COLLATE=utf8mb4_unicode_ci;
/*!40101 SET character_set_client = @saved_cs_client */;

--
-- Dumping data for table `ec_product_collections`
--

LOCK TABLES `ec_product_collections` WRITE;
/*!40000 ALTER TABLE `ec_product_collections` DISABLE KEYS */;
INSERT INTO `ec_product_collections` VALUES (1,'New Arrival','new-arrival',NULL,NULL,'published','2022-03-16 02:40:48','2022-03-16 02:40:48',0),(2,'Best Sellers','best-sellers',NULL,NULL,'published','2022-03-16 02:40:48','2022-03-16 02:40:48',0),(3,'Special Offer','special-offer',NULL,NULL,'published','2022-03-16 02:40:48','2022-03-16 02:40:48',0);
/*!40000 ALTER TABLE `ec_product_collections` ENABLE KEYS */;
UNLOCK TABLES;

--
-- Table structure for table `ec_product_collections_translations`
--

DROP TABLE IF EXISTS `ec_product_collections_translations`;
/*!40101 SET @saved_cs_client     = @@character_set_client */;
/*!50503 SET character_set_client = utf8mb4 */;
CREATE TABLE `ec_product_collections_translations` (
  `lang_code` varchar(191) CHARACTER SET utf8mb4 COLLATE utf8mb4_unicode_ci NOT NULL,
  `ec_product_collections_id` int NOT NULL,
  `name` varchar(191) CHARACTER SET utf8mb4 COLLATE utf8mb4_unicode_ci DEFAULT NULL,
  `description` varchar(191) CHARACTER SET utf8mb4 COLLATE utf8mb4_unicode_ci DEFAULT NULL,
  PRIMARY KEY (`lang_code`,`ec_product_collections_id`)
) ENGINE=InnoDB DEFAULT CHARSET=utf8mb4 COLLATE=utf8mb4_unicode_ci;
/*!40101 SET character_set_client = @saved_cs_client */;

--
-- Dumping data for table `ec_product_collections_translations`
--

LOCK TABLES `ec_product_collections_translations` WRITE;
/*!40000 ALTER TABLE `ec_product_collections_translations` DISABLE KEYS */;
INSERT INTO `ec_product_collections_translations` VALUES ('vi',1,'Hàng mới về',NULL),('vi',2,'Bán chạy nhất',NULL),('vi',3,'Khuyến mãi đặc biệt',NULL);
/*!40000 ALTER TABLE `ec_product_collections_translations` ENABLE KEYS */;
UNLOCK TABLES;

--
-- Table structure for table `ec_product_cross_sale_relations`
--

DROP TABLE IF EXISTS `ec_product_cross_sale_relations`;
/*!40101 SET @saved_cs_client     = @@character_set_client */;
/*!50503 SET character_set_client = utf8mb4 */;
CREATE TABLE `ec_product_cross_sale_relations` (
  `id` bigint unsigned NOT NULL AUTO_INCREMENT,
  `from_product_id` int unsigned NOT NULL,
  `to_product_id` int unsigned NOT NULL,
  PRIMARY KEY (`id`),
  KEY `ec_product_cross_sale_relations_from_product_id_index` (`from_product_id`),
  KEY `ec_product_cross_sale_relations_to_product_id_index` (`to_product_id`)
) ENGINE=InnoDB AUTO_INCREMENT=87 DEFAULT CHARSET=utf8mb4 COLLATE=utf8mb4_unicode_ci;
/*!40101 SET character_set_client = @saved_cs_client */;

--
-- Dumping data for table `ec_product_cross_sale_relations`
--

LOCK TABLES `ec_product_cross_sale_relations` WRITE;
/*!40000 ALTER TABLE `ec_product_cross_sale_relations` DISABLE KEYS */;
INSERT INTO `ec_product_cross_sale_relations` VALUES (1,1,22),(2,1,10),(3,1,19),(4,2,7),(5,2,11),(6,2,3),(7,2,16),(8,3,17),(9,3,10),(10,3,24),(11,3,12),(12,4,10),(13,4,21),(14,4,15),(15,5,4),(16,5,8),(17,5,18),(18,5,14),(19,6,2),(20,6,12),(21,6,20),(22,6,24),(23,7,10),(24,7,14),(25,7,12),(26,7,15),(27,8,6),(28,8,1),(29,8,17),(30,8,9),(31,9,10),(32,9,13),(33,9,24),(34,9,5),(35,10,8),(36,10,6),(37,10,11),(38,10,23),(39,11,19),(40,11,21),(41,11,15),(42,12,24),(43,12,19),(44,12,14),(45,13,11),(46,13,12),(47,13,9),(48,13,14),(49,14,9),(50,14,17),(51,14,16),(52,15,13),(53,15,22),(54,15,3),(55,16,15),(56,16,11),(57,16,18),(58,16,2),(59,17,14),(60,17,21),(61,17,12),(62,18,12),(63,18,16),(64,18,3),(65,18,21),(66,19,21),(67,19,16),(68,19,6),(69,20,23),(70,20,3),(71,20,24),(72,21,12),(73,21,22),(74,21,19),(75,21,4),(76,22,21),(77,22,18),(78,22,12),(79,22,2),(80,23,13),(81,23,5),(82,23,18),(83,23,8),(84,24,23),(85,24,2),(86,24,17);
/*!40000 ALTER TABLE `ec_product_cross_sale_relations` ENABLE KEYS */;
UNLOCK TABLES;

--
-- Table structure for table `ec_product_label_products`
--

DROP TABLE IF EXISTS `ec_product_label_products`;
/*!40101 SET @saved_cs_client     = @@character_set_client */;
/*!50503 SET character_set_client = utf8mb4 */;
CREATE TABLE `ec_product_label_products` (
  `product_label_id` int unsigned NOT NULL,
  `product_id` int unsigned NOT NULL,
  PRIMARY KEY (`product_label_id`,`product_id`),
  KEY `ec_product_label_products_product_label_id_index` (`product_label_id`),
  KEY `ec_product_label_products_product_id_index` (`product_id`)
) ENGINE=InnoDB DEFAULT CHARSET=utf8mb4 COLLATE=utf8mb4_unicode_ci;
/*!40101 SET character_set_client = @saved_cs_client */;

--
-- Dumping data for table `ec_product_label_products`
--

LOCK TABLES `ec_product_label_products` WRITE;
/*!40000 ALTER TABLE `ec_product_label_products` DISABLE KEYS */;
INSERT INTO `ec_product_label_products` VALUES (1,21),(3,7),(3,14);
/*!40000 ALTER TABLE `ec_product_label_products` ENABLE KEYS */;
UNLOCK TABLES;

--
-- Table structure for table `ec_product_labels`
--

DROP TABLE IF EXISTS `ec_product_labels`;
/*!40101 SET @saved_cs_client     = @@character_set_client */;
/*!50503 SET character_set_client = utf8mb4 */;
CREATE TABLE `ec_product_labels` (
  `id` bigint unsigned NOT NULL AUTO_INCREMENT,
  `name` varchar(255) CHARACTER SET utf8mb4 COLLATE utf8mb4_unicode_ci NOT NULL,
  `color` varchar(120) CHARACTER SET utf8mb4 COLLATE utf8mb4_unicode_ci DEFAULT NULL,
  `status` varchar(60) CHARACTER SET utf8mb4 COLLATE utf8mb4_unicode_ci NOT NULL DEFAULT 'published',
  `created_at` timestamp NULL DEFAULT NULL,
  `updated_at` timestamp NULL DEFAULT NULL,
  PRIMARY KEY (`id`)
) ENGINE=InnoDB AUTO_INCREMENT=4 DEFAULT CHARSET=utf8mb4 COLLATE=utf8mb4_unicode_ci;
/*!40101 SET character_set_client = @saved_cs_client */;

--
-- Dumping data for table `ec_product_labels`
--

LOCK TABLES `ec_product_labels` WRITE;
/*!40000 ALTER TABLE `ec_product_labels` DISABLE KEYS */;
INSERT INTO `ec_product_labels` VALUES (1,'Hot','#ec2434','published','2022-03-16 02:40:48','2022-03-16 02:40:48'),(2,'New','#00c9a7','published','2022-03-16 02:40:48','2022-03-16 02:40:48'),(3,'Sale','#fe9931','published','2022-03-16 02:40:48','2022-03-16 02:40:48');
/*!40000 ALTER TABLE `ec_product_labels` ENABLE KEYS */;
UNLOCK TABLES;

--
-- Table structure for table `ec_product_labels_translations`
--

DROP TABLE IF EXISTS `ec_product_labels_translations`;
/*!40101 SET @saved_cs_client     = @@character_set_client */;
/*!50503 SET character_set_client = utf8mb4 */;
CREATE TABLE `ec_product_labels_translations` (
  `lang_code` varchar(191) CHARACTER SET utf8mb4 COLLATE utf8mb4_unicode_ci NOT NULL,
  `ec_product_labels_id` int NOT NULL,
  `name` varchar(191) CHARACTER SET utf8mb4 COLLATE utf8mb4_unicode_ci DEFAULT NULL,
  `description` varchar(191) CHARACTER SET utf8mb4 COLLATE utf8mb4_unicode_ci DEFAULT NULL,
  PRIMARY KEY (`lang_code`,`ec_product_labels_id`)
) ENGINE=InnoDB DEFAULT CHARSET=utf8mb4 COLLATE=utf8mb4_unicode_ci;
/*!40101 SET character_set_client = @saved_cs_client */;

--
-- Dumping data for table `ec_product_labels_translations`
--

LOCK TABLES `ec_product_labels_translations` WRITE;
/*!40000 ALTER TABLE `ec_product_labels_translations` DISABLE KEYS */;
INSERT INTO `ec_product_labels_translations` VALUES ('vi',1,'Nổi bật',NULL),('vi',2,'Mới',NULL),('vi',3,'Giảm giá',NULL);
/*!40000 ALTER TABLE `ec_product_labels_translations` ENABLE KEYS */;
UNLOCK TABLES;

--
-- Table structure for table `ec_product_related_relations`
--

DROP TABLE IF EXISTS `ec_product_related_relations`;
/*!40101 SET @saved_cs_client     = @@character_set_client */;
/*!50503 SET character_set_client = utf8mb4 */;
CREATE TABLE `ec_product_related_relations` (
  `id` bigint unsigned NOT NULL AUTO_INCREMENT,
  `from_product_id` int unsigned NOT NULL,
  `to_product_id` int unsigned NOT NULL,
  PRIMARY KEY (`id`),
  KEY `ec_product_related_relations_from_product_id_index` (`from_product_id`),
  KEY `ec_product_related_relations_to_product_id_index` (`to_product_id`)
) ENGINE=InnoDB DEFAULT CHARSET=utf8mb4 COLLATE=utf8mb4_unicode_ci;
/*!40101 SET character_set_client = @saved_cs_client */;

--
-- Dumping data for table `ec_product_related_relations`
--

LOCK TABLES `ec_product_related_relations` WRITE;
/*!40000 ALTER TABLE `ec_product_related_relations` DISABLE KEYS */;
/*!40000 ALTER TABLE `ec_product_related_relations` ENABLE KEYS */;
UNLOCK TABLES;

--
-- Table structure for table `ec_product_tag_product`
--

DROP TABLE IF EXISTS `ec_product_tag_product`;
/*!40101 SET @saved_cs_client     = @@character_set_client */;
/*!50503 SET character_set_client = utf8mb4 */;
CREATE TABLE `ec_product_tag_product` (
  `product_id` int unsigned NOT NULL,
  `tag_id` int unsigned NOT NULL,
  PRIMARY KEY (`product_id`,`tag_id`),
  KEY `ec_product_tag_product_product_id_index` (`product_id`),
  KEY `ec_product_tag_product_tag_id_index` (`tag_id`)
) ENGINE=InnoDB DEFAULT CHARSET=utf8mb4 COLLATE=utf8mb4_unicode_ci;
/*!40101 SET character_set_client = @saved_cs_client */;

--
-- Dumping data for table `ec_product_tag_product`
--

LOCK TABLES `ec_product_tag_product` WRITE;
/*!40000 ALTER TABLE `ec_product_tag_product` DISABLE KEYS */;
INSERT INTO `ec_product_tag_product` VALUES (1,3),(1,5),(1,6),(2,3),(2,4),(2,6),(3,2),(3,4),(4,4),(4,5),(5,2),(5,3),(6,2),(6,5),(7,1),(7,3),(7,5),(8,1),(8,2),(9,1),(9,2),(9,6),(10,1),(10,4),(11,1),(11,4),(11,5),(12,2),(12,3),(12,5),(13,2),(13,4),(13,6),(14,5),(14,6),(15,1),(15,3),(15,6),(16,1),(16,3),(16,6),(17,2),(17,5),(17,6),(18,1),(18,2),(18,4),(19,1),(19,4),(19,6),(20,2),(20,4),(20,5),(21,2),(21,5),(21,6),(22,3),(22,4),(22,6),(23,1),(23,4),(24,5),(24,6);
/*!40000 ALTER TABLE `ec_product_tag_product` ENABLE KEYS */;
UNLOCK TABLES;

--
-- Table structure for table `ec_product_tags`
--

DROP TABLE IF EXISTS `ec_product_tags`;
/*!40101 SET @saved_cs_client     = @@character_set_client */;
/*!50503 SET character_set_client = utf8mb4 */;
CREATE TABLE `ec_product_tags` (
  `id` bigint unsigned NOT NULL AUTO_INCREMENT,
  `name` varchar(120) CHARACTER SET utf8mb4 COLLATE utf8mb4_unicode_ci NOT NULL,
  `description` varchar(400) CHARACTER SET utf8mb4 COLLATE utf8mb4_unicode_ci DEFAULT NULL,
  `status` varchar(60) CHARACTER SET utf8mb4 COLLATE utf8mb4_unicode_ci NOT NULL DEFAULT 'published',
  `created_at` timestamp NULL DEFAULT NULL,
  `updated_at` timestamp NULL DEFAULT NULL,
  PRIMARY KEY (`id`)
) ENGINE=InnoDB AUTO_INCREMENT=6 DEFAULT CHARSET=utf8mb4 COLLATE=utf8mb4_unicode_ci;
/*!40101 SET character_set_client = @saved_cs_client */;

--
-- Dumping data for table `ec_product_tags`
--

LOCK TABLES `ec_product_tags` WRITE;
/*!40000 ALTER TABLE `ec_product_tags` DISABLE KEYS */;
INSERT INTO `ec_product_tags` VALUES (1,'Wallet',NULL,'published','2022-03-16 02:40:48','2022-03-16 02:40:48'),(2,'Bags',NULL,'published','2022-03-16 02:40:48','2022-03-16 02:40:48'),(3,'Shoes',NULL,'published','2022-03-16 02:40:48','2022-03-16 02:40:48'),(4,'Clothes',NULL,'published','2022-03-16 02:40:48','2022-03-16 02:40:48'),(5,'Hand bag',NULL,'published','2022-03-16 02:40:48','2022-03-16 02:40:48');
/*!40000 ALTER TABLE `ec_product_tags` ENABLE KEYS */;
UNLOCK TABLES;

--
-- Table structure for table `ec_product_tags_translations`
--

DROP TABLE IF EXISTS `ec_product_tags_translations`;
/*!40101 SET @saved_cs_client     = @@character_set_client */;
/*!50503 SET character_set_client = utf8mb4 */;
CREATE TABLE `ec_product_tags_translations` (
  `lang_code` varchar(191) CHARACTER SET utf8mb4 COLLATE utf8mb4_unicode_ci NOT NULL,
  `ec_product_tags_id` int NOT NULL,
  `name` varchar(191) CHARACTER SET utf8mb4 COLLATE utf8mb4_unicode_ci DEFAULT NULL,
  PRIMARY KEY (`lang_code`,`ec_product_tags_id`)
) ENGINE=InnoDB DEFAULT CHARSET=utf8mb4 COLLATE=utf8mb4_unicode_ci;
/*!40101 SET character_set_client = @saved_cs_client */;

--
-- Dumping data for table `ec_product_tags_translations`
--

LOCK TABLES `ec_product_tags_translations` WRITE;
/*!40000 ALTER TABLE `ec_product_tags_translations` DISABLE KEYS */;
/*!40000 ALTER TABLE `ec_product_tags_translations` ENABLE KEYS */;
UNLOCK TABLES;

--
-- Table structure for table `ec_product_up_sale_relations`
--

DROP TABLE IF EXISTS `ec_product_up_sale_relations`;
/*!40101 SET @saved_cs_client     = @@character_set_client */;
/*!50503 SET character_set_client = utf8mb4 */;
CREATE TABLE `ec_product_up_sale_relations` (
  `id` bigint unsigned NOT NULL AUTO_INCREMENT,
  `from_product_id` int unsigned NOT NULL,
  `to_product_id` int unsigned NOT NULL,
  PRIMARY KEY (`id`),
  KEY `ec_product_up_sale_relations_from_product_id_index` (`from_product_id`),
  KEY `ec_product_up_sale_relations_to_product_id_index` (`to_product_id`)
) ENGINE=InnoDB DEFAULT CHARSET=utf8mb4 COLLATE=utf8mb4_unicode_ci;
/*!40101 SET character_set_client = @saved_cs_client */;

--
-- Dumping data for table `ec_product_up_sale_relations`
--

LOCK TABLES `ec_product_up_sale_relations` WRITE;
/*!40000 ALTER TABLE `ec_product_up_sale_relations` DISABLE KEYS */;
/*!40000 ALTER TABLE `ec_product_up_sale_relations` ENABLE KEYS */;
UNLOCK TABLES;

--
-- Table structure for table `ec_product_variation_items`
--

DROP TABLE IF EXISTS `ec_product_variation_items`;
/*!40101 SET @saved_cs_client     = @@character_set_client */;
/*!50503 SET character_set_client = utf8mb4 */;
CREATE TABLE `ec_product_variation_items` (
  `id` bigint unsigned NOT NULL AUTO_INCREMENT,
  `attribute_id` int unsigned NOT NULL,
  `variation_id` int unsigned NOT NULL,
  PRIMARY KEY (`id`)
) ENGINE=InnoDB AUTO_INCREMENT=133 DEFAULT CHARSET=utf8mb4 COLLATE=utf8mb4_unicode_ci;
/*!40101 SET character_set_client = @saved_cs_client */;

--
-- Dumping data for table `ec_product_variation_items`
--

LOCK TABLES `ec_product_variation_items` WRITE;
/*!40000 ALTER TABLE `ec_product_variation_items` DISABLE KEYS */;
INSERT INTO `ec_product_variation_items` VALUES (1,3,1),(2,8,1),(3,1,2),(4,6,2),(5,3,3),(6,9,3),(7,1,4),(8,10,4),(9,4,5),(10,7,5),(11,1,6),(12,7,6),(13,1,7),(14,7,7),(15,1,8),(16,6,8),(17,5,9),(18,6,9),(19,3,10),(20,8,10),(21,3,11),(22,10,11),(23,3,12),(24,6,12),(25,1,13),(26,7,13),(27,1,14),(28,7,14),(29,1,15),(30,7,15),(31,4,16),(32,9,16),(33,4,17),(34,8,17),(35,5,18),(36,6,18),(37,2,19),(38,8,19),(39,5,20),(40,10,20),(41,4,21),(42,10,21),(43,4,22),(44,6,22),(45,1,23),(46,10,23),(47,1,24),(48,8,24),(49,2,25),(50,8,25),(51,2,26),(52,9,26),(53,1,27),(54,10,27),(55,4,28),(56,7,28),(57,5,29),(58,6,29),(59,2,30),(60,8,30),(61,3,31),(62,10,31),(63,5,32),(64,8,32),(65,5,33),(66,10,33),(67,4,34),(68,10,34),(69,5,35),(70,10,35),(71,2,36),(72,7,36),(73,2,37),(74,7,37),(75,5,38),(76,6,38),(77,4,39),(78,8,39),(79,4,40),(80,8,40),(81,1,41),(82,8,41),(83,5,42),(84,7,42),(85,5,43),(86,10,43),(87,5,44),(88,9,44),(89,4,45),(90,6,45),(91,3,46),(92,10,46),(93,2,47),(94,8,47),(95,5,48),(96,8,48),(97,2,49),(98,6,49),(99,5,50),(100,8,50),(101,1,51),(102,7,51),(103,2,52),(104,9,52),(105,3,53),(106,9,53),(107,5,54),(108,9,54),(109,5,55),(110,10,55),(111,4,56),(112,7,56),(113,2,57),(114,10,57),(115,3,58),(116,9,58),(117,3,59),(118,10,59),(119,1,60),(120,6,60),(121,1,61),(122,10,61),(123,5,62),(124,8,62),(125,2,63),(126,7,63),(127,2,64),(128,10,64),(129,3,65),(130,10,65),(131,5,66),(132,8,66);
/*!40000 ALTER TABLE `ec_product_variation_items` ENABLE KEYS */;
UNLOCK TABLES;

--
-- Table structure for table `ec_product_variations`
--

DROP TABLE IF EXISTS `ec_product_variations`;
/*!40101 SET @saved_cs_client     = @@character_set_client */;
/*!50503 SET character_set_client = utf8mb4 */;
CREATE TABLE `ec_product_variations` (
  `id` bigint unsigned NOT NULL AUTO_INCREMENT,
  `product_id` int unsigned DEFAULT NULL,
  `configurable_product_id` int unsigned NOT NULL,
  `is_default` tinyint NOT NULL DEFAULT '0',
  PRIMARY KEY (`id`)
) ENGINE=InnoDB AUTO_INCREMENT=67 DEFAULT CHARSET=utf8mb4 COLLATE=utf8mb4_unicode_ci;
/*!40101 SET character_set_client = @saved_cs_client */;

--
-- Dumping data for table `ec_product_variations`
--

LOCK TABLES `ec_product_variations` WRITE;
/*!40000 ALTER TABLE `ec_product_variations` DISABLE KEYS */;
INSERT INTO `ec_product_variations` VALUES (1,25,1,1),(2,26,1,0),(3,27,1,0),(4,28,2,1),(5,29,2,0),(6,30,2,0),(7,31,3,1),(8,32,3,0),(9,33,3,0),(10,34,3,0),(11,35,3,0),(12,36,4,1),(13,37,4,0),(14,38,4,0),(15,39,5,1),(16,40,6,1),(17,41,6,0),(18,42,6,0),(19,43,7,1),(20,44,7,0),(21,45,7,0),(22,46,8,1),(23,47,8,0),(24,48,8,0),(25,49,8,0),(26,50,9,1),(27,51,9,0),(28,52,10,1),(29,53,10,0),(30,54,11,1),(31,55,11,0),(32,56,12,1),(33,57,12,0),(34,58,12,0),(35,59,13,1),(36,60,13,0),(37,61,13,0),(38,62,14,1),(39,63,14,0),(40,64,14,0),(41,65,15,1),(42,66,15,0),(43,67,15,0),(44,68,15,0),(45,69,16,1),(46,70,16,0),(47,71,17,1),(48,72,17,0),(49,73,17,0),(50,74,18,1),(51,75,19,1),(52,76,19,0),(53,77,19,0),(54,78,20,1),(55,79,21,1),(56,80,21,0),(57,81,22,1),(58,82,22,0),(59,83,23,1),(60,84,23,0),(61,85,23,0),(62,86,23,0),(63,87,23,0),(64,88,24,1),(65,89,24,0),(66,90,24,0);
/*!40000 ALTER TABLE `ec_product_variations` ENABLE KEYS */;
UNLOCK TABLES;

--
-- Table structure for table `ec_product_with_attribute`
--

DROP TABLE IF EXISTS `ec_product_with_attribute`;
/*!40101 SET @saved_cs_client     = @@character_set_client */;
/*!50503 SET character_set_client = utf8mb4 */;
CREATE TABLE `ec_product_with_attribute` (
  `id` bigint unsigned NOT NULL AUTO_INCREMENT,
  `attribute_id` int unsigned NOT NULL,
  `product_id` int unsigned NOT NULL,
  PRIMARY KEY (`id`)
) ENGINE=InnoDB AUTO_INCREMENT=49 DEFAULT CHARSET=utf8mb4 COLLATE=utf8mb4_unicode_ci;
/*!40101 SET character_set_client = @saved_cs_client */;

--
-- Dumping data for table `ec_product_with_attribute`
--

LOCK TABLES `ec_product_with_attribute` WRITE;
/*!40000 ALTER TABLE `ec_product_with_attribute` DISABLE KEYS */;
INSERT INTO `ec_product_with_attribute` VALUES (1,3,1),(2,10,1),(3,5,2),(4,6,2),(5,5,3),(6,7,3),(7,1,4),(8,7,4),(9,1,5),(10,9,5),(11,1,6),(12,7,6),(13,2,7),(14,6,7),(15,2,8),(16,9,8),(17,4,9),(18,6,9),(19,4,10),(20,10,10),(21,5,11),(22,10,11),(23,5,12),(24,10,12),(25,5,13),(26,8,13),(27,1,14),(28,6,14),(29,2,15),(30,8,15),(31,2,16),(32,6,16),(33,2,17),(34,8,17),(35,1,18),(36,7,18),(37,1,19),(38,10,19),(39,1,20),(40,10,20),(41,1,21),(42,10,21),(43,3,22),(44,10,22),(45,3,23),(46,9,23),(47,3,24),(48,7,24);
/*!40000 ALTER TABLE `ec_product_with_attribute` ENABLE KEYS */;
UNLOCK TABLES;

--
-- Table structure for table `ec_product_with_attribute_set`
--

DROP TABLE IF EXISTS `ec_product_with_attribute_set`;
/*!40101 SET @saved_cs_client     = @@character_set_client */;
/*!50503 SET character_set_client = utf8mb4 */;
CREATE TABLE `ec_product_with_attribute_set` (
  `id` bigint unsigned NOT NULL AUTO_INCREMENT,
  `attribute_set_id` int unsigned NOT NULL,
  `product_id` int unsigned NOT NULL,
  `order` tinyint unsigned NOT NULL DEFAULT '0',
  PRIMARY KEY (`id`)
) ENGINE=InnoDB AUTO_INCREMENT=49 DEFAULT CHARSET=utf8mb4 COLLATE=utf8mb4_unicode_ci;
/*!40101 SET character_set_client = @saved_cs_client */;

--
-- Dumping data for table `ec_product_with_attribute_set`
--

LOCK TABLES `ec_product_with_attribute_set` WRITE;
/*!40000 ALTER TABLE `ec_product_with_attribute_set` DISABLE KEYS */;
INSERT INTO `ec_product_with_attribute_set` VALUES (1,1,1,0),(2,2,1,0),(3,1,2,0),(4,2,2,0),(5,1,3,0),(6,2,3,0),(7,1,4,0),(8,2,4,0),(9,1,5,0),(10,2,5,0),(11,1,6,0),(12,2,6,0),(13,1,7,0),(14,2,7,0),(15,1,8,0),(16,2,8,0),(17,1,9,0),(18,2,9,0),(19,1,10,0),(20,2,10,0),(21,1,11,0),(22,2,11,0),(23,1,12,0),(24,2,12,0),(25,1,13,0),(26,2,13,0),(27,1,14,0),(28,2,14,0),(29,1,15,0),(30,2,15,0),(31,1,16,0),(32,2,16,0),(33,1,17,0),(34,2,17,0),(35,1,18,0),(36,2,18,0),(37,1,19,0),(38,2,19,0),(39,1,20,0),(40,2,20,0),(41,1,21,0),(42,2,21,0),(43,1,22,0),(44,2,22,0),(45,1,23,0),(46,2,23,0),(47,1,24,0),(48,2,24,0);
/*!40000 ALTER TABLE `ec_product_with_attribute_set` ENABLE KEYS */;
UNLOCK TABLES;

--
-- Table structure for table `ec_products`
--

DROP TABLE IF EXISTS `ec_products`;
/*!40101 SET @saved_cs_client     = @@character_set_client */;
/*!50503 SET character_set_client = utf8mb4 */;
CREATE TABLE `ec_products` (
  `id` bigint unsigned NOT NULL AUTO_INCREMENT,
  `name` varchar(191) CHARACTER SET utf8mb4 COLLATE utf8mb4_unicode_ci NOT NULL,
  `description` text CHARACTER SET utf8mb4 COLLATE utf8mb4_unicode_ci,
  `content` longtext CHARACTER SET utf8mb4 COLLATE utf8mb4_unicode_ci,
  `status` varchar(60) CHARACTER SET utf8mb4 COLLATE utf8mb4_unicode_ci NOT NULL DEFAULT 'published',
  `images` text CHARACTER SET utf8mb4 COLLATE utf8mb4_unicode_ci,
  `sku` varchar(191) CHARACTER SET utf8mb4 COLLATE utf8mb4_unicode_ci DEFAULT NULL,
  `order` int unsigned NOT NULL DEFAULT '0',
  `quantity` int unsigned DEFAULT NULL,
  `allow_checkout_when_out_of_stock` tinyint unsigned NOT NULL DEFAULT '0',
  `with_storehouse_management` tinyint unsigned NOT NULL DEFAULT '0',
  `is_featured` tinyint unsigned NOT NULL DEFAULT '0',
  `brand_id` int unsigned DEFAULT NULL,
  `is_variation` tinyint NOT NULL DEFAULT '0',
  `sale_type` tinyint NOT NULL DEFAULT '0',
  `price` double unsigned DEFAULT NULL,
  `sale_price` double unsigned DEFAULT NULL,
  `start_date` timestamp NULL DEFAULT NULL,
  `end_date` timestamp NULL DEFAULT NULL,
  `length` double(8,2) DEFAULT NULL,
  `wide` double(8,2) DEFAULT NULL,
  `height` double(8,2) DEFAULT NULL,
  `weight` double(8,2) DEFAULT NULL,
  `tax_id` int unsigned DEFAULT NULL,
  `views` bigint NOT NULL DEFAULT '0',
  `created_at` timestamp NULL DEFAULT NULL,
  `updated_at` timestamp NULL DEFAULT NULL,
  `stock_status` varchar(191) CHARACTER SET utf8mb4 COLLATE utf8mb4_unicode_ci DEFAULT 'in_stock',
  `store_id` int unsigned DEFAULT NULL,
  `created_by_id` int DEFAULT '0',
  `created_by_type` varchar(255) CHARACTER SET utf8mb4 COLLATE utf8mb4_unicode_ci NOT NULL DEFAULT 'Botble\\ACL\\Models\\User',
  `approved_by` int DEFAULT '0',
  `image` varchar(255) CHARACTER SET utf8mb4 COLLATE utf8mb4_unicode_ci DEFAULT NULL,
  PRIMARY KEY (`id`),
  KEY `ec_products_brand_id_status_is_variation_created_at_index` (`brand_id`,`status`,`is_variation`,`created_at`)
) ENGINE=InnoDB AUTO_INCREMENT=91 DEFAULT CHARSET=utf8mb4 COLLATE=utf8mb4_unicode_ci;
/*!40101 SET character_set_client = @saved_cs_client */;

--
-- Dumping data for table `ec_products`
--

LOCK TABLES `ec_products` WRITE;
/*!40000 ALTER TABLE `ec_products` DISABLE KEYS */;
INSERT INTO `ec_products` VALUES (1,'Seeds of Change Organic Quinoe','<p>Short Hooded Coat features a straight body, large pockets with button flaps, ventilation air holes, and a string detail along the hemline.</p><ul>\n                                        <li><i class=\"fi-rs-hourglass mr-5 text-brand\"></i> 1 Year AL Jazeera Brand Warranty</li>\n                                        <li><i class=\"fi-rs-paper-plane mr-5 text-brand\"></i> 30 Day Return Policy</li>\n                                        <li><i class=\"fi-rs-credit-card mr-5 text-brand\"></i> Cash on Delivery available</li>\n                                    </ul>','<p>Short Hooded Coat features a straight body, large pockets with button flaps, ventilation air holes, and a string detail along the hemline. The style is completed with a drawstring hood, featuring Rains&rsquo; signature built-in cap. Made from waterproof, matte PU, this lightweight unisex rain jacket is an ode to nostalgia through its classic silhouette and utilitarian design details.</p>\n                                <p>- Casual unisex fit</p>\n\n                                <p>- 64% polyester, 36% polyurethane</p>\n\n                                <p>- Water column pressure: 4000 mm</p>\n\n                                <p>- Model is 187cm tall and wearing a size S / M</p>\n\n                                <p>- Unisex fit</p>\n\n                                <p>- Drawstring hood with built-in cap</p>\n\n                                <p>- Front placket with snap buttons</p>\n\n                                <p>- Ventilation under armpit</p>\n\n                                <p>- Adjustable cuffs</p>\n\n                                <p>- Double welted front pockets</p>\n\n                                <p>- Adjustable elastic string at hempen</p>\n\n                                <p>- Ultrasonically welded seams</p>\n\n                                <p>This is a unisex item, please check our clothing &amp; footwear sizing guide for specific Rains jacket sizing information. RAINS comes from the rainy nation of Denmark at the edge of the European continent, close to the ocean and with prevailing westerly winds; all factors that contribute to an average of 121 rain days each year. Arising from these rainy weather conditions comes the attitude that a quick rain shower may be beautiful, as well as moody- but first and foremost requires the right outfit. Rains focus on the whole experience of going outside on rainy days, issuing an invitation to explore even in the most mercurial weather.</p>','published','[\"products\\/1.jpg\",\"products\\/1-1.jpg\"]','HS-101-A0',0,10,0,1,1,5,0,0,421,NULL,NULL,NULL,20.00,10.00,19.00,633.00,1,185125,'2022-03-16 02:41:04','2022-03-16 02:41:49','in_stock',5,0,'Botble\\ACL\\Models\\User',0,NULL),(2,'All Natural Italian-Style Chicken Meatballs','<p>Short Hooded Coat features a straight body, large pockets with button flaps, ventilation air holes, and a string detail along the hemline.</p><ul>\n                                        <li><i class=\"fi-rs-hourglass mr-5 text-brand\"></i> 1 Year AL Jazeera Brand Warranty</li>\n                                        <li><i class=\"fi-rs-paper-plane mr-5 text-brand\"></i> 30 Day Return Policy</li>\n                                        <li><i class=\"fi-rs-credit-card mr-5 text-brand\"></i> Cash on Delivery available</li>\n                                    </ul>','<p>Short Hooded Coat features a straight body, large pockets with button flaps, ventilation air holes, and a string detail along the hemline. The style is completed with a drawstring hood, featuring Rains&rsquo; signature built-in cap. Made from waterproof, matte PU, this lightweight unisex rain jacket is an ode to nostalgia through its classic silhouette and utilitarian design details.</p>\n                                <p>- Casual unisex fit</p>\n\n                                <p>- 64% polyester, 36% polyurethane</p>\n\n                                <p>- Water column pressure: 4000 mm</p>\n\n                                <p>- Model is 187cm tall and wearing a size S / M</p>\n\n                                <p>- Unisex fit</p>\n\n                                <p>- Drawstring hood with built-in cap</p>\n\n                                <p>- Front placket with snap buttons</p>\n\n                                <p>- Ventilation under armpit</p>\n\n                                <p>- Adjustable cuffs</p>\n\n                                <p>- Double welted front pockets</p>\n\n                                <p>- Adjustable elastic string at hempen</p>\n\n                                <p>- Ultrasonically welded seams</p>\n\n                                <p>This is a unisex item, please check our clothing &amp; footwear sizing guide for specific Rains jacket sizing information. RAINS comes from the rainy nation of Denmark at the edge of the European continent, close to the ocean and with prevailing westerly winds; all factors that contribute to an average of 121 rain days each year. Arising from these rainy weather conditions comes the attitude that a quick rain shower may be beautiful, as well as moody- but first and foremost requires the right outfit. Rains focus on the whole experience of going outside on rainy days, issuing an invitation to explore even in the most mercurial weather.</p>','published','[\"products\\/2.jpg\",\"products\\/2-1.jpg\"]','HS-123-A0',0,17,0,1,1,6,0,0,461,NULL,NULL,NULL,12.00,17.00,12.00,723.00,1,37187,'2022-03-16 02:41:04','2022-03-16 02:41:49','in_stock',3,0,'Botble\\ACL\\Models\\User',0,NULL),(3,'Angie’s Boomchickapop Sweet & Salty Kettle Corn','<p>Short Hooded Coat features a straight body, large pockets with button flaps, ventilation air holes, and a string detail along the hemline.</p><ul>\n                                        <li><i class=\"fi-rs-hourglass mr-5 text-brand\"></i> 1 Year AL Jazeera Brand Warranty</li>\n                                        <li><i class=\"fi-rs-paper-plane mr-5 text-brand\"></i> 30 Day Return Policy</li>\n                                        <li><i class=\"fi-rs-credit-card mr-5 text-brand\"></i> Cash on Delivery available</li>\n                                    </ul>','<p>Short Hooded Coat features a straight body, large pockets with button flaps, ventilation air holes, and a string detail along the hemline. The style is completed with a drawstring hood, featuring Rains&rsquo; signature built-in cap. Made from waterproof, matte PU, this lightweight unisex rain jacket is an ode to nostalgia through its classic silhouette and utilitarian design details.</p>\n                                <p>- Casual unisex fit</p>\n\n                                <p>- 64% polyester, 36% polyurethane</p>\n\n                                <p>- Water column pressure: 4000 mm</p>\n\n                                <p>- Model is 187cm tall and wearing a size S / M</p>\n\n                                <p>- Unisex fit</p>\n\n                                <p>- Drawstring hood with built-in cap</p>\n\n                                <p>- Front placket with snap buttons</p>\n\n                                <p>- Ventilation under armpit</p>\n\n                                <p>- Adjustable cuffs</p>\n\n                                <p>- Double welted front pockets</p>\n\n                                <p>- Adjustable elastic string at hempen</p>\n\n                                <p>- Ultrasonically welded seams</p>\n\n                                <p>This is a unisex item, please check our clothing &amp; footwear sizing guide for specific Rains jacket sizing information. RAINS comes from the rainy nation of Denmark at the edge of the European continent, close to the ocean and with prevailing westerly winds; all factors that contribute to an average of 121 rain days each year. Arising from these rainy weather conditions comes the attitude that a quick rain shower may be beautiful, as well as moody- but first and foremost requires the right outfit. Rains focus on the whole experience of going outside on rainy days, issuing an invitation to explore even in the most mercurial weather.</p>','published','[\"products\\/3.jpg\",\"products\\/3-1.jpg\"]','HS-160-A0',0,11,0,1,1,3,0,0,278,NULL,NULL,NULL,13.00,10.00,16.00,578.00,1,99121,'2022-03-16 02:41:04','2022-03-16 02:41:49','in_stock',4,0,'Botble\\ACL\\Models\\User',0,NULL),(4,'Foster Farms Takeout Crispy Classic','<p>Short Hooded Coat features a straight body, large pockets with button flaps, ventilation air holes, and a string detail along the hemline.</p><ul>\n                                        <li><i class=\"fi-rs-hourglass mr-5 text-brand\"></i> 1 Year AL Jazeera Brand Warranty</li>\n                                        <li><i class=\"fi-rs-paper-plane mr-5 text-brand\"></i> 30 Day Return Policy</li>\n                                        <li><i class=\"fi-rs-credit-card mr-5 text-brand\"></i> Cash on Delivery available</li>\n                                    </ul>','<p>Short Hooded Coat features a straight body, large pockets with button flaps, ventilation air holes, and a string detail along the hemline. The style is completed with a drawstring hood, featuring Rains&rsquo; signature built-in cap. Made from waterproof, matte PU, this lightweight unisex rain jacket is an ode to nostalgia through its classic silhouette and utilitarian design details.</p>\n                                <p>- Casual unisex fit</p>\n\n                                <p>- 64% polyester, 36% polyurethane</p>\n\n                                <p>- Water column pressure: 4000 mm</p>\n\n                                <p>- Model is 187cm tall and wearing a size S / M</p>\n\n                                <p>- Unisex fit</p>\n\n                                <p>- Drawstring hood with built-in cap</p>\n\n                                <p>- Front placket with snap buttons</p>\n\n                                <p>- Ventilation under armpit</p>\n\n                                <p>- Adjustable cuffs</p>\n\n                                <p>- Double welted front pockets</p>\n\n                                <p>- Adjustable elastic string at hempen</p>\n\n                                <p>- Ultrasonically welded seams</p>\n\n                                <p>This is a unisex item, please check our clothing &amp; footwear sizing guide for specific Rains jacket sizing information. RAINS comes from the rainy nation of Denmark at the edge of the European continent, close to the ocean and with prevailing westerly winds; all factors that contribute to an average of 121 rain days each year. Arising from these rainy weather conditions comes the attitude that a quick rain shower may be beautiful, as well as moody- but first and foremost requires the right outfit. Rains focus on the whole experience of going outside on rainy days, issuing an invitation to explore even in the most mercurial weather.</p>','published','[\"products\\/4.jpg\",\"products\\/4-1.jpg\"]','HS-105-A0',0,13,0,1,1,1,0,0,72,59.76,NULL,NULL,14.00,15.00,12.00,771.00,1,175882,'2022-03-16 02:41:04','2022-03-16 02:41:49','in_stock',4,0,'Botble\\ACL\\Models\\User',0,NULL),(5,'Blue Diamond Almonds Lightly','<p>Short Hooded Coat features a straight body, large pockets with button flaps, ventilation air holes, and a string detail along the hemline.</p><ul>\n                                        <li><i class=\"fi-rs-hourglass mr-5 text-brand\"></i> 1 Year AL Jazeera Brand Warranty</li>\n                                        <li><i class=\"fi-rs-paper-plane mr-5 text-brand\"></i> 30 Day Return Policy</li>\n                                        <li><i class=\"fi-rs-credit-card mr-5 text-brand\"></i> Cash on Delivery available</li>\n                                    </ul>','<p>Short Hooded Coat features a straight body, large pockets with button flaps, ventilation air holes, and a string detail along the hemline. The style is completed with a drawstring hood, featuring Rains&rsquo; signature built-in cap. Made from waterproof, matte PU, this lightweight unisex rain jacket is an ode to nostalgia through its classic silhouette and utilitarian design details.</p>\n                                <p>- Casual unisex fit</p>\n\n                                <p>- 64% polyester, 36% polyurethane</p>\n\n                                <p>- Water column pressure: 4000 mm</p>\n\n                                <p>- Model is 187cm tall and wearing a size S / M</p>\n\n                                <p>- Unisex fit</p>\n\n                                <p>- Drawstring hood with built-in cap</p>\n\n                                <p>- Front placket with snap buttons</p>\n\n                                <p>- Ventilation under armpit</p>\n\n                                <p>- Adjustable cuffs</p>\n\n                                <p>- Double welted front pockets</p>\n\n                                <p>- Adjustable elastic string at hempen</p>\n\n                                <p>- Ultrasonically welded seams</p>\n\n                                <p>This is a unisex item, please check our clothing &amp; footwear sizing guide for specific Rains jacket sizing information. RAINS comes from the rainy nation of Denmark at the edge of the European continent, close to the ocean and with prevailing westerly winds; all factors that contribute to an average of 121 rain days each year. Arising from these rainy weather conditions comes the attitude that a quick rain shower may be beautiful, as well as moody- but first and foremost requires the right outfit. Rains focus on the whole experience of going outside on rainy days, issuing an invitation to explore even in the most mercurial weather.</p>','published','[\"products\\/5.jpg\",\"products\\/5-1.jpg\"]','HS-189-A0',0,11,0,1,1,2,0,0,50,NULL,NULL,NULL,11.00,18.00,12.00,897.00,1,113575,'2022-03-16 02:41:04','2022-03-16 02:41:49','in_stock',4,0,'Botble\\ACL\\Models\\User',0,NULL),(6,'Chobani Complete Vanilla Greek','<p>Short Hooded Coat features a straight body, large pockets with button flaps, ventilation air holes, and a string detail along the hemline.</p><ul>\n                                        <li><i class=\"fi-rs-hourglass mr-5 text-brand\"></i> 1 Year AL Jazeera Brand Warranty</li>\n                                        <li><i class=\"fi-rs-paper-plane mr-5 text-brand\"></i> 30 Day Return Policy</li>\n                                        <li><i class=\"fi-rs-credit-card mr-5 text-brand\"></i> Cash on Delivery available</li>\n                                    </ul>','<p>Short Hooded Coat features a straight body, large pockets with button flaps, ventilation air holes, and a string detail along the hemline. The style is completed with a drawstring hood, featuring Rains&rsquo; signature built-in cap. Made from waterproof, matte PU, this lightweight unisex rain jacket is an ode to nostalgia through its classic silhouette and utilitarian design details.</p>\n                                <p>- Casual unisex fit</p>\n\n                                <p>- 64% polyester, 36% polyurethane</p>\n\n                                <p>- Water column pressure: 4000 mm</p>\n\n                                <p>- Model is 187cm tall and wearing a size S / M</p>\n\n                                <p>- Unisex fit</p>\n\n                                <p>- Drawstring hood with built-in cap</p>\n\n                                <p>- Front placket with snap buttons</p>\n\n                                <p>- Ventilation under armpit</p>\n\n                                <p>- Adjustable cuffs</p>\n\n                                <p>- Double welted front pockets</p>\n\n                                <p>- Adjustable elastic string at hempen</p>\n\n                                <p>- Ultrasonically welded seams</p>\n\n                                <p>This is a unisex item, please check our clothing &amp; footwear sizing guide for specific Rains jacket sizing information. RAINS comes from the rainy nation of Denmark at the edge of the European continent, close to the ocean and with prevailing westerly winds; all factors that contribute to an average of 121 rain days each year. Arising from these rainy weather conditions comes the attitude that a quick rain shower may be beautiful, as well as moody- but first and foremost requires the right outfit. Rains focus on the whole experience of going outside on rainy days, issuing an invitation to explore even in the most mercurial weather.</p>','published','[\"products\\/6.jpg\",\"products\\/6-1.jpg\"]','HS-135-A0',0,15,0,1,1,5,0,0,54,NULL,NULL,NULL,11.00,11.00,19.00,676.00,1,70152,'2022-03-16 02:41:04','2022-03-16 02:41:49','in_stock',4,0,'Botble\\ACL\\Models\\User',0,NULL),(7,'Canada Dry Ginger Ale – 2 L Bottle','<p>Short Hooded Coat features a straight body, large pockets with button flaps, ventilation air holes, and a string detail along the hemline.</p><ul>\n                                        <li><i class=\"fi-rs-hourglass mr-5 text-brand\"></i> 1 Year AL Jazeera Brand Warranty</li>\n                                        <li><i class=\"fi-rs-paper-plane mr-5 text-brand\"></i> 30 Day Return Policy</li>\n                                        <li><i class=\"fi-rs-credit-card mr-5 text-brand\"></i> Cash on Delivery available</li>\n                                    </ul>','<p>Short Hooded Coat features a straight body, large pockets with button flaps, ventilation air holes, and a string detail along the hemline. The style is completed with a drawstring hood, featuring Rains&rsquo; signature built-in cap. Made from waterproof, matte PU, this lightweight unisex rain jacket is an ode to nostalgia through its classic silhouette and utilitarian design details.</p>\n                                <p>- Casual unisex fit</p>\n\n                                <p>- 64% polyester, 36% polyurethane</p>\n\n                                <p>- Water column pressure: 4000 mm</p>\n\n                                <p>- Model is 187cm tall and wearing a size S / M</p>\n\n                                <p>- Unisex fit</p>\n\n                                <p>- Drawstring hood with built-in cap</p>\n\n                                <p>- Front placket with snap buttons</p>\n\n                                <p>- Ventilation under armpit</p>\n\n                                <p>- Adjustable cuffs</p>\n\n                                <p>- Double welted front pockets</p>\n\n                                <p>- Adjustable elastic string at hempen</p>\n\n                                <p>- Ultrasonically welded seams</p>\n\n                                <p>This is a unisex item, please check our clothing &amp; footwear sizing guide for specific Rains jacket sizing information. RAINS comes from the rainy nation of Denmark at the edge of the European continent, close to the ocean and with prevailing westerly winds; all factors that contribute to an average of 121 rain days each year. Arising from these rainy weather conditions comes the attitude that a quick rain shower may be beautiful, as well as moody- but first and foremost requires the right outfit. Rains focus on the whole experience of going outside on rainy days, issuing an invitation to explore even in the most mercurial weather.</p>','published','[\"products\\/7.jpg\",\"products\\/7-1.jpg\"]','HS-178-A0',0,11,0,1,1,3,0,0,119,NULL,NULL,NULL,12.00,10.00,15.00,506.00,1,185209,'2022-03-16 02:41:04','2022-03-16 02:41:49','in_stock',1,0,'Botble\\ACL\\Models\\User',0,NULL),(8,'Encore Seafoods Stuffed Alaskan','<p>Short Hooded Coat features a straight body, large pockets with button flaps, ventilation air holes, and a string detail along the hemline.</p><ul>\n                                        <li><i class=\"fi-rs-hourglass mr-5 text-brand\"></i> 1 Year AL Jazeera Brand Warranty</li>\n                                        <li><i class=\"fi-rs-paper-plane mr-5 text-brand\"></i> 30 Day Return Policy</li>\n                                        <li><i class=\"fi-rs-credit-card mr-5 text-brand\"></i> Cash on Delivery available</li>\n                                    </ul>','<p>Short Hooded Coat features a straight body, large pockets with button flaps, ventilation air holes, and a string detail along the hemline. The style is completed with a drawstring hood, featuring Rains&rsquo; signature built-in cap. Made from waterproof, matte PU, this lightweight unisex rain jacket is an ode to nostalgia through its classic silhouette and utilitarian design details.</p>\n                                <p>- Casual unisex fit</p>\n\n                                <p>- 64% polyester, 36% polyurethane</p>\n\n                                <p>- Water column pressure: 4000 mm</p>\n\n                                <p>- Model is 187cm tall and wearing a size S / M</p>\n\n                                <p>- Unisex fit</p>\n\n                                <p>- Drawstring hood with built-in cap</p>\n\n                                <p>- Front placket with snap buttons</p>\n\n                                <p>- Ventilation under armpit</p>\n\n                                <p>- Adjustable cuffs</p>\n\n                                <p>- Double welted front pockets</p>\n\n                                <p>- Adjustable elastic string at hempen</p>\n\n                                <p>- Ultrasonically welded seams</p>\n\n                                <p>This is a unisex item, please check our clothing &amp; footwear sizing guide for specific Rains jacket sizing information. RAINS comes from the rainy nation of Denmark at the edge of the European continent, close to the ocean and with prevailing westerly winds; all factors that contribute to an average of 121 rain days each year. Arising from these rainy weather conditions comes the attitude that a quick rain shower may be beautiful, as well as moody- but first and foremost requires the right outfit. Rains focus on the whole experience of going outside on rainy days, issuing an invitation to explore even in the most mercurial weather.</p>','published','[\"products\\/8.jpg\",\"products\\/8-1.jpg\"]','HS-180-A0',0,17,0,1,1,6,0,0,125,98.75,NULL,NULL,20.00,11.00,11.00,698.00,1,190952,'2022-03-16 02:41:04','2022-03-16 02:41:49','in_stock',3,0,'Botble\\ACL\\Models\\User',0,NULL),(9,'Gorton’s Beer Battered Fish Fillets','<p>Short Hooded Coat features a straight body, large pockets with button flaps, ventilation air holes, and a string detail along the hemline.</p><ul>\n                                        <li><i class=\"fi-rs-hourglass mr-5 text-brand\"></i> 1 Year AL Jazeera Brand Warranty</li>\n                                        <li><i class=\"fi-rs-paper-plane mr-5 text-brand\"></i> 30 Day Return Policy</li>\n                                        <li><i class=\"fi-rs-credit-card mr-5 text-brand\"></i> Cash on Delivery available</li>\n                                    </ul>','<p>Short Hooded Coat features a straight body, large pockets with button flaps, ventilation air holes, and a string detail along the hemline. The style is completed with a drawstring hood, featuring Rains&rsquo; signature built-in cap. Made from waterproof, matte PU, this lightweight unisex rain jacket is an ode to nostalgia through its classic silhouette and utilitarian design details.</p>\n                                <p>- Casual unisex fit</p>\n\n                                <p>- 64% polyester, 36% polyurethane</p>\n\n                                <p>- Water column pressure: 4000 mm</p>\n\n                                <p>- Model is 187cm tall and wearing a size S / M</p>\n\n                                <p>- Unisex fit</p>\n\n                                <p>- Drawstring hood with built-in cap</p>\n\n                                <p>- Front placket with snap buttons</p>\n\n                                <p>- Ventilation under armpit</p>\n\n                                <p>- Adjustable cuffs</p>\n\n                                <p>- Double welted front pockets</p>\n\n                                <p>- Adjustable elastic string at hempen</p>\n\n                                <p>- Ultrasonically welded seams</p>\n\n                                <p>This is a unisex item, please check our clothing &amp; footwear sizing guide for specific Rains jacket sizing information. RAINS comes from the rainy nation of Denmark at the edge of the European continent, close to the ocean and with prevailing westerly winds; all factors that contribute to an average of 121 rain days each year. Arising from these rainy weather conditions comes the attitude that a quick rain shower may be beautiful, as well as moody- but first and foremost requires the right outfit. Rains focus on the whole experience of going outside on rainy days, issuing an invitation to explore even in the most mercurial weather.</p>','published','[\"products\\/9.jpg\",\"products\\/9-1.jpg\"]','HS-135-A0',0,10,0,1,1,6,0,0,120,NULL,NULL,NULL,12.00,15.00,19.00,522.00,1,95360,'2022-03-16 02:41:04','2022-03-16 02:41:49','in_stock',1,0,'Botble\\ACL\\Models\\User',0,NULL),(10,'Haagen-Dazs Caramel Cone Ice Cream','<p>Short Hooded Coat features a straight body, large pockets with button flaps, ventilation air holes, and a string detail along the hemline.</p><ul>\n                                        <li><i class=\"fi-rs-hourglass mr-5 text-brand\"></i> 1 Year AL Jazeera Brand Warranty</li>\n                                        <li><i class=\"fi-rs-paper-plane mr-5 text-brand\"></i> 30 Day Return Policy</li>\n                                        <li><i class=\"fi-rs-credit-card mr-5 text-brand\"></i> Cash on Delivery available</li>\n                                    </ul>','<p>Short Hooded Coat features a straight body, large pockets with button flaps, ventilation air holes, and a string detail along the hemline. The style is completed with a drawstring hood, featuring Rains&rsquo; signature built-in cap. Made from waterproof, matte PU, this lightweight unisex rain jacket is an ode to nostalgia through its classic silhouette and utilitarian design details.</p>\n                                <p>- Casual unisex fit</p>\n\n                                <p>- 64% polyester, 36% polyurethane</p>\n\n                                <p>- Water column pressure: 4000 mm</p>\n\n                                <p>- Model is 187cm tall and wearing a size S / M</p>\n\n                                <p>- Unisex fit</p>\n\n                                <p>- Drawstring hood with built-in cap</p>\n\n                                <p>- Front placket with snap buttons</p>\n\n                                <p>- Ventilation under armpit</p>\n\n                                <p>- Adjustable cuffs</p>\n\n                                <p>- Double welted front pockets</p>\n\n                                <p>- Adjustable elastic string at hempen</p>\n\n                                <p>- Ultrasonically welded seams</p>\n\n                                <p>This is a unisex item, please check our clothing &amp; footwear sizing guide for specific Rains jacket sizing information. RAINS comes from the rainy nation of Denmark at the edge of the European continent, close to the ocean and with prevailing westerly winds; all factors that contribute to an average of 121 rain days each year. Arising from these rainy weather conditions comes the attitude that a quick rain shower may be beautiful, as well as moody- but first and foremost requires the right outfit. Rains focus on the whole experience of going outside on rainy days, issuing an invitation to explore even in the most mercurial weather.</p>','published','[\"products\\/10.jpg\",\"products\\/10-1.jpg\"]','HS-186-A0',0,16,0,1,1,1,0,0,379,NULL,NULL,NULL,18.00,18.00,18.00,726.00,1,157137,'2022-03-16 02:41:04','2022-03-16 02:41:49','in_stock',1,0,'Botble\\ACL\\Models\\User',0,NULL),(11,'Nestle Original Coffee-Mate Coffee Creamer','<p>Short Hooded Coat features a straight body, large pockets with button flaps, ventilation air holes, and a string detail along the hemline.</p><ul>\n                                        <li><i class=\"fi-rs-hourglass mr-5 text-brand\"></i> 1 Year AL Jazeera Brand Warranty</li>\n                                        <li><i class=\"fi-rs-paper-plane mr-5 text-brand\"></i> 30 Day Return Policy</li>\n                                        <li><i class=\"fi-rs-credit-card mr-5 text-brand\"></i> Cash on Delivery available</li>\n                                    </ul>','<p>Short Hooded Coat features a straight body, large pockets with button flaps, ventilation air holes, and a string detail along the hemline. The style is completed with a drawstring hood, featuring Rains&rsquo; signature built-in cap. Made from waterproof, matte PU, this lightweight unisex rain jacket is an ode to nostalgia through its classic silhouette and utilitarian design details.</p>\n                                <p>- Casual unisex fit</p>\n\n                                <p>- 64% polyester, 36% polyurethane</p>\n\n                                <p>- Water column pressure: 4000 mm</p>\n\n                                <p>- Model is 187cm tall and wearing a size S / M</p>\n\n                                <p>- Unisex fit</p>\n\n                                <p>- Drawstring hood with built-in cap</p>\n\n                                <p>- Front placket with snap buttons</p>\n\n                                <p>- Ventilation under armpit</p>\n\n                                <p>- Adjustable cuffs</p>\n\n                                <p>- Double welted front pockets</p>\n\n                                <p>- Adjustable elastic string at hempen</p>\n\n                                <p>- Ultrasonically welded seams</p>\n\n                                <p>This is a unisex item, please check our clothing &amp; footwear sizing guide for specific Rains jacket sizing information. RAINS comes from the rainy nation of Denmark at the edge of the European continent, close to the ocean and with prevailing westerly winds; all factors that contribute to an average of 121 rain days each year. Arising from these rainy weather conditions comes the attitude that a quick rain shower may be beautiful, as well as moody- but first and foremost requires the right outfit. Rains focus on the whole experience of going outside on rainy days, issuing an invitation to explore even in the most mercurial weather.</p>','published','[\"products\\/11.jpg\",\"products\\/11-1.jpg\"]','HS-103-A0',0,10,0,1,1,4,0,0,110,NULL,NULL,NULL,17.00,10.00,19.00,802.00,1,6522,'2022-03-16 02:41:04','2022-03-16 02:41:49','in_stock',5,0,'Botble\\ACL\\Models\\User',0,NULL),(12,'Naturally Flavored Cinnamon Vanilla Light Roast Coffee','<p>Short Hooded Coat features a straight body, large pockets with button flaps, ventilation air holes, and a string detail along the hemline.</p><ul>\n                                        <li><i class=\"fi-rs-hourglass mr-5 text-brand\"></i> 1 Year AL Jazeera Brand Warranty</li>\n                                        <li><i class=\"fi-rs-paper-plane mr-5 text-brand\"></i> 30 Day Return Policy</li>\n                                        <li><i class=\"fi-rs-credit-card mr-5 text-brand\"></i> Cash on Delivery available</li>\n                                    </ul>','<p>Short Hooded Coat features a straight body, large pockets with button flaps, ventilation air holes, and a string detail along the hemline. The style is completed with a drawstring hood, featuring Rains&rsquo; signature built-in cap. Made from waterproof, matte PU, this lightweight unisex rain jacket is an ode to nostalgia through its classic silhouette and utilitarian design details.</p>\n                                <p>- Casual unisex fit</p>\n\n                                <p>- 64% polyester, 36% polyurethane</p>\n\n                                <p>- Water column pressure: 4000 mm</p>\n\n                                <p>- Model is 187cm tall and wearing a size S / M</p>\n\n                                <p>- Unisex fit</p>\n\n                                <p>- Drawstring hood with built-in cap</p>\n\n                                <p>- Front placket with snap buttons</p>\n\n                                <p>- Ventilation under armpit</p>\n\n                                <p>- Adjustable cuffs</p>\n\n                                <p>- Double welted front pockets</p>\n\n                                <p>- Adjustable elastic string at hempen</p>\n\n                                <p>- Ultrasonically welded seams</p>\n\n                                <p>This is a unisex item, please check our clothing &amp; footwear sizing guide for specific Rains jacket sizing information. RAINS comes from the rainy nation of Denmark at the edge of the European continent, close to the ocean and with prevailing westerly winds; all factors that contribute to an average of 121 rain days each year. Arising from these rainy weather conditions comes the attitude that a quick rain shower may be beautiful, as well as moody- but first and foremost requires the right outfit. Rains focus on the whole experience of going outside on rainy days, issuing an invitation to explore even in the most mercurial weather.</p>','published','[\"products\\/12.jpg\",\"products\\/12-1.jpg\"]','HS-102-A0',0,18,0,1,1,7,0,0,118,101.48,NULL,NULL,12.00,19.00,18.00,595.00,1,36483,'2022-03-16 02:41:04','2022-03-16 02:41:49','in_stock',1,0,'Botble\\ACL\\Models\\User',0,NULL),(13,'Pepperidge Farm Farmhouse Hearty White Bread','<p>Short Hooded Coat features a straight body, large pockets with button flaps, ventilation air holes, and a string detail along the hemline.</p><ul>\n                                        <li><i class=\"fi-rs-hourglass mr-5 text-brand\"></i> 1 Year AL Jazeera Brand Warranty</li>\n                                        <li><i class=\"fi-rs-paper-plane mr-5 text-brand\"></i> 30 Day Return Policy</li>\n                                        <li><i class=\"fi-rs-credit-card mr-5 text-brand\"></i> Cash on Delivery available</li>\n                                    </ul>','<p>Short Hooded Coat features a straight body, large pockets with button flaps, ventilation air holes, and a string detail along the hemline. The style is completed with a drawstring hood, featuring Rains&rsquo; signature built-in cap. Made from waterproof, matte PU, this lightweight unisex rain jacket is an ode to nostalgia through its classic silhouette and utilitarian design details.</p>\n                                <p>- Casual unisex fit</p>\n\n                                <p>- 64% polyester, 36% polyurethane</p>\n\n                                <p>- Water column pressure: 4000 mm</p>\n\n                                <p>- Model is 187cm tall and wearing a size S / M</p>\n\n                                <p>- Unisex fit</p>\n\n                                <p>- Drawstring hood with built-in cap</p>\n\n                                <p>- Front placket with snap buttons</p>\n\n                                <p>- Ventilation under armpit</p>\n\n                                <p>- Adjustable cuffs</p>\n\n                                <p>- Double welted front pockets</p>\n\n                                <p>- Adjustable elastic string at hempen</p>\n\n                                <p>- Ultrasonically welded seams</p>\n\n                                <p>This is a unisex item, please check our clothing &amp; footwear sizing guide for specific Rains jacket sizing information. RAINS comes from the rainy nation of Denmark at the edge of the European continent, close to the ocean and with prevailing westerly winds; all factors that contribute to an average of 121 rain days each year. Arising from these rainy weather conditions comes the attitude that a quick rain shower may be beautiful, as well as moody- but first and foremost requires the right outfit. Rains focus on the whole experience of going outside on rainy days, issuing an invitation to explore even in the most mercurial weather.</p>','published','[\"products\\/13.jpg\",\"products\\/13-1.jpg\"]','HS-145-A0',0,11,0,1,1,5,0,0,121,NULL,NULL,NULL,15.00,18.00,13.00,722.00,1,145649,'2022-03-16 02:41:04','2022-03-16 02:41:49','in_stock',5,0,'Botble\\ACL\\Models\\User',0,NULL),(14,'Organic Frozen Triple Berry Blend','<p>Short Hooded Coat features a straight body, large pockets with button flaps, ventilation air holes, and a string detail along the hemline.</p><ul>\n                                        <li><i class=\"fi-rs-hourglass mr-5 text-brand\"></i> 1 Year AL Jazeera Brand Warranty</li>\n                                        <li><i class=\"fi-rs-paper-plane mr-5 text-brand\"></i> 30 Day Return Policy</li>\n                                        <li><i class=\"fi-rs-credit-card mr-5 text-brand\"></i> Cash on Delivery available</li>\n                                    </ul>','<p>Short Hooded Coat features a straight body, large pockets with button flaps, ventilation air holes, and a string detail along the hemline. The style is completed with a drawstring hood, featuring Rains&rsquo; signature built-in cap. Made from waterproof, matte PU, this lightweight unisex rain jacket is an ode to nostalgia through its classic silhouette and utilitarian design details.</p>\n                                <p>- Casual unisex fit</p>\n\n                                <p>- 64% polyester, 36% polyurethane</p>\n\n                                <p>- Water column pressure: 4000 mm</p>\n\n                                <p>- Model is 187cm tall and wearing a size S / M</p>\n\n                                <p>- Unisex fit</p>\n\n                                <p>- Drawstring hood with built-in cap</p>\n\n                                <p>- Front placket with snap buttons</p>\n\n                                <p>- Ventilation under armpit</p>\n\n                                <p>- Adjustable cuffs</p>\n\n                                <p>- Double welted front pockets</p>\n\n                                <p>- Adjustable elastic string at hempen</p>\n\n                                <p>- Ultrasonically welded seams</p>\n\n                                <p>This is a unisex item, please check our clothing &amp; footwear sizing guide for specific Rains jacket sizing information. RAINS comes from the rainy nation of Denmark at the edge of the European continent, close to the ocean and with prevailing westerly winds; all factors that contribute to an average of 121 rain days each year. Arising from these rainy weather conditions comes the attitude that a quick rain shower may be beautiful, as well as moody- but first and foremost requires the right outfit. Rains focus on the whole experience of going outside on rainy days, issuing an invitation to explore even in the most mercurial weather.</p>','published','[\"products\\/14.jpg\",\"products\\/14-1.jpg\"]','HS-139-A0',0,10,0,1,1,5,0,0,125,NULL,NULL,NULL,13.00,12.00,15.00,522.00,1,74805,'2022-03-16 02:41:04','2022-03-16 02:41:49','in_stock',5,0,'Botble\\ACL\\Models\\User',0,NULL),(15,'Oroweat Country Buttermilk Bread','<p>Short Hooded Coat features a straight body, large pockets with button flaps, ventilation air holes, and a string detail along the hemline.</p><ul>\n                                        <li><i class=\"fi-rs-hourglass mr-5 text-brand\"></i> 1 Year AL Jazeera Brand Warranty</li>\n                                        <li><i class=\"fi-rs-paper-plane mr-5 text-brand\"></i> 30 Day Return Policy</li>\n                                        <li><i class=\"fi-rs-credit-card mr-5 text-brand\"></i> Cash on Delivery available</li>\n                                    </ul>','<p>Short Hooded Coat features a straight body, large pockets with button flaps, ventilation air holes, and a string detail along the hemline. The style is completed with a drawstring hood, featuring Rains&rsquo; signature built-in cap. Made from waterproof, matte PU, this lightweight unisex rain jacket is an ode to nostalgia through its classic silhouette and utilitarian design details.</p>\n                                <p>- Casual unisex fit</p>\n\n                                <p>- 64% polyester, 36% polyurethane</p>\n\n                                <p>- Water column pressure: 4000 mm</p>\n\n                                <p>- Model is 187cm tall and wearing a size S / M</p>\n\n                                <p>- Unisex fit</p>\n\n                                <p>- Drawstring hood with built-in cap</p>\n\n                                <p>- Front placket with snap buttons</p>\n\n                                <p>- Ventilation under armpit</p>\n\n                                <p>- Adjustable cuffs</p>\n\n                                <p>- Double welted front pockets</p>\n\n                                <p>- Adjustable elastic string at hempen</p>\n\n                                <p>- Ultrasonically welded seams</p>\n\n                                <p>This is a unisex item, please check our clothing &amp; footwear sizing guide for specific Rains jacket sizing information. RAINS comes from the rainy nation of Denmark at the edge of the European continent, close to the ocean and with prevailing westerly winds; all factors that contribute to an average of 121 rain days each year. Arising from these rainy weather conditions comes the attitude that a quick rain shower may be beautiful, as well as moody- but first and foremost requires the right outfit. Rains focus on the whole experience of going outside on rainy days, issuing an invitation to explore even in the most mercurial weather.</p>','published','[\"products\\/15.jpg\",\"products\\/15-1.jpg\"]','HS-185-A0',0,12,0,1,1,2,0,0,115,NULL,NULL,NULL,18.00,17.00,20.00,822.00,1,41462,'2022-03-16 02:41:04','2022-03-16 02:41:49','in_stock',3,0,'Botble\\ACL\\Models\\User',0,NULL),(16,'Foster Farms Takeout Crispy Classic Buffalo Wings','<p>Short Hooded Coat features a straight body, large pockets with button flaps, ventilation air holes, and a string detail along the hemline.</p><ul>\n                                        <li><i class=\"fi-rs-hourglass mr-5 text-brand\"></i> 1 Year AL Jazeera Brand Warranty</li>\n                                        <li><i class=\"fi-rs-paper-plane mr-5 text-brand\"></i> 30 Day Return Policy</li>\n                                        <li><i class=\"fi-rs-credit-card mr-5 text-brand\"></i> Cash on Delivery available</li>\n                                    </ul>','<p>Short Hooded Coat features a straight body, large pockets with button flaps, ventilation air holes, and a string detail along the hemline. The style is completed with a drawstring hood, featuring Rains&rsquo; signature built-in cap. Made from waterproof, matte PU, this lightweight unisex rain jacket is an ode to nostalgia through its classic silhouette and utilitarian design details.</p>\n                                <p>- Casual unisex fit</p>\n\n                                <p>- 64% polyester, 36% polyurethane</p>\n\n                                <p>- Water column pressure: 4000 mm</p>\n\n                                <p>- Model is 187cm tall and wearing a size S / M</p>\n\n                                <p>- Unisex fit</p>\n\n                                <p>- Drawstring hood with built-in cap</p>\n\n                                <p>- Front placket with snap buttons</p>\n\n                                <p>- Ventilation under armpit</p>\n\n                                <p>- Adjustable cuffs</p>\n\n                                <p>- Double welted front pockets</p>\n\n                                <p>- Adjustable elastic string at hempen</p>\n\n                                <p>- Ultrasonically welded seams</p>\n\n                                <p>This is a unisex item, please check our clothing &amp; footwear sizing guide for specific Rains jacket sizing information. RAINS comes from the rainy nation of Denmark at the edge of the European continent, close to the ocean and with prevailing westerly winds; all factors that contribute to an average of 121 rain days each year. Arising from these rainy weather conditions comes the attitude that a quick rain shower may be beautiful, as well as moody- but first and foremost requires the right outfit. Rains focus on the whole experience of going outside on rainy days, issuing an invitation to explore even in the most mercurial weather.</p>','published','[\"products\\/16.jpg\",\"products\\/16-1.jpg\",\"products\\/16-2.jpg\",\"products\\/16-3.jpg\",\"products\\/16-4.jpg\",\"products\\/16-5.jpg\",\"products\\/16-6.jpg\"]','HS-106-A0',0,16,0,1,1,2,0,0,119,98.77,NULL,NULL,18.00,16.00,17.00,786.00,1,153425,'2022-03-16 02:41:04','2022-03-16 02:41:49','in_stock',4,0,'Botble\\ACL\\Models\\User',0,NULL),(17,'Angie’s Boomchickapop Sweet & Salty Kettle Corn','<p>Short Hooded Coat features a straight body, large pockets with button flaps, ventilation air holes, and a string detail along the hemline.</p><ul>\n                                        <li><i class=\"fi-rs-hourglass mr-5 text-brand\"></i> 1 Year AL Jazeera Brand Warranty</li>\n                                        <li><i class=\"fi-rs-paper-plane mr-5 text-brand\"></i> 30 Day Return Policy</li>\n                                        <li><i class=\"fi-rs-credit-card mr-5 text-brand\"></i> Cash on Delivery available</li>\n                                    </ul>','<p>Short Hooded Coat features a straight body, large pockets with button flaps, ventilation air holes, and a string detail along the hemline. The style is completed with a drawstring hood, featuring Rains&rsquo; signature built-in cap. Made from waterproof, matte PU, this lightweight unisex rain jacket is an ode to nostalgia through its classic silhouette and utilitarian design details.</p>\n                                <p>- Casual unisex fit</p>\n\n                                <p>- 64% polyester, 36% polyurethane</p>\n\n                                <p>- Water column pressure: 4000 mm</p>\n\n                                <p>- Model is 187cm tall and wearing a size S / M</p>\n\n                                <p>- Unisex fit</p>\n\n                                <p>- Drawstring hood with built-in cap</p>\n\n                                <p>- Front placket with snap buttons</p>\n\n                                <p>- Ventilation under armpit</p>\n\n                                <p>- Adjustable cuffs</p>\n\n                                <p>- Double welted front pockets</p>\n\n                                <p>- Adjustable elastic string at hempen</p>\n\n                                <p>- Ultrasonically welded seams</p>\n\n                                <p>This is a unisex item, please check our clothing &amp; footwear sizing guide for specific Rains jacket sizing information. RAINS comes from the rainy nation of Denmark at the edge of the European continent, close to the ocean and with prevailing westerly winds; all factors that contribute to an average of 121 rain days each year. Arising from these rainy weather conditions comes the attitude that a quick rain shower may be beautiful, as well as moody- but first and foremost requires the right outfit. Rains focus on the whole experience of going outside on rainy days, issuing an invitation to explore even in the most mercurial weather.</p>','published','[\"products\\/17.jpg\",\"products\\/17-1.jpg\"]','HS-120-A0',0,11,0,1,1,6,0,0,119,NULL,NULL,NULL,12.00,15.00,15.00,882.00,1,145032,'2022-03-16 02:41:04','2022-03-16 02:41:49','in_stock',3,0,'Botble\\ACL\\Models\\User',0,NULL),(18,'All Natural Italian-Style Chicken Meatballs','<p>Short Hooded Coat features a straight body, large pockets with button flaps, ventilation air holes, and a string detail along the hemline.</p><ul>\n                                        <li><i class=\"fi-rs-hourglass mr-5 text-brand\"></i> 1 Year AL Jazeera Brand Warranty</li>\n                                        <li><i class=\"fi-rs-paper-plane mr-5 text-brand\"></i> 30 Day Return Policy</li>\n                                        <li><i class=\"fi-rs-credit-card mr-5 text-brand\"></i> Cash on Delivery available</li>\n                                    </ul>','<p>Short Hooded Coat features a straight body, large pockets with button flaps, ventilation air holes, and a string detail along the hemline. The style is completed with a drawstring hood, featuring Rains&rsquo; signature built-in cap. Made from waterproof, matte PU, this lightweight unisex rain jacket is an ode to nostalgia through its classic silhouette and utilitarian design details.</p>\n                                <p>- Casual unisex fit</p>\n\n                                <p>- 64% polyester, 36% polyurethane</p>\n\n                                <p>- Water column pressure: 4000 mm</p>\n\n                                <p>- Model is 187cm tall and wearing a size S / M</p>\n\n                                <p>- Unisex fit</p>\n\n                                <p>- Drawstring hood with built-in cap</p>\n\n                                <p>- Front placket with snap buttons</p>\n\n                                <p>- Ventilation under armpit</p>\n\n                                <p>- Adjustable cuffs</p>\n\n                                <p>- Double welted front pockets</p>\n\n                                <p>- Adjustable elastic string at hempen</p>\n\n                                <p>- Ultrasonically welded seams</p>\n\n                                <p>This is a unisex item, please check our clothing &amp; footwear sizing guide for specific Rains jacket sizing information. RAINS comes from the rainy nation of Denmark at the edge of the European continent, close to the ocean and with prevailing westerly winds; all factors that contribute to an average of 121 rain days each year. Arising from these rainy weather conditions comes the attitude that a quick rain shower may be beautiful, as well as moody- but first and foremost requires the right outfit. Rains focus on the whole experience of going outside on rainy days, issuing an invitation to explore even in the most mercurial weather.</p>','published','[\"products\\/18.jpg\",\"products\\/18-1.jpg\"]','HS-124-A0',0,12,0,1,1,4,0,0,120,NULL,NULL,NULL,16.00,10.00,15.00,715.00,1,50746,'2022-03-16 02:41:04','2022-03-16 02:41:49','in_stock',4,0,'Botble\\ACL\\Models\\User',0,NULL),(19,'Simply Lemonade with Raspberry Juice','<p>Short Hooded Coat features a straight body, large pockets with button flaps, ventilation air holes, and a string detail along the hemline.</p><ul>\n                                        <li><i class=\"fi-rs-hourglass mr-5 text-brand\"></i> 1 Year AL Jazeera Brand Warranty</li>\n                                        <li><i class=\"fi-rs-paper-plane mr-5 text-brand\"></i> 30 Day Return Policy</li>\n                                        <li><i class=\"fi-rs-credit-card mr-5 text-brand\"></i> Cash on Delivery available</li>\n                                    </ul>','<p>Short Hooded Coat features a straight body, large pockets with button flaps, ventilation air holes, and a string detail along the hemline. The style is completed with a drawstring hood, featuring Rains&rsquo; signature built-in cap. Made from waterproof, matte PU, this lightweight unisex rain jacket is an ode to nostalgia through its classic silhouette and utilitarian design details.</p>\n                                <p>- Casual unisex fit</p>\n\n                                <p>- 64% polyester, 36% polyurethane</p>\n\n                                <p>- Water column pressure: 4000 mm</p>\n\n                                <p>- Model is 187cm tall and wearing a size S / M</p>\n\n                                <p>- Unisex fit</p>\n\n                                <p>- Drawstring hood with built-in cap</p>\n\n                                <p>- Front placket with snap buttons</p>\n\n                                <p>- Ventilation under armpit</p>\n\n                                <p>- Adjustable cuffs</p>\n\n                                <p>- Double welted front pockets</p>\n\n                                <p>- Adjustable elastic string at hempen</p>\n\n                                <p>- Ultrasonically welded seams</p>\n\n                                <p>This is a unisex item, please check our clothing &amp; footwear sizing guide for specific Rains jacket sizing information. RAINS comes from the rainy nation of Denmark at the edge of the European continent, close to the ocean and with prevailing westerly winds; all factors that contribute to an average of 121 rain days each year. Arising from these rainy weather conditions comes the attitude that a quick rain shower may be beautiful, as well as moody- but first and foremost requires the right outfit. Rains focus on the whole experience of going outside on rainy days, issuing an invitation to explore even in the most mercurial weather.</p>','published','[\"products\\/19.jpg\",\"products\\/19-1.jpg\"]','HS-126-A0',0,19,0,1,1,3,0,0,125,NULL,NULL,NULL,18.00,10.00,12.00,701.00,1,182762,'2022-03-16 02:41:04','2022-03-16 02:41:49','in_stock',4,0,'Botble\\ACL\\Models\\User',0,NULL),(20,'Perdue Simply Smart Organics Gluten Free','<p>Short Hooded Coat features a straight body, large pockets with button flaps, ventilation air holes, and a string detail along the hemline.</p><ul>\n                                        <li><i class=\"fi-rs-hourglass mr-5 text-brand\"></i> 1 Year AL Jazeera Brand Warranty</li>\n                                        <li><i class=\"fi-rs-paper-plane mr-5 text-brand\"></i> 30 Day Return Policy</li>\n                                        <li><i class=\"fi-rs-credit-card mr-5 text-brand\"></i> Cash on Delivery available</li>\n                                    </ul>','<p>Short Hooded Coat features a straight body, large pockets with button flaps, ventilation air holes, and a string detail along the hemline. The style is completed with a drawstring hood, featuring Rains&rsquo; signature built-in cap. Made from waterproof, matte PU, this lightweight unisex rain jacket is an ode to nostalgia through its classic silhouette and utilitarian design details.</p>\n                                <p>- Casual unisex fit</p>\n\n                                <p>- 64% polyester, 36% polyurethane</p>\n\n                                <p>- Water column pressure: 4000 mm</p>\n\n                                <p>- Model is 187cm tall and wearing a size S / M</p>\n\n                                <p>- Unisex fit</p>\n\n                                <p>- Drawstring hood with built-in cap</p>\n\n                                <p>- Front placket with snap buttons</p>\n\n                                <p>- Ventilation under armpit</p>\n\n                                <p>- Adjustable cuffs</p>\n\n                                <p>- Double welted front pockets</p>\n\n                                <p>- Adjustable elastic string at hempen</p>\n\n                                <p>- Ultrasonically welded seams</p>\n\n                                <p>This is a unisex item, please check our clothing &amp; footwear sizing guide for specific Rains jacket sizing information. RAINS comes from the rainy nation of Denmark at the edge of the European continent, close to the ocean and with prevailing westerly winds; all factors that contribute to an average of 121 rain days each year. Arising from these rainy weather conditions comes the attitude that a quick rain shower may be beautiful, as well as moody- but first and foremost requires the right outfit. Rains focus on the whole experience of going outside on rainy days, issuing an invitation to explore even in the most mercurial weather.</p>','published','[\"products\\/20.jpg\",\"products\\/20-1.jpg\"]','HS-167-A0',0,18,0,1,1,2,0,0,123,107.01,NULL,NULL,19.00,11.00,15.00,836.00,1,46645,'2022-03-16 02:41:04','2022-03-16 02:41:49','in_stock',3,0,'Botble\\ACL\\Models\\User',0,NULL),(21,'Chen Watermelon','<p>Short Hooded Coat features a straight body, large pockets with button flaps, ventilation air holes, and a string detail along the hemline.</p><ul>\n                                        <li><i class=\"fi-rs-hourglass mr-5 text-brand\"></i> 1 Year AL Jazeera Brand Warranty</li>\n                                        <li><i class=\"fi-rs-paper-plane mr-5 text-brand\"></i> 30 Day Return Policy</li>\n                                        <li><i class=\"fi-rs-credit-card mr-5 text-brand\"></i> Cash on Delivery available</li>\n                                    </ul>','<p>Short Hooded Coat features a straight body, large pockets with button flaps, ventilation air holes, and a string detail along the hemline. The style is completed with a drawstring hood, featuring Rains&rsquo; signature built-in cap. Made from waterproof, matte PU, this lightweight unisex rain jacket is an ode to nostalgia through its classic silhouette and utilitarian design details.</p>\n                                <p>- Casual unisex fit</p>\n\n                                <p>- 64% polyester, 36% polyurethane</p>\n\n                                <p>- Water column pressure: 4000 mm</p>\n\n                                <p>- Model is 187cm tall and wearing a size S / M</p>\n\n                                <p>- Unisex fit</p>\n\n                                <p>- Drawstring hood with built-in cap</p>\n\n                                <p>- Front placket with snap buttons</p>\n\n                                <p>- Ventilation under armpit</p>\n\n                                <p>- Adjustable cuffs</p>\n\n                                <p>- Double welted front pockets</p>\n\n                                <p>- Adjustable elastic string at hempen</p>\n\n                                <p>- Ultrasonically welded seams</p>\n\n                                <p>This is a unisex item, please check our clothing &amp; footwear sizing guide for specific Rains jacket sizing information. RAINS comes from the rainy nation of Denmark at the edge of the European continent, close to the ocean and with prevailing westerly winds; all factors that contribute to an average of 121 rain days each year. Arising from these rainy weather conditions comes the attitude that a quick rain shower may be beautiful, as well as moody- but first and foremost requires the right outfit. Rains focus on the whole experience of going outside on rainy days, issuing an invitation to explore even in the most mercurial weather.</p>','published','[\"products\\/21.jpg\",\"products\\/21-1.jpg\"]','HS-136-A0',0,11,0,1,1,4,0,0,128,NULL,NULL,NULL,20.00,11.00,10.00,760.00,1,61744,'2022-03-16 02:41:04','2022-03-16 02:41:49','in_stock',1,0,'Botble\\ACL\\Models\\User',0,NULL),(22,'Organic Cage-Free Grade A Large Brown Eggs','<p>Short Hooded Coat features a straight body, large pockets with button flaps, ventilation air holes, and a string detail along the hemline.</p><ul>\n                                        <li><i class=\"fi-rs-hourglass mr-5 text-brand\"></i> 1 Year AL Jazeera Brand Warranty</li>\n                                        <li><i class=\"fi-rs-paper-plane mr-5 text-brand\"></i> 30 Day Return Policy</li>\n                                        <li><i class=\"fi-rs-credit-card mr-5 text-brand\"></i> Cash on Delivery available</li>\n                                    </ul>','<p>Short Hooded Coat features a straight body, large pockets with button flaps, ventilation air holes, and a string detail along the hemline. The style is completed with a drawstring hood, featuring Rains&rsquo; signature built-in cap. Made from waterproof, matte PU, this lightweight unisex rain jacket is an ode to nostalgia through its classic silhouette and utilitarian design details.</p>\n                                <p>- Casual unisex fit</p>\n\n                                <p>- 64% polyester, 36% polyurethane</p>\n\n                                <p>- Water column pressure: 4000 mm</p>\n\n                                <p>- Model is 187cm tall and wearing a size S / M</p>\n\n                                <p>- Unisex fit</p>\n\n                                <p>- Drawstring hood with built-in cap</p>\n\n                                <p>- Front placket with snap buttons</p>\n\n                                <p>- Ventilation under armpit</p>\n\n                                <p>- Adjustable cuffs</p>\n\n                                <p>- Double welted front pockets</p>\n\n                                <p>- Adjustable elastic string at hempen</p>\n\n                                <p>- Ultrasonically welded seams</p>\n\n                                <p>This is a unisex item, please check our clothing &amp; footwear sizing guide for specific Rains jacket sizing information. RAINS comes from the rainy nation of Denmark at the edge of the European continent, close to the ocean and with prevailing westerly winds; all factors that contribute to an average of 121 rain days each year. Arising from these rainy weather conditions comes the attitude that a quick rain shower may be beautiful, as well as moody- but first and foremost requires the right outfit. Rains focus on the whole experience of going outside on rainy days, issuing an invitation to explore even in the most mercurial weather.</p>','published','[\"products\\/22.jpg\",\"products\\/22-1.jpg\"]','HS-125-A0',0,14,0,1,1,3,0,0,113,NULL,NULL,NULL,14.00,16.00,13.00,844.00,1,93764,'2022-03-16 02:41:04','2022-03-16 02:41:49','in_stock',5,0,'Botble\\ACL\\Models\\User',0,NULL),(23,'Colorful Banana','<p>Short Hooded Coat features a straight body, large pockets with button flaps, ventilation air holes, and a string detail along the hemline.</p><ul>\n                                        <li><i class=\"fi-rs-hourglass mr-5 text-brand\"></i> 1 Year AL Jazeera Brand Warranty</li>\n                                        <li><i class=\"fi-rs-paper-plane mr-5 text-brand\"></i> 30 Day Return Policy</li>\n                                        <li><i class=\"fi-rs-credit-card mr-5 text-brand\"></i> Cash on Delivery available</li>\n                                    </ul>','<p>Short Hooded Coat features a straight body, large pockets with button flaps, ventilation air holes, and a string detail along the hemline. The style is completed with a drawstring hood, featuring Rains&rsquo; signature built-in cap. Made from waterproof, matte PU, this lightweight unisex rain jacket is an ode to nostalgia through its classic silhouette and utilitarian design details.</p>\n                                <p>- Casual unisex fit</p>\n\n                                <p>- 64% polyester, 36% polyurethane</p>\n\n                                <p>- Water column pressure: 4000 mm</p>\n\n                                <p>- Model is 187cm tall and wearing a size S / M</p>\n\n                                <p>- Unisex fit</p>\n\n                                <p>- Drawstring hood with built-in cap</p>\n\n                                <p>- Front placket with snap buttons</p>\n\n                                <p>- Ventilation under armpit</p>\n\n                                <p>- Adjustable cuffs</p>\n\n                                <p>- Double welted front pockets</p>\n\n                                <p>- Adjustable elastic string at hempen</p>\n\n                                <p>- Ultrasonically welded seams</p>\n\n                                <p>This is a unisex item, please check our clothing &amp; footwear sizing guide for specific Rains jacket sizing information. RAINS comes from the rainy nation of Denmark at the edge of the European continent, close to the ocean and with prevailing westerly winds; all factors that contribute to an average of 121 rain days each year. Arising from these rainy weather conditions comes the attitude that a quick rain shower may be beautiful, as well as moody- but first and foremost requires the right outfit. Rains focus on the whole experience of going outside on rainy days, issuing an invitation to explore even in the most mercurial weather.</p>','published','[\"products\\/23.jpg\",\"products\\/23-1.jpg\"]','HS-179-A0',0,12,0,1,1,4,0,0,130,NULL,NULL,NULL,19.00,15.00,12.00,519.00,1,156857,'2022-03-16 02:41:04','2022-03-16 02:41:49','in_stock',3,0,'Botble\\ACL\\Models\\User',0,NULL),(24,'Signature Wood-Fired Mushroom and Caramelized','<p>Short Hooded Coat features a straight body, large pockets with button flaps, ventilation air holes, and a string detail along the hemline.</p><ul>\n                                        <li><i class=\"fi-rs-hourglass mr-5 text-brand\"></i> 1 Year AL Jazeera Brand Warranty</li>\n                                        <li><i class=\"fi-rs-paper-plane mr-5 text-brand\"></i> 30 Day Return Policy</li>\n                                        <li><i class=\"fi-rs-credit-card mr-5 text-brand\"></i> Cash on Delivery available</li>\n                                    </ul>','<p>Short Hooded Coat features a straight body, large pockets with button flaps, ventilation air holes, and a string detail along the hemline. The style is completed with a drawstring hood, featuring Rains&rsquo; signature built-in cap. Made from waterproof, matte PU, this lightweight unisex rain jacket is an ode to nostalgia through its classic silhouette and utilitarian design details.</p>\n                                <p>- Casual unisex fit</p>\n\n                                <p>- 64% polyester, 36% polyurethane</p>\n\n                                <p>- Water column pressure: 4000 mm</p>\n\n                                <p>- Model is 187cm tall and wearing a size S / M</p>\n\n                                <p>- Unisex fit</p>\n\n                                <p>- Drawstring hood with built-in cap</p>\n\n                                <p>- Front placket with snap buttons</p>\n\n                                <p>- Ventilation under armpit</p>\n\n                                <p>- Adjustable cuffs</p>\n\n                                <p>- Double welted front pockets</p>\n\n                                <p>- Adjustable elastic string at hempen</p>\n\n                                <p>- Ultrasonically welded seams</p>\n\n                                <p>This is a unisex item, please check our clothing &amp; footwear sizing guide for specific Rains jacket sizing information. RAINS comes from the rainy nation of Denmark at the edge of the European continent, close to the ocean and with prevailing westerly winds; all factors that contribute to an average of 121 rain days each year. Arising from these rainy weather conditions comes the attitude that a quick rain shower may be beautiful, as well as moody- but first and foremost requires the right outfit. Rains focus on the whole experience of going outside on rainy days, issuing an invitation to explore even in the most mercurial weather.</p>','published','[\"products\\/24.jpg\",\"products\\/24-1.jpg\"]','HS-174-A0',0,13,0,1,1,5,0,0,115,98.9,NULL,NULL,19.00,13.00,13.00,645.00,1,41180,'2022-03-16 02:41:04','2022-03-16 02:41:49','in_stock',2,0,'Botble\\ACL\\Models\\User',0,NULL),(25,'Seeds of Change Organic Quinoe',NULL,NULL,'published','[\"products\\/1.jpg\"]','HS-101-A0',0,10,0,1,0,5,1,0,421,NULL,NULL,NULL,20.00,10.00,19.00,633.00,NULL,0,'2022-03-16 02:41:04','2022-03-22 19:29:17','in_stock',NULL,0,'Botble\\ACL\\Models\\User',0,NULL),(26,'Seeds of Change Organic Quinoe',NULL,NULL,'published','[\"products\\/1-1.jpg\"]','HS-101-A0-A1',0,10,0,1,0,5,1,0,421,NULL,NULL,NULL,20.00,10.00,19.00,633.00,NULL,0,'2022-03-16 02:41:04','2022-03-22 19:29:17','in_stock',NULL,0,'Botble\\ACL\\Models\\User',0,NULL),(27,'Seeds of Change Organic Quinoe',NULL,NULL,'published','[\"products\\/1.jpg\"]','HS-101-A0-A2',0,10,0,1,0,5,1,0,421,NULL,NULL,NULL,20.00,10.00,19.00,633.00,NULL,0,'2022-03-16 02:41:04','2022-03-22 19:29:17','in_stock',NULL,0,'Botble\\ACL\\Models\\User',0,NULL),(28,'All Natural Italian-Style Chicken Meatballs',NULL,NULL,'published','[\"products\\/2.jpg\"]','HS-123-A0',0,17,0,1,0,6,1,0,461,NULL,NULL,NULL,12.00,17.00,12.00,723.00,NULL,0,'2022-03-16 02:41:04','2022-03-22 19:29:17','in_stock',NULL,0,'Botble\\ACL\\Models\\User',0,NULL),(29,'All Natural Italian-Style Chicken Meatballs',NULL,NULL,'published','[\"products\\/2-1.jpg\"]','HS-123-A0-A1',0,17,0,1,0,6,1,0,461,NULL,NULL,NULL,12.00,17.00,12.00,723.00,NULL,0,'2022-03-16 02:41:04','2022-03-22 19:29:17','in_stock',NULL,0,'Botble\\ACL\\Models\\User',0,NULL),(30,'All Natural Italian-Style Chicken Meatballs',NULL,NULL,'published','[\"products\\/2.jpg\"]','HS-123-A0-A2',0,17,0,1,0,6,1,0,461,NULL,NULL,NULL,12.00,17.00,12.00,723.00,NULL,0,'2022-03-16 02:41:04','2022-03-22 19:29:17','in_stock',NULL,0,'Botble\\ACL\\Models\\User',0,NULL),(31,'Angie’s Boomchickapop Sweet & Salty Kettle Corn',NULL,NULL,'published','[\"products\\/3.jpg\"]','HS-160-A0',0,11,0,1,0,3,1,0,278,NULL,NULL,NULL,13.00,10.00,16.00,578.00,NULL,0,'2022-03-16 02:41:04','2022-03-22 19:29:17','in_stock',NULL,0,'Botble\\ACL\\Models\\User',0,NULL),(32,'Angie’s Boomchickapop Sweet & Salty Kettle Corn',NULL,NULL,'published','[\"products\\/3-1.jpg\"]','HS-160-A0-A1',0,11,0,1,0,3,1,0,278,NULL,NULL,NULL,13.00,10.00,16.00,578.00,NULL,0,'2022-03-16 02:41:04','2022-03-22 19:29:17','in_stock',NULL,0,'Botble\\ACL\\Models\\User',0,NULL),(33,'Angie’s Boomchickapop Sweet & Salty Kettle Corn',NULL,NULL,'published','[\"products\\/3.jpg\"]','HS-160-A0-A2',0,11,0,1,0,3,1,0,278,NULL,NULL,NULL,13.00,10.00,16.00,578.00,NULL,0,'2022-03-16 02:41:04','2022-03-22 19:29:17','in_stock',NULL,0,'Botble\\ACL\\Models\\User',0,NULL),(34,'Angie’s Boomchickapop Sweet & Salty Kettle Corn',NULL,NULL,'published','[\"products\\/3.jpg\"]','HS-160-A0-A3',0,11,0,1,0,3,1,0,278,NULL,NULL,NULL,13.00,10.00,16.00,578.00,NULL,0,'2022-03-16 02:41:04','2022-03-22 19:29:17','in_stock',NULL,0,'Botble\\ACL\\Models\\User',0,NULL),(35,'Angie’s Boomchickapop Sweet & Salty Kettle Corn',NULL,NULL,'published','[\"products\\/3.jpg\"]','HS-160-A0-A4',0,11,0,1,0,3,1,0,278,NULL,NULL,NULL,13.00,10.00,16.00,578.00,NULL,0,'2022-03-16 02:41:04','2022-03-22 19:29:17','in_stock',NULL,0,'Botble\\ACL\\Models\\User',0,NULL),(36,'Foster Farms Takeout Crispy Classic',NULL,NULL,'published','[\"products\\/4.jpg\"]','HS-105-A0',0,13,0,1,0,1,1,0,72,59.76,NULL,NULL,14.00,15.00,12.00,771.00,NULL,0,'2022-03-16 02:41:04','2022-03-22 19:29:17','in_stock',NULL,0,'Botble\\ACL\\Models\\User',0,NULL),(37,'Foster Farms Takeout Crispy Classic',NULL,NULL,'published','[\"products\\/4-1.jpg\"]','HS-105-A0-A1',0,13,0,1,0,1,1,0,72,61.92,NULL,NULL,14.00,15.00,12.00,771.00,NULL,0,'2022-03-16 02:41:04','2022-03-22 19:29:17','in_stock',NULL,0,'Botble\\ACL\\Models\\User',0,NULL),(38,'Foster Farms Takeout Crispy Classic',NULL,NULL,'published','[\"products\\/4.jpg\"]','HS-105-A0-A2',0,13,0,1,0,1,1,0,72,58.32,NULL,NULL,14.00,15.00,12.00,771.00,NULL,0,'2022-03-16 02:41:04','2022-03-22 19:29:17','in_stock',NULL,0,'Botble\\ACL\\Models\\User',0,NULL),(39,'Blue Diamond Almonds Lightly',NULL,NULL,'published','[\"products\\/5.jpg\"]','HS-189-A0',0,11,0,1,0,2,1,0,50,NULL,NULL,NULL,11.00,18.00,12.00,897.00,NULL,0,'2022-03-16 02:41:04','2022-03-22 19:29:17','in_stock',NULL,0,'Botble\\ACL\\Models\\User',0,NULL),(40,'Chobani Complete Vanilla Greek',NULL,NULL,'published','[\"products\\/6.jpg\"]','HS-135-A0',0,15,0,1,0,5,1,0,54,NULL,NULL,NULL,11.00,11.00,19.00,676.00,NULL,0,'2022-03-16 02:41:04','2022-03-22 19:29:17','in_stock',NULL,0,'Botble\\ACL\\Models\\User',0,NULL),(41,'Chobani Complete Vanilla Greek',NULL,NULL,'published','[\"products\\/6-1.jpg\"]','HS-135-A0-A1',0,15,0,1,0,5,1,0,54,NULL,NULL,NULL,11.00,11.00,19.00,676.00,NULL,0,'2022-03-16 02:41:04','2022-03-22 19:29:17','in_stock',NULL,0,'Botble\\ACL\\Models\\User',0,NULL),(42,'Chobani Complete Vanilla Greek',NULL,NULL,'published','[\"products\\/6.jpg\"]','HS-135-A0-A2',0,15,0,1,0,5,1,0,54,NULL,NULL,NULL,11.00,11.00,19.00,676.00,NULL,0,'2022-03-16 02:41:04','2022-03-22 19:29:17','in_stock',NULL,0,'Botble\\ACL\\Models\\User',0,NULL),(43,'Canada Dry Ginger Ale – 2 L Bottle',NULL,NULL,'published','[\"products\\/7.jpg\"]','HS-178-A0',0,11,0,1,0,3,1,0,119,NULL,NULL,NULL,12.00,10.00,15.00,506.00,NULL,0,'2022-03-16 02:41:04','2022-03-22 19:29:17','in_stock',NULL,0,'Botble\\ACL\\Models\\User',0,NULL),(44,'Canada Dry Ginger Ale – 2 L Bottle',NULL,NULL,'published','[\"products\\/7-1.jpg\"]','HS-178-A0-A1',0,11,0,1,0,3,1,0,119,NULL,NULL,NULL,12.00,10.00,15.00,506.00,NULL,0,'2022-03-16 02:41:04','2022-03-22 19:29:17','in_stock',NULL,0,'Botble\\ACL\\Models\\User',0,NULL),(45,'Canada Dry Ginger Ale – 2 L Bottle',NULL,NULL,'published','[\"products\\/7.jpg\"]','HS-178-A0-A2',0,11,0,1,0,3,1,0,119,NULL,NULL,NULL,12.00,10.00,15.00,506.00,NULL,0,'2022-03-16 02:41:04','2022-03-22 19:29:17','in_stock',NULL,0,'Botble\\ACL\\Models\\User',0,NULL),(46,'Encore Seafoods Stuffed Alaskan',NULL,NULL,'published','[\"products\\/8.jpg\"]','HS-180-A0',0,17,0,1,0,6,1,0,125,98.75,NULL,NULL,20.00,11.00,11.00,698.00,NULL,0,'2022-03-16 02:41:04','2022-03-22 19:29:17','in_stock',NULL,0,'Botble\\ACL\\Models\\User',0,NULL),(47,'Encore Seafoods Stuffed Alaskan',NULL,NULL,'published','[\"products\\/8-1.jpg\"]','HS-180-A0-A1',0,17,0,1,0,6,1,0,125,91.25,NULL,NULL,20.00,11.00,11.00,698.00,NULL,0,'2022-03-16 02:41:04','2022-03-22 19:29:17','in_stock',NULL,0,'Botble\\ACL\\Models\\User',0,NULL),(48,'Encore Seafoods Stuffed Alaskan',NULL,NULL,'published','[\"products\\/8.jpg\"]','HS-180-A0-A2',0,17,0,1,0,6,1,0,125,93.75,NULL,NULL,20.00,11.00,11.00,698.00,NULL,0,'2022-03-16 02:41:04','2022-03-22 19:29:17','in_stock',NULL,0,'Botble\\ACL\\Models\\User',0,NULL),(49,'Encore Seafoods Stuffed Alaskan',NULL,NULL,'published','[\"products\\/8.jpg\"]','HS-180-A0-A3',0,17,0,1,0,6,1,0,125,87.5,NULL,NULL,20.00,11.00,11.00,698.00,NULL,0,'2022-03-16 02:41:04','2022-03-22 19:29:17','in_stock',NULL,0,'Botble\\ACL\\Models\\User',0,NULL),(50,'Gorton’s Beer Battered Fish Fillets',NULL,NULL,'published','[\"products\\/9.jpg\"]','HS-135-A0',0,10,0,1,0,6,1,0,120,NULL,NULL,NULL,12.00,15.00,19.00,522.00,NULL,0,'2022-03-16 02:41:04','2022-03-22 19:29:17','in_stock',NULL,0,'Botble\\ACL\\Models\\User',0,NULL),(51,'Gorton’s Beer Battered Fish Fillets',NULL,NULL,'published','[\"products\\/9-1.jpg\"]','HS-135-A0-A1',0,10,0,1,0,6,1,0,120,NULL,NULL,NULL,12.00,15.00,19.00,522.00,NULL,0,'2022-03-16 02:41:04','2022-03-22 19:29:17','in_stock',NULL,0,'Botble\\ACL\\Models\\User',0,NULL),(52,'Haagen-Dazs Caramel Cone Ice Cream',NULL,NULL,'published','[\"products\\/10.jpg\"]','HS-186-A0',0,16,0,1,0,1,1,0,379,NULL,NULL,NULL,18.00,18.00,18.00,726.00,NULL,0,'2022-03-16 02:41:04','2022-03-22 19:29:17','in_stock',NULL,0,'Botble\\ACL\\Models\\User',0,NULL),(53,'Haagen-Dazs Caramel Cone Ice Cream',NULL,NULL,'published','[\"products\\/10-1.jpg\"]','HS-186-A0-A1',0,16,0,1,0,1,1,0,379,NULL,NULL,NULL,18.00,18.00,18.00,726.00,NULL,0,'2022-03-16 02:41:04','2022-03-22 19:29:17','in_stock',NULL,0,'Botble\\ACL\\Models\\User',0,NULL),(54,'Nestle Original Coffee-Mate Coffee Creamer',NULL,NULL,'published','[\"products\\/11.jpg\"]','HS-103-A0',0,10,0,1,0,4,1,0,110,NULL,NULL,NULL,17.00,10.00,19.00,802.00,NULL,0,'2022-03-16 02:41:04','2022-03-22 19:29:17','in_stock',NULL,0,'Botble\\ACL\\Models\\User',0,NULL),(55,'Nestle Original Coffee-Mate Coffee Creamer',NULL,NULL,'published','[\"products\\/11-1.jpg\"]','HS-103-A0-A1',0,10,0,1,0,4,1,0,110,NULL,NULL,NULL,17.00,10.00,19.00,802.00,NULL,0,'2022-03-16 02:41:04','2022-03-22 19:29:17','in_stock',NULL,0,'Botble\\ACL\\Models\\User',0,NULL),(56,'Naturally Flavored Cinnamon Vanilla Light Roast Coffee',NULL,NULL,'published','[\"products\\/12.jpg\"]','HS-102-A0',0,18,0,1,0,7,1,0,118,101.48,NULL,NULL,12.00,19.00,18.00,595.00,NULL,0,'2022-03-16 02:41:04','2022-03-22 19:29:17','in_stock',NULL,0,'Botble\\ACL\\Models\\User',0,NULL),(57,'Naturally Flavored Cinnamon Vanilla Light Roast Coffee',NULL,NULL,'published','[\"products\\/12-1.jpg\"]','HS-102-A0-A1',0,18,0,1,0,7,1,0,118,99.12,NULL,NULL,12.00,19.00,18.00,595.00,NULL,0,'2022-03-16 02:41:04','2022-03-22 19:29:17','in_stock',NULL,0,'Botble\\ACL\\Models\\User',0,NULL),(58,'Naturally Flavored Cinnamon Vanilla Light Roast Coffee',NULL,NULL,'published','[\"products\\/12.jpg\"]','HS-102-A0-A2',0,18,0,1,0,7,1,0,118,105.02,NULL,NULL,12.00,19.00,18.00,595.00,NULL,0,'2022-03-16 02:41:04','2022-03-22 19:29:17','in_stock',NULL,0,'Botble\\ACL\\Models\\User',0,NULL),(59,'Pepperidge Farm Farmhouse Hearty White Bread',NULL,NULL,'published','[\"products\\/13.jpg\"]','HS-145-A0',0,11,0,1,0,5,1,0,121,NULL,NULL,NULL,15.00,18.00,13.00,722.00,NULL,0,'2022-03-16 02:41:04','2022-03-22 19:29:17','in_stock',NULL,0,'Botble\\ACL\\Models\\User',0,NULL),(60,'Pepperidge Farm Farmhouse Hearty White Bread',NULL,NULL,'published','[\"products\\/13-1.jpg\"]','HS-145-A0-A1',0,11,0,1,0,5,1,0,121,NULL,NULL,NULL,15.00,18.00,13.00,722.00,NULL,0,'2022-03-16 02:41:04','2022-03-22 19:29:17','in_stock',NULL,0,'Botble\\ACL\\Models\\User',0,NULL),(61,'Pepperidge Farm Farmhouse Hearty White Bread',NULL,NULL,'published','[\"products\\/13.jpg\"]','HS-145-A0-A2',0,11,0,1,0,5,1,0,121,NULL,NULL,NULL,15.00,18.00,13.00,722.00,NULL,0,'2022-03-16 02:41:04','2022-03-22 19:29:17','in_stock',NULL,0,'Botble\\ACL\\Models\\User',0,NULL),(62,'Organic Frozen Triple Berry Blend',NULL,NULL,'published','[\"products\\/14.jpg\"]','HS-139-A0',0,10,0,1,0,5,1,0,125,NULL,NULL,NULL,13.00,12.00,15.00,522.00,NULL,0,'2022-03-16 02:41:04','2022-03-22 19:29:17','in_stock',NULL,0,'Botble\\ACL\\Models\\User',0,NULL),(63,'Organic Frozen Triple Berry Blend',NULL,NULL,'published','[\"products\\/14-1.jpg\"]','HS-139-A0-A1',0,10,0,1,0,5,1,0,125,NULL,NULL,NULL,13.00,12.00,15.00,522.00,NULL,0,'2022-03-16 02:41:04','2022-03-22 19:29:17','in_stock',NULL,0,'Botble\\ACL\\Models\\User',0,NULL),(64,'Organic Frozen Triple Berry Blend',NULL,NULL,'published','[\"products\\/14.jpg\"]','HS-139-A0-A2',0,10,0,1,0,5,1,0,125,NULL,NULL,NULL,13.00,12.00,15.00,522.00,NULL,0,'2022-03-16 02:41:04','2022-03-22 19:29:17','in_stock',NULL,0,'Botble\\ACL\\Models\\User',0,NULL),(65,'Oroweat Country Buttermilk Bread',NULL,NULL,'published','[\"products\\/15.jpg\"]','HS-185-A0',0,12,0,1,0,2,1,0,115,NULL,NULL,NULL,18.00,17.00,20.00,822.00,NULL,0,'2022-03-16 02:41:04','2022-03-22 19:29:17','in_stock',NULL,0,'Botble\\ACL\\Models\\User',0,NULL),(66,'Oroweat Country Buttermilk Bread',NULL,NULL,'published','[\"products\\/15-1.jpg\"]','HS-185-A0-A1',0,12,0,1,0,2,1,0,115,NULL,NULL,NULL,18.00,17.00,20.00,822.00,NULL,0,'2022-03-16 02:41:04','2022-03-22 19:29:17','in_stock',NULL,0,'Botble\\ACL\\Models\\User',0,NULL),(67,'Oroweat Country Buttermilk Bread',NULL,NULL,'published','[\"products\\/15.jpg\"]','HS-185-A0-A2',0,12,0,1,0,2,1,0,115,NULL,NULL,NULL,18.00,17.00,20.00,822.00,NULL,0,'2022-03-16 02:41:04','2022-03-22 19:29:17','in_stock',NULL,0,'Botble\\ACL\\Models\\User',0,NULL),(68,'Oroweat Country Buttermilk Bread',NULL,NULL,'published','[\"products\\/15.jpg\"]','HS-185-A0-A3',0,12,0,1,0,2,1,0,115,NULL,NULL,NULL,18.00,17.00,20.00,822.00,NULL,0,'2022-03-16 02:41:04','2022-03-22 19:29:17','in_stock',NULL,0,'Botble\\ACL\\Models\\User',0,NULL),(69,'Foster Farms Takeout Crispy Classic Buffalo Wings',NULL,NULL,'published','[\"products\\/16.jpg\"]','HS-106-A0',0,16,0,1,0,2,1,0,119,98.77,NULL,NULL,18.00,16.00,17.00,786.00,NULL,0,'2022-03-16 02:41:04','2022-03-22 19:29:17','in_stock',NULL,0,'Botble\\ACL\\Models\\User',0,NULL),(70,'Foster Farms Takeout Crispy Classic Buffalo Wings',NULL,NULL,'published','[\"products\\/16-1.jpg\"]','HS-106-A0-A1',0,16,0,1,0,2,1,0,119,105.91,NULL,NULL,18.00,16.00,17.00,786.00,NULL,0,'2022-03-16 02:41:04','2022-03-22 19:29:17','in_stock',NULL,0,'Botble\\ACL\\Models\\User',0,NULL),(71,'Angie’s Boomchickapop Sweet & Salty Kettle Corn',NULL,NULL,'published','[\"products\\/17.jpg\"]','HS-120-A0',0,11,0,1,0,6,1,0,119,NULL,NULL,NULL,12.00,15.00,15.00,882.00,NULL,0,'2022-03-16 02:41:04','2022-03-22 19:29:17','in_stock',NULL,0,'Botble\\ACL\\Models\\User',0,NULL),(72,'Angie’s Boomchickapop Sweet & Salty Kettle Corn',NULL,NULL,'published','[\"products\\/17-1.jpg\"]','HS-120-A0-A1',0,11,0,1,0,6,1,0,119,NULL,NULL,NULL,12.00,15.00,15.00,882.00,NULL,0,'2022-03-16 02:41:04','2022-03-22 19:29:17','in_stock',NULL,0,'Botble\\ACL\\Models\\User',0,NULL),(73,'Angie’s Boomchickapop Sweet & Salty Kettle Corn',NULL,NULL,'published','[\"products\\/17.jpg\"]','HS-120-A0-A2',0,11,0,1,0,6,1,0,119,NULL,NULL,NULL,12.00,15.00,15.00,882.00,NULL,0,'2022-03-16 02:41:04','2022-03-22 19:29:17','in_stock',NULL,0,'Botble\\ACL\\Models\\User',0,NULL),(74,'All Natural Italian-Style Chicken Meatballs',NULL,NULL,'published','[\"products\\/18.jpg\"]','HS-124-A0',0,12,0,1,0,4,1,0,120,NULL,NULL,NULL,16.00,10.00,15.00,715.00,NULL,0,'2022-03-16 02:41:04','2022-03-22 19:29:17','in_stock',NULL,0,'Botble\\ACL\\Models\\User',0,NULL),(75,'Simply Lemonade with Raspberry Juice',NULL,NULL,'published','[\"products\\/19.jpg\"]','HS-126-A0',0,19,0,1,0,3,1,0,125,NULL,NULL,NULL,18.00,10.00,12.00,701.00,NULL,0,'2022-03-16 02:41:04','2022-03-22 19:29:17','in_stock',NULL,0,'Botble\\ACL\\Models\\User',0,NULL),(76,'Simply Lemonade with Raspberry Juice',NULL,NULL,'published','[\"products\\/19-1.jpg\"]','HS-126-A0-A1',0,19,0,1,0,3,1,0,125,NULL,NULL,NULL,18.00,10.00,12.00,701.00,NULL,0,'2022-03-16 02:41:04','2022-03-22 19:29:17','in_stock',NULL,0,'Botble\\ACL\\Models\\User',0,NULL),(77,'Simply Lemonade with Raspberry Juice',NULL,NULL,'published','[\"products\\/19.jpg\"]','HS-126-A0-A2',0,19,0,1,0,3,1,0,125,NULL,NULL,NULL,18.00,10.00,12.00,701.00,NULL,0,'2022-03-16 02:41:04','2022-03-22 19:29:17','in_stock',NULL,0,'Botble\\ACL\\Models\\User',0,NULL),(78,'Perdue Simply Smart Organics Gluten Free',NULL,NULL,'published','[\"products\\/20.jpg\"]','HS-167-A0',0,18,0,1,0,2,1,0,123,107.01,NULL,NULL,19.00,11.00,15.00,836.00,NULL,0,'2022-03-16 02:41:04','2022-03-22 19:29:17','in_stock',NULL,0,'Botble\\ACL\\Models\\User',0,NULL),(79,'Chen Watermelon',NULL,NULL,'published','[\"products\\/21.jpg\"]','HS-136-A0',0,11,0,1,0,4,1,0,128,NULL,NULL,NULL,20.00,11.00,10.00,760.00,NULL,0,'2022-03-16 02:41:04','2022-03-22 19:29:17','in_stock',NULL,0,'Botble\\ACL\\Models\\User',0,NULL),(80,'Chen Watermelon',NULL,NULL,'published','[\"products\\/21-1.jpg\"]','HS-136-A0-A1',0,11,0,1,0,4,1,0,128,NULL,NULL,NULL,20.00,11.00,10.00,760.00,NULL,0,'2022-03-16 02:41:04','2022-03-22 19:29:17','in_stock',NULL,0,'Botble\\ACL\\Models\\User',0,NULL),(81,'Organic Cage-Free Grade A Large Brown Eggs',NULL,NULL,'published','[\"products\\/22.jpg\"]','HS-125-A0',0,14,0,1,0,3,1,0,113,NULL,NULL,NULL,14.00,16.00,13.00,844.00,NULL,0,'2022-03-16 02:41:04','2022-03-22 19:29:17','in_stock',NULL,0,'Botble\\ACL\\Models\\User',0,NULL),(82,'Organic Cage-Free Grade A Large Brown Eggs',NULL,NULL,'published','[\"products\\/22-1.jpg\"]','HS-125-A0-A1',0,14,0,1,0,3,1,0,113,NULL,NULL,NULL,14.00,16.00,13.00,844.00,NULL,0,'2022-03-16 02:41:04','2022-03-22 19:29:17','in_stock',NULL,0,'Botble\\ACL\\Models\\User',0,NULL),(83,'Colorful Banana',NULL,NULL,'published','[\"products\\/23.jpg\"]','HS-179-A0',0,12,0,1,0,4,1,0,130,NULL,NULL,NULL,19.00,15.00,12.00,519.00,NULL,0,'2022-03-16 02:41:04','2022-03-22 19:29:17','in_stock',NULL,0,'Botble\\ACL\\Models\\User',0,NULL),(84,'Colorful Banana',NULL,NULL,'published','[\"products\\/23-1.jpg\"]','HS-179-A0-A1',0,12,0,1,0,4,1,0,130,NULL,NULL,NULL,19.00,15.00,12.00,519.00,NULL,0,'2022-03-16 02:41:04','2022-03-22 19:29:17','in_stock',NULL,0,'Botble\\ACL\\Models\\User',0,NULL),(85,'Colorful Banana',NULL,NULL,'published','[\"products\\/23.jpg\"]','HS-179-A0-A2',0,12,0,1,0,4,1,0,130,NULL,NULL,NULL,19.00,15.00,12.00,519.00,NULL,0,'2022-03-16 02:41:04','2022-03-22 19:29:17','in_stock',NULL,0,'Botble\\ACL\\Models\\User',0,NULL),(86,'Colorful Banana',NULL,NULL,'published','[\"products\\/23.jpg\"]','HS-179-A0-A3',0,12,0,1,0,4,1,0,130,NULL,NULL,NULL,19.00,15.00,12.00,519.00,NULL,0,'2022-03-16 02:41:04','2022-03-22 19:29:17','in_stock',NULL,0,'Botble\\ACL\\Models\\User',0,NULL),(87,'Colorful Banana',NULL,NULL,'published','[\"products\\/23.jpg\"]','HS-179-A0-A4',0,12,0,1,0,4,1,0,130,NULL,NULL,NULL,19.00,15.00,12.00,519.00,NULL,0,'2022-03-16 02:41:04','2022-03-22 19:29:17','in_stock',NULL,0,'Botble\\ACL\\Models\\User',0,NULL),(88,'Signature Wood-Fired Mushroom and Caramelized',NULL,NULL,'published','[\"products\\/24.jpg\"]','HS-174-A0',0,13,0,1,0,5,1,0,115,98.9,NULL,NULL,19.00,13.00,13.00,645.00,NULL,0,'2022-03-16 02:41:04','2022-03-22 19:29:17','in_stock',NULL,0,'Botble\\ACL\\Models\\User',0,NULL),(89,'Signature Wood-Fired Mushroom and Caramelized',NULL,NULL,'published','[\"products\\/24-1.jpg\"]','HS-174-A0-A1',0,13,0,1,0,5,1,0,115,81.65,NULL,NULL,19.00,13.00,13.00,645.00,NULL,0,'2022-03-16 02:41:04','2022-03-22 19:29:17','in_stock',NULL,0,'Botble\\ACL\\Models\\User',0,NULL),(90,'Signature Wood-Fired Mushroom and Caramelized',NULL,NULL,'published','[\"products\\/24.jpg\"]','HS-174-A0-A2',0,13,0,1,0,5,1,0,115,98.9,NULL,NULL,19.00,13.00,13.00,645.00,NULL,0,'2022-03-16 02:41:04','2022-03-22 19:29:17','in_stock',NULL,0,'Botble\\ACL\\Models\\User',0,NULL);
/*!40000 ALTER TABLE `ec_products` ENABLE KEYS */;
UNLOCK TABLES;

--
-- Table structure for table `ec_products_translations`
--

DROP TABLE IF EXISTS `ec_products_translations`;
/*!40101 SET @saved_cs_client     = @@character_set_client */;
/*!50503 SET character_set_client = utf8mb4 */;
CREATE TABLE `ec_products_translations` (
  `lang_code` varchar(191) CHARACTER SET utf8mb4 COLLATE utf8mb4_unicode_ci NOT NULL,
  `ec_products_id` int NOT NULL,
  `name` varchar(191) CHARACTER SET utf8mb4 COLLATE utf8mb4_unicode_ci DEFAULT NULL,
  `description` text CHARACTER SET utf8mb4 COLLATE utf8mb4_unicode_ci,
  `content` text CHARACTER SET utf8mb4 COLLATE utf8mb4_unicode_ci,
  PRIMARY KEY (`lang_code`,`ec_products_id`)
) ENGINE=InnoDB DEFAULT CHARSET=utf8mb4 COLLATE=utf8mb4_unicode_ci;
/*!40101 SET character_set_client = @saved_cs_client */;

--
-- Dumping data for table `ec_products_translations`
--

LOCK TABLES `ec_products_translations` WRITE;
/*!40000 ALTER TABLE `ec_products_translations` DISABLE KEYS */;
INSERT INTO `ec_products_translations` VALUES ('vi',1,'Hạt Quinoa hữu cơ',NULL,NULL),('vi',2,'Thịt gà viên kiểu Ý tự nhiên',NULL,NULL),('vi',3,'Angie’s Boomchickapop Sweet & Salty',NULL,NULL),('vi',4,'Foster Farms Takeout Crispy Classic',NULL,NULL),('vi',5,'Diamond Almonds xanh nhạt',NULL,NULL),('vi',6,'Chobani vani Hy Lạp',NULL,NULL),('vi',7,'Gừng khô Canada',NULL,NULL),('vi',8,'Hải sản Alaska',NULL,NULL),('vi',9,'Cá phi lê tẩm Gorton',NULL,NULL),('vi',10,'Kem Haagen-Dazs Caramel Cone',NULL,NULL),('vi',11,'Máy làm kem cà phê nguyên bản của Nestle',NULL,NULL),('vi',12,'Cà phê rang nhẹ hương vị quế vani tự nhiên',NULL,NULL),('vi',13,'Pepperidge Farm Farmhouse Hearty White Bread',NULL,NULL),('vi',14,'Hỗn hợp ba quả mọng đông lạnh hữu cơ',NULL,NULL),('vi',15,'Bánh mì bơ sữa đồng quê Oroweat',NULL,NULL),('vi',16,'Foster Farms Takeout Crispy Classic Buffalo Wings',NULL,NULL),('vi',17,'Ngô Angie’s boomchickapop ngọt và mặn',NULL,NULL),('vi',18,'Thịt gà viên kiểu Ý tự nhiên',NULL,NULL),('vi',19,'Nước ép chanh và mâm xôi',NULL,NULL),('vi',20,'Perdue hữu cơ không chứa Gluten',NULL,NULL),('vi',21,'Dưa hấu chen',NULL,NULL),('vi',22,'Trứng loại A lớn hữu cơ',NULL,NULL),('vi',23,'Chuối đầy màu sắc',NULL,NULL),('vi',24,'Nấm đặc trưng và caramel',NULL,NULL),('vi',25,'Hạt Quinoa hữu cơ',NULL,NULL),('vi',26,'Hạt Quinoa hữu cơ',NULL,NULL),('vi',27,'Hạt Quinoa hữu cơ',NULL,NULL),('vi',28,'Thịt gà viên kiểu Ý tự nhiên',NULL,NULL),('vi',29,'Thịt gà viên kiểu Ý tự nhiên',NULL,NULL),('vi',30,'Thịt gà viên kiểu Ý tự nhiên',NULL,NULL),('vi',31,'Angie’s Boomchickapop Sweet & Salty',NULL,NULL),('vi',32,'Angie’s Boomchickapop Sweet & Salty',NULL,NULL),('vi',33,'Angie’s Boomchickapop Sweet & Salty',NULL,NULL),('vi',34,'Angie’s Boomchickapop Sweet & Salty',NULL,NULL),('vi',35,'Angie’s Boomchickapop Sweet & Salty',NULL,NULL),('vi',36,'Foster Farms Takeout Crispy Classic',NULL,NULL),('vi',37,'Foster Farms Takeout Crispy Classic',NULL,NULL),('vi',38,'Foster Farms Takeout Crispy Classic',NULL,NULL),('vi',39,'Diamond Almonds xanh nhạt',NULL,NULL),('vi',40,'Chobani vani Hy Lạp',NULL,NULL),('vi',41,'Chobani vani Hy Lạp',NULL,NULL),('vi',42,'Chobani vani Hy Lạp',NULL,NULL),('vi',43,'Gừng khô Canada',NULL,NULL),('vi',44,'Gừng khô Canada',NULL,NULL),('vi',45,'Gừng khô Canada',NULL,NULL),('vi',46,'Hải sản Alaska',NULL,NULL),('vi',47,'Hải sản Alaska',NULL,NULL),('vi',48,'Hải sản Alaska',NULL,NULL),('vi',49,'Hải sản Alaska',NULL,NULL),('vi',50,'Cá phi lê tẩm Gorton',NULL,NULL),('vi',51,'Cá phi lê tẩm Gorton',NULL,NULL),('vi',52,'Kem Haagen-Dazs Caramel Cone',NULL,NULL),('vi',53,'Kem Haagen-Dazs Caramel Cone',NULL,NULL),('vi',54,'Máy làm kem cà phê nguyên bản của Nestle',NULL,NULL),('vi',55,'Máy làm kem cà phê nguyên bản của Nestle',NULL,NULL),('vi',56,'Cà phê rang nhẹ hương vị quế vani tự nhiên',NULL,NULL),('vi',57,'Cà phê rang nhẹ hương vị quế vani tự nhiên',NULL,NULL),('vi',58,'Cà phê rang nhẹ hương vị quế vani tự nhiên',NULL,NULL),('vi',59,'Pepperidge Farm Farmhouse Hearty White Bread',NULL,NULL),('vi',60,'Pepperidge Farm Farmhouse Hearty White Bread',NULL,NULL),('vi',61,'Pepperidge Farm Farmhouse Hearty White Bread',NULL,NULL),('vi',62,'Hỗn hợp ba quả mọng đông lạnh hữu cơ',NULL,NULL),('vi',63,'Hỗn hợp ba quả mọng đông lạnh hữu cơ',NULL,NULL),('vi',64,'Hỗn hợp ba quả mọng đông lạnh hữu cơ',NULL,NULL),('vi',65,'Bánh mì bơ sữa đồng quê Oroweat',NULL,NULL),('vi',66,'Bánh mì bơ sữa đồng quê Oroweat',NULL,NULL),('vi',67,'Bánh mì bơ sữa đồng quê Oroweat',NULL,NULL),('vi',68,'Bánh mì bơ sữa đồng quê Oroweat',NULL,NULL),('vi',69,'Foster Farms Takeout Crispy Classic Buffalo Wings',NULL,NULL),('vi',70,'Foster Farms Takeout Crispy Classic Buffalo Wings',NULL,NULL),('vi',71,'Ngô Angie’s boomchickapop ngọt và mặn',NULL,NULL),('vi',72,'Ngô Angie’s boomchickapop ngọt và mặn',NULL,NULL),('vi',73,'Ngô Angie’s boomchickapop ngọt và mặn',NULL,NULL),('vi',74,'Thịt gà viên kiểu Ý tự nhiên',NULL,NULL),('vi',75,'Nước ép chanh và mâm xôi',NULL,NULL),('vi',76,'Nước ép chanh và mâm xôi',NULL,NULL),('vi',77,'Nước ép chanh và mâm xôi',NULL,NULL),('vi',78,'Perdue hữu cơ không chứa Gluten',NULL,NULL),('vi',79,'Dưa hấu chen',NULL,NULL),('vi',80,'Dưa hấu chen',NULL,NULL),('vi',81,'Trứng loại A lớn hữu cơ',NULL,NULL),('vi',82,'Trứng loại A lớn hữu cơ',NULL,NULL),('vi',83,'Chuối đầy màu sắc',NULL,NULL),('vi',84,'Chuối đầy màu sắc',NULL,NULL),('vi',85,'Chuối đầy màu sắc',NULL,NULL),('vi',86,'Chuối đầy màu sắc',NULL,NULL),('vi',87,'Chuối đầy màu sắc',NULL,NULL),('vi',88,'Nấm đặc trưng và caramel',NULL,NULL),('vi',89,'Nấm đặc trưng và caramel',NULL,NULL),('vi',90,'Nấm đặc trưng và caramel',NULL,NULL);
/*!40000 ALTER TABLE `ec_products_translations` ENABLE KEYS */;
UNLOCK TABLES;

--
-- Table structure for table `ec_reviews`
--

DROP TABLE IF EXISTS `ec_reviews`;
/*!40101 SET @saved_cs_client     = @@character_set_client */;
/*!50503 SET character_set_client = utf8mb4 */;
CREATE TABLE `ec_reviews` (
  `id` bigint unsigned NOT NULL AUTO_INCREMENT,
  `customer_id` int unsigned NOT NULL,
  `product_id` int unsigned NOT NULL,
  `star` double(8,2) NOT NULL,
  `comment` text CHARACTER SET utf8mb4 COLLATE utf8mb4_unicode_ci NOT NULL,
  `status` varchar(60) CHARACTER SET utf8mb4 COLLATE utf8mb4_unicode_ci NOT NULL DEFAULT 'published',
  `created_at` timestamp NULL DEFAULT NULL,
  `updated_at` timestamp NULL DEFAULT NULL,
  `images` text CHARACTER SET utf8mb4 COLLATE utf8mb4_unicode_ci,
  PRIMARY KEY (`id`),
  KEY `ec_reviews_product_id_customer_id_status_created_at_index` (`product_id`,`customer_id`,`status`,`created_at`)
) ENGINE=InnoDB AUTO_INCREMENT=101 DEFAULT CHARSET=utf8mb4 COLLATE=utf8mb4_unicode_ci;
/*!40101 SET character_set_client = @saved_cs_client */;

--
-- Dumping data for table `ec_reviews`
--

LOCK TABLES `ec_reviews` WRITE;
/*!40000 ALTER TABLE `ec_reviews` DISABLE KEYS */;
INSERT INTO `ec_reviews` VALUES (1,6,14,5.00,'Customer Support are grade (A*), however the code is a way too over engineered for it\'s purpose.','published','2022-03-16 02:41:08','2022-03-16 02:41:08','[\"products\\/2.jpg\",\"products\\/7.jpg\"]'),(2,3,7,3.00,'Solution is too robust for our purpose so we didn\'t use it at the end. But I appreciate customer support during initial configuration.','published','2022-03-16 02:41:08','2022-03-16 02:41:08','[\"products\\/2.jpg\",\"products\\/7.jpg\"]'),(3,3,15,3.00,'Ok good product. I have some issues in customizations. But its not correct to blame the developer. The product is good. Good luck for your business.','published','2022-03-16 02:41:08','2022-03-16 02:41:08','[\"products\\/3.jpg\",\"products\\/7.jpg\",\"products\\/20.jpg\"]'),(4,5,10,4.00,'The script is the best of its class, fast, easy to implement and work with , and the most important thing is the great support team , Recommend with no doubt.','published','2022-03-16 02:41:08','2022-03-16 02:41:08','[\"products\\/3.jpg\"]'),(5,1,17,2.00,'Great system, great support, good job Botble. I\'m looking forward to more great functional plugins.','published','2022-03-16 02:41:08','2022-03-16 02:41:08','{\"0\":\"products\\/3.jpg\",\"2\":\"products\\/19.jpg\"}'),(6,7,9,1.00,'The best store template! Excellent coding! Very good support! Thank you so much for all the help, I really appreciated.','published','2022-03-16 02:41:08','2022-03-16 02:41:08','{\"0\":\"products\\/1.jpg\",\"2\":\"products\\/13.jpg\"}'),(7,8,6,5.00,'We have received brilliant service support and will be expanding the features with the developer. Nice product!','published','2022-03-16 02:41:08','2022-03-16 02:41:08','[\"products\\/3.jpg\",\"products\\/7.jpg\",\"products\\/20.jpg\"]'),(8,5,6,2.00,'Cool template. Excellent code quality. The support responds very quickly, which is very rare on themeforest and codecanyon.net, I buy a lot of templates, and everyone will have a response from technical support for two or three days. Thanks to tech support. I recommend to buy.','published','2022-03-16 02:41:08','2022-03-16 02:41:08','[\"products\\/4.jpg\",\"products\\/5.jpg\"]'),(9,10,4,5.00,'Amazing code, amazing support. Overall, im really confident in Botble and im happy I made the right choice! Thank you so much guys for coding this masterpiece','published','2022-03-16 02:41:08','2022-03-16 02:41:08','[\"products\\/4.jpg\"]'),(10,7,23,5.00,'We have received brilliant service support and will be expanding the features with the developer. Nice product!','published','2022-03-16 02:41:08','2022-03-16 02:41:08','[\"products\\/3.jpg\"]'),(11,9,16,5.00,'This web app is really good in design, code quality & features. Besides, the customer support provided by the Botble team was really fast & helpful. You guys are awesome!','published','2022-03-16 02:41:08','2022-03-16 02:41:08','[\"products\\/1.jpg\",\"products\\/7.jpg\"]'),(12,1,23,3.00,'Clean & perfect source code','published','2022-03-16 02:41:08','2022-03-16 02:41:08','[\"products\\/1.jpg\"]'),(13,2,20,1.00,'Good app, good backup service and support. Good documentation.','published','2022-03-16 02:41:08','2022-03-16 02:41:08','[\"products\\/1.jpg\",\"products\\/5.jpg\"]'),(14,3,11,3.00,'Solution is too robust for our purpose so we didn\'t use it at the end. But I appreciate customer support during initial configuration.','published','2022-03-16 02:41:08','2022-03-16 02:41:08','{\"0\":\"products\\/3.jpg\",\"2\":\"products\\/20.jpg\"}'),(15,8,14,1.00,'Best ecommerce CMS online store!','published','2022-03-16 02:41:08','2022-03-16 02:41:08','[\"products\\/2.jpg\",\"products\\/6.jpg\",\"products\\/12.jpg\"]'),(16,1,14,2.00,'The best store template! Excellent coding! Very good support! Thank you so much for all the help, I really appreciated.','published','2022-03-16 02:41:08','2022-03-16 02:41:08','[\"products\\/2.jpg\",\"products\\/5.jpg\"]'),(17,2,12,2.00,'This web app is really good in design, code quality & features. Besides, the customer support provided by the Botble team was really fast & helpful. You guys are awesome!','published','2022-03-16 02:41:08','2022-03-16 02:41:08','[\"products\\/2.jpg\"]'),(18,1,19,2.00,'It\'s not my first experience here on Codecanyon and I can honestly tell you all that Botble puts a LOT of effort into the support. They answer so fast, they helped me tons of times. REALLY by far THE BEST EXPERIENCE on Codecanyon. Those guys at Botble are so good that they deserve 5 stars. I recommend them, I trust them and I can\'t wait to see what they will sell in a near future. Thank you Botble :)','published','2022-03-16 02:41:08','2022-03-16 02:41:08','[\"products\\/1.jpg\",\"products\\/6.jpg\"]'),(19,8,5,4.00,'The best ecommerce CMS! Excellent coding! best support service! Thank you so much..... I really like your hard work.','published','2022-03-16 02:41:08','2022-03-16 02:41:08','[\"products\\/1.jpg\",\"products\\/5.jpg\"]'),(20,10,6,2.00,'Cool template. Excellent code quality. The support responds very quickly, which is very rare on themeforest and codecanyon.net, I buy a lot of templates, and everyone will have a response from technical support for two or three days. Thanks to tech support. I recommend to buy.','published','2022-03-16 02:41:08','2022-03-16 02:41:08','[\"products\\/4.jpg\",\"products\\/6.jpg\"]'),(21,5,1,1.00,'The code is good, in general, if you like it, can you give it 5 stars?','published','2022-03-16 02:41:08','2022-03-16 02:41:08','[\"products\\/2.jpg\"]'),(22,1,3,1.00,'Those guys now what they are doing, the release such a good product that it\'s a pleasure to work with ! Even when I was stuck on the project, I created a ticket and the next day it was replied by the team. GOOD JOB guys. I love working with them :)','published','2022-03-16 02:41:08','2022-03-16 02:41:08','[\"products\\/3.jpg\"]'),(23,1,8,3.00,'It\'s not my first experience here on Codecanyon and I can honestly tell you all that Botble puts a LOT of effort into the support. They answer so fast, they helped me tons of times. REALLY by far THE BEST EXPERIENCE on Codecanyon. Those guys at Botble are so good that they deserve 5 stars. I recommend them, I trust them and I can\'t wait to see what they will sell in a near future. Thank you Botble :)','published','2022-03-16 02:41:08','2022-03-16 02:41:08','[\"products\\/1.jpg\",\"products\\/5.jpg\"]'),(24,4,2,5.00,'Best ecommerce CMS online store!','published','2022-03-16 02:41:08','2022-03-16 02:41:08','[\"products\\/4.jpg\",\"products\\/7.jpg\"]'),(25,5,1,4.00,'Those guys now what they are doing, the release such a good product that it\'s a pleasure to work with ! Even when I was stuck on the project, I created a ticket and the next day it was replied by the team. GOOD JOB guys. I love working with them :)','published','2022-03-16 02:41:08','2022-03-16 02:41:08','[\"products\\/1.jpg\",\"products\\/5.jpg\",\"products\\/9.jpg\"]'),(26,6,19,4.00,'Cool template. Excellent code quality. The support responds very quickly, which is very rare on themeforest and codecanyon.net, I buy a lot of templates, and everyone will have a response from technical support for two or three days. Thanks to tech support. I recommend to buy.','published','2022-03-16 02:41:08','2022-03-16 02:41:08','[\"products\\/1.jpg\",\"products\\/5.jpg\"]'),(27,4,10,3.00,'Ok good product. I have some issues in customizations. But its not correct to blame the developer. The product is good. Good luck for your business.','published','2022-03-16 02:41:08','2022-03-16 02:41:08','[\"products\\/1.jpg\"]'),(28,4,1,5.00,'Perfect +++++++++ i love it really also i get to fast ticket answers... Thanks Lot BOTBLE Teams','published','2022-03-16 02:41:08','2022-03-16 02:41:08','[\"products\\/1.jpg\",\"products\\/5.jpg\"]'),(29,1,10,2.00,'For me the best eCommerce script on Envato at this moment: modern, clean code, a lot of great features. The customer support is great too: I always get an answer within hours!','published','2022-03-16 02:41:08','2022-03-16 02:41:08','[\"products\\/2.jpg\",\"products\\/6.jpg\",\"products\\/17.jpg\"]'),(30,3,4,3.00,'Good app, good backup service and support. Good documentation.','published','2022-03-16 02:41:08','2022-03-16 02:41:08','[\"products\\/2.jpg\",\"products\\/5.jpg\"]'),(31,10,3,3.00,'Second or third time that I buy a Botble product, happy with the products and support. You guys do a good job :)','published','2022-03-16 02:41:08','2022-03-16 02:41:08','{\"0\":\"products\\/3.jpg\",\"2\":\"products\\/21.jpg\"}'),(32,8,8,5.00,'Good app, good backup service and support. Good documentation.','published','2022-03-16 02:41:08','2022-03-16 02:41:08','[\"products\\/2.jpg\",\"products\\/7.jpg\"]'),(33,2,5,3.00,'The code is good, in general, if you like it, can you give it 5 stars?','published','2022-03-16 02:41:08','2022-03-16 02:41:08','[\"products\\/1.jpg\"]'),(34,2,9,5.00,'This script is well coded and is super fast. The support is pretty quick. Very patient and helpful team. I strongly recommend it and they deserve more than 5 stars.','published','2022-03-16 02:41:08','2022-03-16 02:41:08','[\"products\\/4.jpg\",\"products\\/6.jpg\"]'),(35,7,23,2.00,'Great E-commerce system. And much more : Wonderful Customer Support.','published','2022-03-16 02:41:08','2022-03-16 02:41:08','[\"products\\/4.jpg\",\"products\\/7.jpg\",\"products\\/22.jpg\"]'),(36,10,22,4.00,'This script is well coded and is super fast. The support is pretty quick. Very patient and helpful team. I strongly recommend it and they deserve more than 5 stars.','published','2022-03-16 02:41:08','2022-03-16 02:41:08','[\"products\\/3.jpg\",\"products\\/5.jpg\"]'),(37,6,14,3.00,'The code is good, in general, if you like it, can you give it 5 stars?','published','2022-03-16 02:41:08','2022-03-16 02:41:08','{\"0\":\"products\\/4.jpg\",\"2\":\"products\\/19.jpg\"}'),(38,8,3,4.00,'Solution is too robust for our purpose so we didn\'t use it at the end. But I appreciate customer support during initial configuration.','published','2022-03-16 02:41:08','2022-03-16 02:41:08','[\"products\\/3.jpg\",\"products\\/6.jpg\"]'),(39,8,10,1.00,'As a developer I reviewed this script. This is really awesome ecommerce script. I have convinced when I noticed that it\'s built on fully WordPress concept.','published','2022-03-16 02:41:08','2022-03-16 02:41:08','[\"products\\/1.jpg\",\"products\\/5.jpg\"]'),(40,1,12,3.00,'This web app is really good in design, code quality & features. Besides, the customer support provided by the Botble team was really fast & helpful. You guys are awesome!','published','2022-03-16 02:41:08','2022-03-16 02:41:08','[\"products\\/1.jpg\",\"products\\/6.jpg\"]'),(41,10,23,4.00,'As a developer I reviewed this script. This is really awesome ecommerce script. I have convinced when I noticed that it\'s built on fully WordPress concept.','published','2022-03-16 02:41:08','2022-03-16 02:41:08','[\"products\\/4.jpg\",\"products\\/5.jpg\",\"products\\/13.jpg\"]'),(42,10,10,1.00,'This web app is really good in design, code quality & features. Besides, the customer support provided by the Botble team was really fast & helpful. You guys are awesome!','published','2022-03-16 02:41:08','2022-03-16 02:41:08','[\"products\\/3.jpg\"]'),(43,4,24,4.00,'These guys are amazing! Responses immediately, amazing support and help... I immediately feel at ease after Purchasing..','published','2022-03-16 02:41:08','2022-03-16 02:41:08','[\"products\\/2.jpg\",\"products\\/6.jpg\",\"products\\/17.jpg\"]'),(44,7,17,4.00,'Best ecommerce CMS online store!','published','2022-03-16 02:41:08','2022-03-16 02:41:08','[\"products\\/2.jpg\",\"products\\/7.jpg\",\"products\\/24.jpg\"]'),(45,9,11,2.00,'As a developer I reviewed this script. This is really awesome ecommerce script. I have convinced when I noticed that it\'s built on fully WordPress concept.','published','2022-03-16 02:41:08','2022-03-16 02:41:08','[\"products\\/4.jpg\"]'),(46,8,4,4.00,'The best ecommerce CMS! Excellent coding! best support service! Thank you so much..... I really like your hard work.','published','2022-03-16 02:41:08','2022-03-16 02:41:08','[\"products\\/2.jpg\",\"products\\/5.jpg\"]'),(47,1,5,1.00,'I Love this Script. I also found how to add other fees. Now I just wait the BIG update for the Marketplace with the Bulk Import. Just do not forget to make it to be Multi-language for us the Botble Fans.','published','2022-03-16 02:41:08','2022-03-16 02:41:08','[\"products\\/4.jpg\",\"products\\/5.jpg\"]'),(48,6,16,1.00,'Great E-commerce system. And much more : Wonderful Customer Support.','published','2022-03-16 02:41:08','2022-03-16 02:41:08','[\"products\\/3.jpg\",\"products\\/6.jpg\"]'),(49,6,6,3.00,'Good app, good backup service and support. Good documentation.','published','2022-03-16 02:41:08','2022-03-16 02:41:08','[\"products\\/1.jpg\",\"products\\/7.jpg\",\"products\\/23.jpg\"]'),(50,2,12,2.00,'The best ecommerce CMS! Excellent coding! best support service! Thank you so much..... I really like your hard work.','published','2022-03-16 02:41:08','2022-03-16 02:41:08','[\"products\\/2.jpg\",\"products\\/6.jpg\",\"products\\/15.jpg\"]'),(51,8,18,2.00,'Very enthusiastic support! Excellent code is written. It\'s a true pleasure working with.','published','2022-03-16 02:41:08','2022-03-16 02:41:08','[\"products\\/4.jpg\",\"products\\/7.jpg\"]'),(52,8,13,2.00,'The best ecommerce CMS! Excellent coding! best support service! Thank you so much..... I really like your hard work.','published','2022-03-16 02:41:08','2022-03-16 02:41:08','[\"products\\/2.jpg\",\"products\\/7.jpg\"]'),(53,10,6,3.00,'This script is well coded and is super fast. The support is pretty quick. Very patient and helpful team. I strongly recommend it and they deserve more than 5 stars.','published','2022-03-16 02:41:08','2022-03-16 02:41:08','[\"products\\/4.jpg\",\"products\\/5.jpg\"]'),(54,5,6,5.00,'We have received brilliant service support and will be expanding the features with the developer. Nice product!','published','2022-03-16 02:41:08','2022-03-16 02:41:08','[\"products\\/4.jpg\",\"products\\/5.jpg\"]'),(55,3,18,2.00,'I Love this Script. I also found how to add other fees. Now I just wait the BIG update for the Marketplace with the Bulk Import. Just do not forget to make it to be Multi-language for us the Botble Fans.','published','2022-03-16 02:41:08','2022-03-16 02:41:08','{\"0\":\"products\\/1.jpg\",\"2\":\"products\\/21.jpg\"}'),(56,2,9,3.00,'Those guys now what they are doing, the release such a good product that it\'s a pleasure to work with ! Even when I was stuck on the project, I created a ticket and the next day it was replied by the team. GOOD JOB guys. I love working with them :)','published','2022-03-16 02:41:08','2022-03-16 02:41:08','[\"products\\/2.jpg\",\"products\\/7.jpg\",\"products\\/21.jpg\"]'),(57,5,5,4.00,'Solution is too robust for our purpose so we didn\'t use it at the end. But I appreciate customer support during initial configuration.','published','2022-03-16 02:41:08','2022-03-16 02:41:08','[\"products\\/4.jpg\",\"products\\/7.jpg\",\"products\\/20.jpg\"]'),(58,7,19,3.00,'For me the best eCommerce script on Envato at this moment: modern, clean code, a lot of great features. The customer support is great too: I always get an answer within hours!','published','2022-03-16 02:41:08','2022-03-16 02:41:08','[\"products\\/2.jpg\",\"products\\/7.jpg\",\"products\\/21.jpg\"]'),(59,10,7,5.00,'Ok good product. I have some issues in customizations. But its not correct to blame the developer. The product is good. Good luck for your business.','published','2022-03-16 02:41:08','2022-03-16 02:41:08','[\"products\\/2.jpg\",\"products\\/5.jpg\"]'),(60,5,13,5.00,'I Love this Script. I also found how to add other fees. Now I just wait the BIG update for the Marketplace with the Bulk Import. Just do not forget to make it to be Multi-language for us the Botble Fans.','published','2022-03-16 02:41:08','2022-03-16 02:41:08','[\"products\\/3.jpg\",\"products\\/5.jpg\"]'),(61,8,13,3.00,'The code is good, in general, if you like it, can you give it 5 stars?','published','2022-03-16 02:41:08','2022-03-16 02:41:08','[\"products\\/4.jpg\"]'),(62,3,15,2.00,'The best ecommerce CMS! Excellent coding! best support service! Thank you so much..... I really like your hard work.','published','2022-03-16 02:41:08','2022-03-16 02:41:08','[\"products\\/3.jpg\",\"products\\/7.jpg\"]'),(63,6,9,2.00,'Customer Support are grade (A*), however the code is a way too over engineered for it\'s purpose.','published','2022-03-16 02:41:08','2022-03-16 02:41:08','[\"products\\/2.jpg\"]'),(64,3,7,4.00,'For me the best eCommerce script on Envato at this moment: modern, clean code, a lot of great features. The customer support is great too: I always get an answer within hours!','published','2022-03-16 02:41:08','2022-03-16 02:41:08','[\"products\\/1.jpg\",\"products\\/5.jpg\"]'),(65,7,12,3.00,'I Love this Script. I also found how to add other fees. Now I just wait the BIG update for the Marketplace with the Bulk Import. Just do not forget to make it to be Multi-language for us the Botble Fans.','published','2022-03-16 02:41:08','2022-03-16 02:41:08','[\"products\\/2.jpg\",\"products\\/7.jpg\"]'),(66,9,18,3.00,'Cool template. Excellent code quality. The support responds very quickly, which is very rare on themeforest and codecanyon.net, I buy a lot of templates, and everyone will have a response from technical support for two or three days. Thanks to tech support. I recommend to buy.','published','2022-03-16 02:41:08','2022-03-16 02:41:08','[\"products\\/4.jpg\",\"products\\/6.jpg\"]'),(67,7,24,2.00,'Those guys now what they are doing, the release such a good product that it\'s a pleasure to work with ! Even when I was stuck on the project, I created a ticket and the next day it was replied by the team. GOOD JOB guys. I love working with them :)','published','2022-03-16 02:41:08','2022-03-16 02:41:08','[\"products\\/3.jpg\"]'),(68,3,7,1.00,'Clean & perfect source code','published','2022-03-16 02:41:08','2022-03-16 02:41:08','[\"products\\/2.jpg\",\"products\\/5.jpg\",\"products\\/16.jpg\"]'),(69,8,23,2.00,'Best ecommerce CMS online store!','published','2022-03-16 02:41:08','2022-03-16 02:41:08','[\"products\\/1.jpg\"]'),(70,9,1,2.00,'Amazing code, amazing support. Overall, im really confident in Botble and im happy I made the right choice! Thank you so much guys for coding this masterpiece','published','2022-03-16 02:41:08','2022-03-16 02:41:08','[\"products\\/4.jpg\",\"products\\/5.jpg\"]'),(71,1,2,3.00,'These guys are amazing! Responses immediately, amazing support and help... I immediately feel at ease after Purchasing..','published','2022-03-16 02:41:08','2022-03-16 02:41:08','[\"products\\/2.jpg\",\"products\\/7.jpg\",\"products\\/17.jpg\"]'),(72,1,19,4.00,'For me the best eCommerce script on Envato at this moment: modern, clean code, a lot of great features. The customer support is great too: I always get an answer within hours!','published','2022-03-16 02:41:08','2022-03-16 02:41:08','[\"products\\/4.jpg\",\"products\\/5.jpg\"]'),(73,5,12,4.00,'This script is well coded and is super fast. The support is pretty quick. Very patient and helpful team. I strongly recommend it and they deserve more than 5 stars.','published','2022-03-16 02:41:08','2022-03-16 02:41:08','[\"products\\/1.jpg\"]'),(74,7,1,3.00,'It\'s not my first experience here on Codecanyon and I can honestly tell you all that Botble puts a LOT of effort into the support. They answer so fast, they helped me tons of times. REALLY by far THE BEST EXPERIENCE on Codecanyon. Those guys at Botble are so good that they deserve 5 stars. I recommend them, I trust them and I can\'t wait to see what they will sell in a near future. Thank you Botble :)','published','2022-03-16 02:41:08','2022-03-16 02:41:08','[\"products\\/2.jpg\",\"products\\/6.jpg\"]'),(75,1,12,4.00,'These guys are amazing! Responses immediately, amazing support and help... I immediately feel at ease after Purchasing..','published','2022-03-16 02:41:08','2022-03-16 02:41:08','[\"products\\/4.jpg\",\"products\\/6.jpg\"]'),(76,6,10,5.00,'The script is the best of its class, fast, easy to implement and work with , and the most important thing is the great support team , Recommend with no doubt.','published','2022-03-16 02:41:08','2022-03-16 02:41:08','[\"products\\/4.jpg\",\"products\\/6.jpg\"]'),(77,7,9,2.00,'The code is good, in general, if you like it, can you give it 5 stars?','published','2022-03-16 02:41:08','2022-03-16 02:41:08','[\"products\\/1.jpg\",\"products\\/7.jpg\"]'),(78,8,8,1.00,'Ok good product. I have some issues in customizations. But its not correct to blame the developer. The product is good. Good luck for your business.','published','2022-03-16 02:41:08','2022-03-16 02:41:08','[\"products\\/4.jpg\",\"products\\/7.jpg\"]'),(79,8,24,2.00,'Great system, great support, good job Botble. I\'m looking forward to more great functional plugins.','published','2022-03-16 02:41:08','2022-03-16 02:41:08','[\"products\\/1.jpg\",\"products\\/6.jpg\"]'),(80,9,18,4.00,'Amazing code, amazing support. Overall, im really confident in Botble and im happy I made the right choice! Thank you so much guys for coding this masterpiece','published','2022-03-16 02:41:08','2022-03-16 02:41:08','[\"products\\/2.jpg\",\"products\\/5.jpg\",\"products\\/15.jpg\"]'),(81,3,6,2.00,'Solution is too robust for our purpose so we didn\'t use it at the end. But I appreciate customer support during initial configuration.','published','2022-03-16 02:41:08','2022-03-16 02:41:08','[\"products\\/3.jpg\",\"products\\/7.jpg\",\"products\\/18.jpg\"]'),(82,2,9,3.00,'As a developer I reviewed this script. This is really awesome ecommerce script. I have convinced when I noticed that it\'s built on fully WordPress concept.','published','2022-03-16 02:41:08','2022-03-16 02:41:08','[\"products\\/4.jpg\",\"products\\/5.jpg\"]'),(83,2,3,4.00,'Customer Support are grade (A*), however the code is a way too over engineered for it\'s purpose.','published','2022-03-16 02:41:08','2022-03-16 02:41:08','[\"products\\/3.jpg\"]'),(84,1,11,1.00,'Solution is too robust for our purpose so we didn\'t use it at the end. But I appreciate customer support during initial configuration.','published','2022-03-16 02:41:08','2022-03-16 02:41:08','[\"products\\/3.jpg\",\"products\\/6.jpg\"]'),(85,8,4,1.00,'Cool template. Excellent code quality. The support responds very quickly, which is very rare on themeforest and codecanyon.net, I buy a lot of templates, and everyone will have a response from technical support for two or three days. Thanks to tech support. I recommend to buy.','published','2022-03-16 02:41:08','2022-03-16 02:41:08','[\"products\\/4.jpg\",\"products\\/6.jpg\",\"products\\/16.jpg\"]'),(86,9,15,2.00,'Good app, good backup service and support. Good documentation.','published','2022-03-16 02:41:08','2022-03-16 02:41:08','[\"products\\/1.jpg\"]'),(87,6,6,4.00,'Cool template. Excellent code quality. The support responds very quickly, which is very rare on themeforest and codecanyon.net, I buy a lot of templates, and everyone will have a response from technical support for two or three days. Thanks to tech support. I recommend to buy.','published','2022-03-16 02:41:08','2022-03-16 02:41:08','[\"products\\/3.jpg\"]'),(88,10,4,2.00,'Great system, great support, good job Botble. I\'m looking forward to more great functional plugins.','published','2022-03-16 02:41:08','2022-03-16 02:41:08','[\"products\\/2.jpg\"]'),(89,10,17,2.00,'Great E-commerce system. And much more : Wonderful Customer Support.','published','2022-03-16 02:41:08','2022-03-16 02:41:08','[\"products\\/4.jpg\",\"products\\/6.jpg\"]'),(90,5,14,4.00,'Second or third time that I buy a Botble product, happy with the products and support. You guys do a good job :)','published','2022-03-16 02:41:08','2022-03-16 02:41:08','[\"products\\/1.jpg\"]'),(91,8,12,1.00,'The script is the best of its class, fast, easy to implement and work with , and the most important thing is the great support team , Recommend with no doubt.','published','2022-03-16 02:41:08','2022-03-16 02:41:08','[\"products\\/2.jpg\",\"products\\/7.jpg\",\"products\\/11.jpg\"]'),(92,9,8,2.00,'Cool template. Excellent code quality. The support responds very quickly, which is very rare on themeforest and codecanyon.net, I buy a lot of templates, and everyone will have a response from technical support for two or three days. Thanks to tech support. I recommend to buy.','published','2022-03-16 02:41:08','2022-03-16 02:41:08','[\"products\\/3.jpg\",\"products\\/7.jpg\"]'),(93,5,8,4.00,'Customer Support are grade (A*), however the code is a way too over engineered for it\'s purpose.','published','2022-03-16 02:41:08','2022-03-16 02:41:08','[\"products\\/3.jpg\",\"products\\/6.jpg\"]'),(94,5,10,4.00,'Amazing code, amazing support. Overall, im really confident in Botble and im happy I made the right choice! Thank you so much guys for coding this masterpiece','published','2022-03-16 02:41:08','2022-03-16 02:41:08','[\"products\\/3.jpg\",\"products\\/7.jpg\"]'),(95,2,16,2.00,'As a developer I reviewed this script. This is really awesome ecommerce script. I have convinced when I noticed that it\'s built on fully WordPress concept.','published','2022-03-16 02:41:08','2022-03-16 02:41:08','[\"products\\/4.jpg\",\"products\\/7.jpg\"]'),(96,1,13,3.00,'Ok good product. I have some issues in customizations. But its not correct to blame the developer. The product is good. Good luck for your business.','published','2022-03-16 02:41:08','2022-03-16 02:41:08','[\"products\\/3.jpg\"]'),(97,10,10,4.00,'This web app is really good in design, code quality & features. Besides, the customer support provided by the Botble team was really fast & helpful. You guys are awesome!','published','2022-03-16 02:41:08','2022-03-16 02:41:08','[\"products\\/1.jpg\",\"products\\/7.jpg\"]'),(98,9,19,4.00,'Solution is too robust for our purpose so we didn\'t use it at the end. But I appreciate customer support during initial configuration.','published','2022-03-16 02:41:08','2022-03-16 02:41:08','[\"products\\/4.jpg\",\"products\\/5.jpg\"]'),(99,8,1,2.00,'We have received brilliant service support and will be expanding the features with the developer. Nice product!','published','2022-03-16 02:41:08','2022-03-16 02:41:08','[\"products\\/1.jpg\",\"products\\/6.jpg\",\"products\\/22.jpg\"]'),(100,4,19,4.00,'Very enthusiastic support! Excellent code is written. It\'s a true pleasure working with.','published','2022-03-16 02:41:08','2022-03-16 02:41:08','[\"products\\/2.jpg\",\"products\\/7.jpg\"]');
/*!40000 ALTER TABLE `ec_reviews` ENABLE KEYS */;
UNLOCK TABLES;

--
-- Table structure for table `ec_shipment_histories`
--

DROP TABLE IF EXISTS `ec_shipment_histories`;
/*!40101 SET @saved_cs_client     = @@character_set_client */;
/*!50503 SET character_set_client = utf8mb4 */;
CREATE TABLE `ec_shipment_histories` (
  `id` bigint unsigned NOT NULL AUTO_INCREMENT,
  `action` varchar(120) CHARACTER SET utf8mb4 COLLATE utf8mb4_unicode_ci NOT NULL,
  `description` varchar(255) CHARACTER SET utf8mb4 COLLATE utf8mb4_unicode_ci NOT NULL,
  `user_id` int unsigned DEFAULT NULL,
  `shipment_id` int unsigned NOT NULL,
  `order_id` int unsigned NOT NULL,
  `created_at` timestamp NULL DEFAULT NULL,
  `updated_at` timestamp NULL DEFAULT NULL,
  PRIMARY KEY (`id`)
) ENGINE=InnoDB AUTO_INCREMENT=125 DEFAULT CHARSET=utf8mb4 COLLATE=utf8mb4_unicode_ci;
/*!40101 SET character_set_client = @saved_cs_client */;

--
-- Dumping data for table `ec_shipment_histories`
--

LOCK TABLES `ec_shipment_histories` WRITE;
/*!40000 ALTER TABLE `ec_shipment_histories` DISABLE KEYS */;
INSERT INTO `ec_shipment_histories` VALUES (1,'create_from_order','Shipping was created from order %order_id%',0,1,1,'2022-04-05 20:19:54','2022-04-05 20:19:54'),(2,'update_status','Changed status of shipping to : Approved . Updated by: %user_name%',0,1,1,'2022-04-19 04:19:54','2022-04-20 20:19:54'),(3,'update_status','Changed status of shipping to : Delivered . Updated by: %user_name%',0,1,1,'2022-04-20 20:19:54','2022-04-20 20:19:54'),(4,'create_from_order','Shipping was created from order %order_id%',0,2,2,'2022-04-19 04:19:54','2022-04-19 04:19:54'),(5,'update_status','Changed status of shipping to : Approved . Updated by: %user_name%',0,2,2,'2022-04-19 04:19:54','2022-04-20 20:19:54'),(6,'create_from_order','Shipping was created from order %order_id%',0,3,3,'2022-04-15 20:19:54','2022-04-15 20:19:54'),(7,'update_status','Changed status of shipping to : Approved . Updated by: %user_name%',0,3,3,'2022-04-19 04:19:54','2022-04-20 20:19:54'),(8,'create_from_order','Shipping was created from order %order_id%',0,4,4,'2022-04-11 08:19:54','2022-04-11 08:19:54'),(9,'update_status','Changed status of shipping to : Approved . Updated by: %user_name%',0,4,4,'2022-04-19 06:19:54','2022-04-20 20:19:54'),(10,'update_status','Changed status of shipping to : Delivered . Updated by: %user_name%',0,4,4,'2022-04-20 20:19:54','2022-04-20 20:19:54'),(11,'create_from_order','Shipping was created from order %order_id%',0,5,5,'2022-04-08 04:19:54','2022-04-08 04:19:54'),(12,'update_status','Changed status of shipping to : Approved . Updated by: %user_name%',0,5,5,'2022-04-19 06:19:54','2022-04-20 20:19:54'),(13,'create_from_order','Shipping was created from order %order_id%',0,6,6,'2022-04-16 02:19:54','2022-04-16 02:19:54'),(14,'update_status','Changed status of shipping to : Approved . Updated by: %user_name%',0,6,6,'2022-04-19 06:19:54','2022-04-20 20:19:54'),(15,'update_status','Changed status of shipping to : Delivered . Updated by: %user_name%',0,6,6,'2022-04-20 20:19:54','2022-04-20 20:19:54'),(16,'create_from_order','Shipping was created from order %order_id%',0,7,7,'2022-04-17 20:19:54','2022-04-17 20:19:54'),(17,'update_status','Changed status of shipping to : Approved . Updated by: %user_name%',0,7,7,'2022-04-19 08:19:54','2022-04-20 20:19:54'),(18,'update_status','Changed status of shipping to : Delivered . Updated by: %user_name%',0,7,7,'2022-04-20 20:19:54','2022-04-20 20:19:54'),(19,'create_from_order','Shipping was created from order %order_id%',0,8,8,'2022-04-19 08:19:54','2022-04-19 08:19:54'),(20,'update_status','Changed status of shipping to : Approved . Updated by: %user_name%',0,8,8,'2022-04-19 08:19:54','2022-04-20 20:19:54'),(21,'update_status','Changed status of shipping to : Delivered . Updated by: %user_name%',0,8,8,'2022-04-20 20:19:54','2022-04-20 20:19:54'),(22,'create_from_order','Shipping was created from order %order_id%',0,9,9,'2022-04-05 20:19:54','2022-04-05 20:19:54'),(23,'update_status','Changed status of shipping to : Approved . Updated by: %user_name%',0,9,9,'2022-04-19 08:19:54','2022-04-20 20:19:54'),(24,'create_from_order','Shipping was created from order %order_id%',0,10,10,'2022-04-16 14:19:54','2022-04-16 14:19:54'),(25,'update_status','Changed status of shipping to : Approved . Updated by: %user_name%',0,10,10,'2022-04-19 10:19:54','2022-04-20 20:19:54'),(26,'create_from_order','Shipping was created from order %order_id%',0,11,11,'2022-04-10 22:19:54','2022-04-10 22:19:54'),(27,'update_status','Changed status of shipping to : Approved . Updated by: %user_name%',0,11,11,'2022-04-19 10:19:54','2022-04-20 20:19:54'),(28,'update_status','Changed status of shipping to : Delivered . Updated by: %user_name%',0,11,11,'2022-04-20 20:19:54','2022-04-20 20:19:54'),(29,'create_from_order','Shipping was created from order %order_id%',0,12,12,'2022-04-11 12:19:54','2022-04-11 12:19:54'),(30,'update_status','Changed status of shipping to : Approved . Updated by: %user_name%',0,12,12,'2022-04-19 12:19:54','2022-04-20 20:19:54'),(31,'create_from_order','Shipping was created from order %order_id%',0,13,13,'2022-04-19 12:19:54','2022-04-19 12:19:54'),(32,'update_status','Changed status of shipping to : Approved . Updated by: %user_name%',0,13,13,'2022-04-19 12:19:54','2022-04-20 20:19:54'),(33,'update_status','Changed status of shipping to : Delivered . Updated by: %user_name%',0,13,13,'2022-04-20 20:19:54','2022-04-20 20:19:54'),(34,'create_from_order','Shipping was created from order %order_id%',0,14,14,'2022-04-19 12:19:54','2022-04-19 12:19:54'),(35,'update_status','Changed status of shipping to : Approved . Updated by: %user_name%',0,14,14,'2022-04-19 12:19:54','2022-04-20 20:19:54'),(36,'update_status','Changed status of shipping to : Delivered . Updated by: %user_name%',0,14,14,'2022-04-20 20:19:54','2022-04-20 20:19:54'),(37,'create_from_order','Shipping was created from order %order_id%',0,15,15,'2022-04-13 08:19:54','2022-04-13 08:19:54'),(38,'update_status','Changed status of shipping to : Approved . Updated by: %user_name%',0,15,15,'2022-04-19 14:19:54','2022-04-20 20:19:54'),(39,'create_from_order','Shipping was created from order %order_id%',0,16,16,'2022-04-15 20:19:54','2022-04-15 20:19:54'),(40,'update_status','Changed status of shipping to : Approved . Updated by: %user_name%',0,16,16,'2022-04-19 14:19:54','2022-04-20 20:19:54'),(41,'create_from_order','Shipping was created from order %order_id%',0,17,17,'2022-04-19 14:19:54','2022-04-19 14:19:54'),(42,'update_status','Changed status of shipping to : Approved . Updated by: %user_name%',0,17,17,'2022-04-19 14:19:54','2022-04-20 20:19:54'),(43,'create_from_order','Shipping was created from order %order_id%',0,18,18,'2022-04-15 00:19:54','2022-04-15 00:19:54'),(44,'update_status','Changed status of shipping to : Approved . Updated by: %user_name%',0,18,18,'2022-04-19 16:19:54','2022-04-20 20:19:54'),(45,'create_from_order','Shipping was created from order %order_id%',0,19,19,'2022-04-17 08:19:54','2022-04-17 08:19:54'),(46,'update_status','Changed status of shipping to : Approved . Updated by: %user_name%',0,19,19,'2022-04-19 16:19:54','2022-04-20 20:19:54'),(47,'create_from_order','Shipping was created from order %order_id%',0,20,20,'2022-04-10 08:19:54','2022-04-10 08:19:54'),(48,'update_status','Changed status of shipping to : Approved . Updated by: %user_name%',0,20,20,'2022-04-19 16:19:54','2022-04-20 20:19:54'),(49,'create_from_order','Shipping was created from order %order_id%',0,21,21,'2022-04-17 14:19:54','2022-04-17 14:19:54'),(50,'update_status','Changed status of shipping to : Approved . Updated by: %user_name%',0,21,21,'2022-04-19 18:19:54','2022-04-20 20:19:54'),(51,'create_from_order','Shipping was created from order %order_id%',0,22,22,'2022-04-14 08:19:54','2022-04-14 08:19:54'),(52,'update_status','Changed status of shipping to : Approved . Updated by: %user_name%',0,22,22,'2022-04-19 18:19:54','2022-04-20 20:19:54'),(53,'update_status','Changed status of shipping to : Delivered . Updated by: %user_name%',0,22,22,'2022-04-20 20:19:54','2022-04-20 20:19:54'),(54,'create_from_order','Shipping was created from order %order_id%',0,23,23,'2022-04-10 00:19:54','2022-04-10 00:19:54'),(55,'update_status','Changed status of shipping to : Approved . Updated by: %user_name%',0,23,23,'2022-04-19 18:19:54','2022-04-20 20:19:54'),(56,'create_from_order','Shipping was created from order %order_id%',0,24,24,'2022-04-14 20:19:54','2022-04-14 20:19:54'),(57,'update_status','Changed status of shipping to : Approved . Updated by: %user_name%',0,24,24,'2022-04-19 20:19:54','2022-04-20 20:19:54'),(58,'update_cod_status','Updated COD status to Completed . Updated by: %user_name%',0,24,24,'2022-04-20 20:19:54','2022-04-20 20:19:54'),(59,'update_status','Changed status of shipping to : Delivered . Updated by: %user_name%',0,24,24,'2022-04-20 20:19:54','2022-04-20 20:19:54'),(60,'create_from_order','Shipping was created from order %order_id%',0,25,25,'2022-04-13 20:19:54','2022-04-13 20:19:54'),(61,'update_status','Changed status of shipping to : Approved . Updated by: %user_name%',0,25,25,'2022-04-19 20:19:54','2022-04-20 20:19:54'),(62,'update_status','Changed status of shipping to : Delivered . Updated by: %user_name%',0,25,25,'2022-04-20 20:19:54','2022-04-20 20:19:54'),(63,'create_from_order','Shipping was created from order %order_id%',0,26,26,'2022-04-18 02:19:54','2022-04-18 02:19:54'),(64,'update_status','Changed status of shipping to : Approved . Updated by: %user_name%',0,26,26,'2022-04-19 22:19:54','2022-04-20 20:19:54'),(65,'update_status','Changed status of shipping to : Delivered . Updated by: %user_name%',0,26,26,'2022-04-20 20:19:54','2022-04-20 20:19:54'),(66,'create_from_order','Shipping was created from order %order_id%',0,27,27,'2022-04-19 22:19:54','2022-04-19 22:19:54'),(67,'update_status','Changed status of shipping to : Approved . Updated by: %user_name%',0,27,27,'2022-04-19 22:19:54','2022-04-20 20:19:54'),(68,'create_from_order','Shipping was created from order %order_id%',0,28,28,'2022-04-17 04:19:54','2022-04-17 04:19:54'),(69,'update_status','Changed status of shipping to : Approved . Updated by: %user_name%',0,28,28,'2022-04-19 22:19:55','2022-04-20 20:19:55'),(70,'create_from_order','Shipping was created from order %order_id%',0,29,29,'2022-04-20 00:19:55','2022-04-20 00:19:55'),(71,'update_status','Changed status of shipping to : Approved . Updated by: %user_name%',0,29,29,'2022-04-20 00:19:55','2022-04-20 20:19:55'),(72,'update_status','Changed status of shipping to : Delivered . Updated by: %user_name%',0,29,29,'2022-04-20 20:19:55','2022-04-20 20:19:55'),(73,'create_from_order','Shipping was created from order %order_id%',0,30,30,'2022-04-16 16:19:55','2022-04-16 16:19:55'),(74,'update_status','Changed status of shipping to : Approved . Updated by: %user_name%',0,30,30,'2022-04-20 00:19:55','2022-04-20 20:19:55'),(75,'create_from_order','Shipping was created from order %order_id%',0,31,31,'2022-04-17 20:19:55','2022-04-17 20:19:55'),(76,'update_status','Changed status of shipping to : Approved . Updated by: %user_name%',0,31,31,'2022-04-20 02:19:55','2022-04-20 20:19:55'),(77,'update_status','Changed status of shipping to : Delivered . Updated by: %user_name%',0,31,31,'2022-04-20 20:19:55','2022-04-20 20:19:55'),(78,'create_from_order','Shipping was created from order %order_id%',0,32,32,'2022-04-16 08:19:55','2022-04-16 08:19:55'),(79,'update_status','Changed status of shipping to : Approved . Updated by: %user_name%',0,32,32,'2022-04-20 02:19:55','2022-04-20 20:19:55'),(80,'create_from_order','Shipping was created from order %order_id%',0,33,33,'2022-04-13 08:19:55','2022-04-13 08:19:55'),(81,'update_status','Changed status of shipping to : Approved . Updated by: %user_name%',0,33,33,'2022-04-20 02:19:55','2022-04-20 20:19:55'),(82,'create_from_order','Shipping was created from order %order_id%',0,34,34,'2022-04-18 20:19:55','2022-04-18 20:19:55'),(83,'update_status','Changed status of shipping to : Approved . Updated by: %user_name%',0,34,34,'2022-04-20 04:19:55','2022-04-20 20:19:55'),(84,'update_status','Changed status of shipping to : Delivered . Updated by: %user_name%',0,34,34,'2022-04-20 20:19:56','2022-04-20 20:19:56'),(85,'create_from_order','Shipping was created from order %order_id%',0,35,35,'2022-04-15 12:19:56','2022-04-15 12:19:56'),(86,'update_status','Changed status of shipping to : Approved . Updated by: %user_name%',0,35,35,'2022-04-20 04:19:56','2022-04-20 20:19:56'),(87,'create_from_order','Shipping was created from order %order_id%',0,36,36,'2022-04-20 06:19:56','2022-04-20 06:19:56'),(88,'update_status','Changed status of shipping to : Approved . Updated by: %user_name%',0,36,36,'2022-04-20 06:19:56','2022-04-20 20:19:56'),(89,'update_status','Changed status of shipping to : Delivered . Updated by: %user_name%',0,36,36,'2022-04-20 20:19:56','2022-04-20 20:19:56'),(90,'create_from_order','Shipping was created from order %order_id%',0,37,37,'2022-04-17 22:19:56','2022-04-17 22:19:56'),(91,'update_status','Changed status of shipping to : Approved . Updated by: %user_name%',0,37,37,'2022-04-20 06:19:56','2022-04-20 20:19:56'),(92,'create_from_order','Shipping was created from order %order_id%',0,38,38,'2022-04-16 18:19:56','2022-04-16 18:19:56'),(93,'update_status','Changed status of shipping to : Approved . Updated by: %user_name%',0,38,38,'2022-04-20 06:19:56','2022-04-20 20:19:56'),(94,'update_status','Changed status of shipping to : Delivered . Updated by: %user_name%',0,38,38,'2022-04-20 20:19:56','2022-04-20 20:19:56'),(95,'create_from_order','Shipping was created from order %order_id%',0,39,39,'2022-04-15 20:19:56','2022-04-15 20:19:56'),(96,'update_status','Changed status of shipping to : Approved . Updated by: %user_name%',0,39,39,'2022-04-20 08:19:56','2022-04-20 20:19:56'),(97,'update_status','Changed status of shipping to : Delivered . Updated by: %user_name%',0,39,39,'2022-04-20 20:19:56','2022-04-20 20:19:56'),(98,'create_from_order','Shipping was created from order %order_id%',0,40,40,'2022-04-17 08:19:56','2022-04-17 08:19:56'),(99,'update_status','Changed status of shipping to : Approved . Updated by: %user_name%',0,40,40,'2022-04-20 08:19:56','2022-04-20 20:19:56'),(100,'update_cod_status','Updated COD status to Completed . Updated by: %user_name%',0,40,40,'2022-04-20 20:19:56','2022-04-20 20:19:56'),(101,'update_status','Changed status of shipping to : Delivered . Updated by: %user_name%',0,40,40,'2022-04-20 20:19:56','2022-04-20 20:19:56'),(102,'create_from_order','Shipping was created from order %order_id%',0,41,41,'2022-04-19 20:19:56','2022-04-19 20:19:56'),(103,'update_status','Changed status of shipping to : Approved . Updated by: %user_name%',0,41,41,'2022-04-20 08:19:56','2022-04-20 20:19:56'),(104,'create_from_order','Shipping was created from order %order_id%',0,42,42,'2022-04-18 08:19:56','2022-04-18 08:19:56'),(105,'update_status','Changed status of shipping to : Approved . Updated by: %user_name%',0,42,42,'2022-04-20 10:19:56','2022-04-20 20:19:56'),(106,'update_status','Changed status of shipping to : Delivered . Updated by: %user_name%',0,42,42,'2022-04-20 20:19:56','2022-04-20 20:19:56'),(107,'create_from_order','Shipping was created from order %order_id%',0,43,43,'2022-04-17 12:19:56','2022-04-17 12:19:56'),(108,'update_status','Changed status of shipping to : Approved . Updated by: %user_name%',0,43,43,'2022-04-20 10:19:56','2022-04-20 20:19:56'),(109,'create_from_order','Shipping was created from order %order_id%',0,44,44,'2022-04-17 20:19:56','2022-04-17 20:19:56'),(110,'update_status','Changed status of shipping to : Approved . Updated by: %user_name%',0,44,44,'2022-04-20 12:19:56','2022-04-20 20:19:56'),(111,'update_status','Changed status of shipping to : Delivered . Updated by: %user_name%',0,44,44,'2022-04-20 20:19:56','2022-04-20 20:19:56'),(112,'create_from_order','Shipping was created from order %order_id%',0,45,45,'2022-04-17 20:19:56','2022-04-17 20:19:56'),(113,'update_status','Changed status of shipping to : Approved . Updated by: %user_name%',0,45,45,'2022-04-20 12:19:56','2022-04-20 20:19:56'),(114,'create_from_order','Shipping was created from order %order_id%',0,46,46,'2022-04-20 04:19:56','2022-04-20 04:19:56'),(115,'update_status','Changed status of shipping to : Approved . Updated by: %user_name%',0,46,46,'2022-04-20 12:19:56','2022-04-20 20:19:56'),(116,'create_from_order','Shipping was created from order %order_id%',0,47,47,'2022-04-18 08:19:56','2022-04-18 08:19:56'),(117,'update_status','Changed status of shipping to : Approved . Updated by: %user_name%',0,47,47,'2022-04-20 14:19:56','2022-04-20 20:19:56'),(118,'create_from_order','Shipping was created from order %order_id%',0,48,48,'2022-04-19 14:19:56','2022-04-19 14:19:56'),(119,'update_status','Changed status of shipping to : Approved . Updated by: %user_name%',0,48,48,'2022-04-20 14:19:56','2022-04-20 20:19:56'),(120,'create_from_order','Shipping was created from order %order_id%',0,49,49,'2022-04-20 00:19:56','2022-04-20 00:19:56'),(121,'update_status','Changed status of shipping to : Approved . Updated by: %user_name%',0,49,49,'2022-04-20 16:19:56','2022-04-20 20:19:56'),(122,'update_status','Changed status of shipping to : Delivered . Updated by: %user_name%',0,49,49,'2022-04-20 20:19:56','2022-04-20 20:19:56'),(123,'create_from_order','Shipping was created from order %order_id%',0,50,50,'2022-04-20 10:19:56','2022-04-20 10:19:56'),(124,'update_status','Changed status of shipping to : Approved . Updated by: %user_name%',0,50,50,'2022-04-20 18:19:56','2022-04-20 20:19:56');
/*!40000 ALTER TABLE `ec_shipment_histories` ENABLE KEYS */;
UNLOCK TABLES;

--
-- Table structure for table `ec_shipments`
--

DROP TABLE IF EXISTS `ec_shipments`;
/*!40101 SET @saved_cs_client     = @@character_set_client */;
/*!50503 SET character_set_client = utf8mb4 */;
CREATE TABLE `ec_shipments` (
  `id` bigint unsigned NOT NULL AUTO_INCREMENT,
  `order_id` int unsigned NOT NULL,
  `user_id` int unsigned DEFAULT NULL,
  `weight` double(8,2) DEFAULT '0.00',
  `shipment_id` varchar(120) CHARACTER SET utf8mb4 COLLATE utf8mb4_unicode_ci DEFAULT NULL,
  `note` varchar(120) CHARACTER SET utf8mb4 COLLATE utf8mb4_unicode_ci DEFAULT NULL,
  `status` varchar(120) CHARACTER SET utf8mb4 COLLATE utf8mb4_unicode_ci NOT NULL DEFAULT 'pending',
  `cod_amount` decimal(15,2) DEFAULT '0.00',
  `cod_status` varchar(60) CHARACTER SET utf8mb4 COLLATE utf8mb4_unicode_ci NOT NULL DEFAULT 'pending',
  `cross_checking_status` varchar(60) CHARACTER SET utf8mb4 COLLATE utf8mb4_unicode_ci NOT NULL DEFAULT 'pending',
  `price` decimal(15,2) DEFAULT '0.00',
  `store_id` int unsigned DEFAULT NULL,
  `created_at` timestamp NULL DEFAULT NULL,
  `updated_at` timestamp NULL DEFAULT NULL,
  `tracking_id` varchar(191) CHARACTER SET utf8mb4 COLLATE utf8mb4_unicode_ci DEFAULT NULL,
  `shipping_company_name` varchar(191) CHARACTER SET utf8mb4 COLLATE utf8mb4_unicode_ci DEFAULT NULL,
  `tracking_link` varchar(191) CHARACTER SET utf8mb4 COLLATE utf8mb4_unicode_ci DEFAULT NULL,
  `estimate_date_shipped` datetime DEFAULT NULL,
  `date_shipped` datetime DEFAULT NULL,
  PRIMARY KEY (`id`)
) ENGINE=InnoDB AUTO_INCREMENT=51 DEFAULT CHARSET=utf8mb4 COLLATE=utf8mb4_unicode_ci;
/*!40101 SET character_set_client = @saved_cs_client */;

--
-- Dumping data for table `ec_shipments`
--

LOCK TABLES `ec_shipments` WRITE;
/*!40000 ALTER TABLE `ec_shipments` DISABLE KEYS */;
INSERT INTO `ec_shipments` VALUES (1,1,NULL,4815.00,NULL,'','delivered',0.00,'completed','pending',0.00,0,'2022-04-20 20:19:54','2022-04-20 20:19:54','JJD0039757059','GHN','https://mydhl.express.dhl/us/en/tracking.html#/track-by-reference','2022-04-24 03:19:54','2022-04-21 03:19:54'),(2,2,NULL,676.00,NULL,'','approved',0.00,'completed','pending',0.00,0,'2022-04-20 20:19:54','2022-04-20 20:19:54','JJD0058152774','GHN','https://mydhl.express.dhl/us/en/tracking.html#/track-by-reference','2022-04-23 03:19:54',NULL),(3,3,NULL,645.00,NULL,'','approved',0.00,'completed','pending',0.00,0,'2022-04-20 20:19:54','2022-04-20 20:19:54','JJD0071699108','GHN','https://mydhl.express.dhl/us/en/tracking.html#/track-by-reference','2022-04-30 03:19:54',NULL),(4,4,NULL,2028.00,NULL,'','delivered',0.00,'completed','pending',0.00,0,'2022-04-20 20:19:54','2022-04-20 20:19:54','JJD0048662104','FastShipping','https://mydhl.express.dhl/us/en/tracking.html#/track-by-reference','2022-04-26 03:19:54','2022-04-21 03:19:54'),(5,5,NULL,2508.00,NULL,'','approved',0.00,'completed','pending',0.00,0,'2022-04-20 20:19:54','2022-04-20 20:19:54','JJD0097020034','GHN','https://mydhl.express.dhl/us/en/tracking.html#/track-by-reference','2022-04-24 03:19:54',NULL),(6,6,NULL,1688.00,NULL,'','delivered',0.00,'completed','pending',0.00,0,'2022-04-20 20:19:54','2022-04-20 20:19:54','JJD0054168750','DHL','https://mydhl.express.dhl/us/en/tracking.html#/track-by-reference','2022-04-22 03:19:54','2022-04-21 03:19:54'),(7,7,NULL,1785.00,NULL,'','delivered',0.00,'completed','pending',0.00,0,'2022-04-20 20:19:54','2022-04-20 20:19:54','JJD0082205138','GHN','https://mydhl.express.dhl/us/en/tracking.html#/track-by-reference','2022-04-30 03:19:54','2022-04-21 03:19:54'),(8,8,NULL,1044.00,NULL,'','delivered',0.00,'completed','pending',0.00,0,'2022-04-20 20:19:54','2022-04-20 20:19:54','JJD0062221136','FastShipping','https://mydhl.express.dhl/us/en/tracking.html#/track-by-reference','2022-04-24 03:19:54','2022-04-21 03:19:54'),(9,9,NULL,1402.00,NULL,'','approved',0.00,'completed','pending',0.00,0,'2022-04-20 20:19:54','2022-04-20 20:19:54','JJD0092932405','FastShipping','https://mydhl.express.dhl/us/en/tracking.html#/track-by-reference','2022-04-27 03:19:54',NULL),(10,10,NULL,3862.00,NULL,'','approved',0.00,'completed','pending',0.00,0,'2022-04-20 20:19:54','2022-04-20 20:19:54','JJD003293177','DHL','https://mydhl.express.dhl/us/en/tracking.html#/track-by-reference','2022-04-28 03:19:54',NULL),(11,11,NULL,522.00,NULL,'','delivered',0.00,'completed','pending',0.00,0,'2022-04-20 20:19:54','2022-04-20 20:19:54','JJD0019917057','FastShipping','https://mydhl.express.dhl/us/en/tracking.html#/track-by-reference','2022-04-27 03:19:54','2022-04-21 03:19:54'),(12,12,NULL,2169.00,NULL,'','approved',1429.10,'pending','pending',0.00,0,'2022-04-20 20:19:54','2022-04-20 20:19:54','JJD0013741852','AliExpress','https://mydhl.express.dhl/us/en/tracking.html#/track-by-reference','2022-05-01 03:19:54',NULL),(13,13,NULL,1156.00,NULL,'','delivered',0.00,'completed','pending',0.00,0,'2022-04-20 20:19:54','2022-04-20 20:19:54','JJD0080361175','DHL','https://mydhl.express.dhl/us/en/tracking.html#/track-by-reference','2022-04-28 03:19:54','2022-04-21 03:19:54'),(14,14,NULL,2246.00,NULL,'','delivered',0.00,'completed','pending',0.00,0,'2022-04-20 20:19:54','2022-04-20 20:19:54','JJD0040449707','AliExpress','https://mydhl.express.dhl/us/en/tracking.html#/track-by-reference','2022-04-25 03:19:54','2022-04-21 03:19:54'),(15,15,NULL,1156.00,NULL,'','approved',0.00,'completed','pending',0.00,0,'2022-04-20 20:19:54','2022-04-20 20:19:54','JJD0033632422','DHL','https://mydhl.express.dhl/us/en/tracking.html#/track-by-reference','2022-04-30 03:19:54',NULL),(16,16,NULL,1566.00,NULL,'','approved',0.00,'completed','pending',0.00,0,'2022-04-20 20:19:54','2022-04-20 20:19:54','JJD0057254463','FastShipping','https://mydhl.express.dhl/us/en/tracking.html#/track-by-reference','2022-04-23 03:19:54',NULL),(17,17,NULL,2466.00,NULL,'','approved',0.00,'completed','pending',0.00,0,'2022-04-20 20:19:54','2022-04-20 20:19:54','JJD007363813','DHL','https://mydhl.express.dhl/us/en/tracking.html#/track-by-reference','2022-04-30 03:19:54',NULL),(18,18,NULL,1518.00,NULL,'','approved',368.90,'pending','pending',0.00,0,'2022-04-20 20:19:54','2022-04-20 20:19:54','JJD0078197793','DHL','https://mydhl.express.dhl/us/en/tracking.html#/track-by-reference','2022-04-27 03:19:54',NULL),(19,19,NULL,2406.00,NULL,'','approved',0.00,'completed','pending',0.00,0,'2022-04-20 20:19:54','2022-04-20 20:19:54','JJD0081818932','AliExpress','https://mydhl.express.dhl/us/en/tracking.html#/track-by-reference','2022-04-22 03:19:54',NULL),(20,20,NULL,1038.00,NULL,'','approved',0.00,'completed','pending',0.00,0,'2022-04-20 20:19:54','2022-04-20 20:19:54','JJD0024950324','AliExpress','https://mydhl.express.dhl/us/en/tracking.html#/track-by-reference','2022-05-01 03:19:54',NULL),(21,21,NULL,2288.00,NULL,'','approved',0.00,'completed','pending',0.00,0,'2022-04-20 20:19:54','2022-04-20 20:19:54','JJD0054114111','FastShipping','https://mydhl.express.dhl/us/en/tracking.html#/track-by-reference','2022-04-30 03:19:54',NULL),(22,22,NULL,1402.00,NULL,'','delivered',0.00,'completed','pending',0.00,0,'2022-04-20 20:19:54','2022-04-20 20:19:54','JJD0077015041','DHL','https://mydhl.express.dhl/us/en/tracking.html#/track-by-reference','2022-04-25 03:19:54','2022-04-21 03:19:54'),(23,23,NULL,1935.00,NULL,'','approved',0.00,'completed','pending',0.00,0,'2022-04-20 20:19:54','2022-04-20 20:19:54','JJD0075283574','GHN','https://mydhl.express.dhl/us/en/tracking.html#/track-by-reference','2022-04-23 03:19:54',NULL),(24,24,NULL,698.00,NULL,'','delivered',137.50,'completed','pending',0.00,0,'2022-04-20 20:19:54','2022-04-20 20:19:54','JJD0023379286','DHL','https://mydhl.express.dhl/us/en/tracking.html#/track-by-reference','2022-05-01 03:19:54','2022-04-21 03:19:54'),(25,25,NULL,760.00,NULL,'','delivered',0.00,'completed','pending',0.00,0,'2022-04-20 20:19:54','2022-04-20 20:19:54','JJD0079455248','DHL','https://mydhl.express.dhl/us/en/tracking.html#/track-by-reference','2022-04-29 03:19:54','2022-04-21 03:19:54'),(26,26,NULL,771.00,NULL,'','delivered',0.00,'completed','pending',0.00,0,'2022-04-20 20:19:54','2022-04-20 20:19:54','JJD0071290097','DHL','https://mydhl.express.dhl/us/en/tracking.html#/track-by-reference','2022-04-29 03:19:54','2022-04-21 03:19:54'),(27,27,NULL,1190.00,NULL,'','approved',0.00,'completed','pending',0.00,0,'2022-04-20 20:19:54','2022-04-20 20:19:54','JJD0033527222','AliExpress','https://mydhl.express.dhl/us/en/tracking.html#/track-by-reference','2022-04-25 03:19:54',NULL),(28,28,NULL,645.00,NULL,'','approved',0.00,'completed','pending',0.00,0,'2022-04-20 20:19:54','2022-04-20 20:19:54','JJD0028795222','GHN','https://mydhl.express.dhl/us/en/tracking.html#/track-by-reference','2022-04-28 03:19:54',NULL),(29,29,NULL,882.00,NULL,'','delivered',0.00,'completed','pending',0.00,0,'2022-04-20 20:19:55','2022-04-20 20:19:55','JJD0068895037','FastShipping','https://mydhl.express.dhl/us/en/tracking.html#/track-by-reference','2022-04-26 03:19:55','2022-04-21 03:19:55'),(30,30,NULL,1935.00,NULL,'','approved',356.50,'pending','pending',0.00,0,'2022-04-20 20:19:55','2022-04-20 20:19:55','JJD0027301272','GHN','https://mydhl.express.dhl/us/en/tracking.html#/track-by-reference','2022-04-29 03:19:55',NULL),(31,31,NULL,1899.00,NULL,'','delivered',0.00,'completed','pending',0.00,0,'2022-04-20 20:19:55','2022-04-20 20:19:55','JJD0049742648','DHL','https://mydhl.express.dhl/us/en/tracking.html#/track-by-reference','2022-04-29 03:19:55','2022-04-21 03:19:55'),(32,32,NULL,2313.00,NULL,'','approved',0.00,'completed','pending',0.00,0,'2022-04-20 20:19:55','2022-04-20 20:19:55','JJD0033599986','AliExpress','https://mydhl.express.dhl/us/en/tracking.html#/track-by-reference','2022-04-30 03:19:55',NULL),(33,33,NULL,2466.00,NULL,'','approved',356.50,'pending','pending',0.00,0,'2022-04-20 20:19:55','2022-04-20 20:19:55','JJD0067898152','FastShipping','https://mydhl.express.dhl/us/en/tracking.html#/track-by-reference','2022-05-01 03:19:55',NULL),(34,34,NULL,2700.00,NULL,'','delivered',0.00,'completed','pending',0.00,0,'2022-04-20 20:19:55','2022-04-20 20:19:55','JJD0069464400','GHN','https://mydhl.express.dhl/us/en/tracking.html#/track-by-reference','2022-04-26 03:19:55','2022-04-21 03:19:55'),(35,35,NULL,1402.00,NULL,'','approved',262.50,'pending','pending',0.00,0,'2022-04-20 20:19:56','2022-04-20 20:19:56','JJD0014189788','DHL','https://mydhl.express.dhl/us/en/tracking.html#/track-by-reference','2022-04-22 03:19:56',NULL),(36,36,NULL,1542.00,NULL,'','delivered',0.00,'completed','pending',0.00,0,'2022-04-20 20:19:56','2022-04-20 20:19:56','JJD0040448813','DHL','https://mydhl.express.dhl/us/en/tracking.html#/track-by-reference','2022-04-29 03:19:56','2022-04-21 03:19:56'),(37,37,NULL,3250.00,NULL,'','approved',0.00,'completed','pending',0.00,0,'2022-04-20 20:19:56','2022-04-20 20:19:56','JJD0082177538','DHL','https://mydhl.express.dhl/us/en/tracking.html#/track-by-reference','2022-04-24 03:19:56',NULL),(38,38,NULL,882.00,NULL,'','delivered',0.00,'completed','pending',0.00,0,'2022-04-20 20:19:56','2022-04-20 20:19:56','JJD005107366','DHL','https://mydhl.express.dhl/us/en/tracking.html#/track-by-reference','2022-04-25 03:19:56','2022-04-21 03:19:56'),(39,39,NULL,4938.00,NULL,'','delivered',0.00,'completed','pending',0.00,0,'2022-04-20 20:19:56','2022-04-20 20:19:56','JJD0086031488','DHL','https://mydhl.express.dhl/us/en/tracking.html#/track-by-reference','2022-04-26 03:19:56','2022-04-21 03:19:56'),(40,40,NULL,1402.00,NULL,'','delivered',262.50,'completed','pending',0.00,0,'2022-04-20 20:19:56','2022-04-20 20:19:56','JJD0058074911','AliExpress','https://mydhl.express.dhl/us/en/tracking.html#/track-by-reference','2022-04-23 03:19:56','2022-04-21 03:19:56'),(41,41,NULL,1290.00,NULL,'','approved',0.00,'completed','pending',0.00,0,'2022-04-20 20:19:56','2022-04-20 20:19:56','JJD0090312583','GHN','https://mydhl.express.dhl/us/en/tracking.html#/track-by-reference','2022-04-22 03:19:56',NULL),(42,42,NULL,2313.00,NULL,'','delivered',0.00,'completed','pending',0.00,0,'2022-04-20 20:19:56','2022-04-20 20:19:56','JJD0017712670','DHL','https://mydhl.express.dhl/us/en/tracking.html#/track-by-reference','2022-04-26 03:19:56','2022-04-21 03:19:56'),(43,43,NULL,1785.00,NULL,'','approved',365.80,'pending','pending',0.00,0,'2022-04-20 20:19:56','2022-04-20 20:19:56','JJD0037844738','DHL','https://mydhl.express.dhl/us/en/tracking.html#/track-by-reference','2022-04-22 03:19:56',NULL),(44,44,NULL,2313.00,NULL,'','delivered',0.00,'completed','pending',0.00,0,'2022-04-20 20:19:56','2022-04-20 20:19:56','JJD0039037762','GHN','https://mydhl.express.dhl/us/en/tracking.html#/track-by-reference','2022-04-26 03:19:56','2022-04-21 03:19:56'),(45,45,NULL,522.00,NULL,'','approved',0.00,'completed','pending',0.00,0,'2022-04-20 20:19:56','2022-04-20 20:19:56','JJD0095747385','GHN','https://mydhl.express.dhl/us/en/tracking.html#/track-by-reference','2022-04-28 03:19:56',NULL),(46,46,NULL,882.00,NULL,'','approved',130.90,'pending','pending',0.00,0,'2022-04-20 20:19:56','2022-04-20 20:19:56','JJD0021076194','DHL','https://mydhl.express.dhl/us/en/tracking.html#/track-by-reference','2022-04-26 03:19:56',NULL),(47,47,NULL,2313.00,NULL,'','approved',0.00,'completed','pending',0.00,0,'2022-04-20 20:19:56','2022-04-20 20:19:56','JJD0078375573','AliExpress','https://mydhl.express.dhl/us/en/tracking.html#/track-by-reference','2022-05-01 03:19:56',NULL),(48,48,NULL,2958.00,NULL,'','approved',0.00,'completed','pending',0.00,0,'2022-04-20 20:19:56','2022-04-20 20:19:56','JJD0076590685','FastShipping','https://mydhl.express.dhl/us/en/tracking.html#/track-by-reference','2022-04-24 03:19:56',NULL),(49,49,NULL,1646.00,NULL,'','delivered',0.00,'completed','pending',0.00,0,'2022-04-20 20:19:56','2022-04-20 20:19:56','JJD0025509984','DHL','https://mydhl.express.dhl/us/en/tracking.html#/track-by-reference','2022-05-01 03:19:56','2022-04-21 03:19:56'),(50,50,NULL,4097.00,NULL,'','approved',0.00,'completed','pending',0.00,0,'2022-04-20 20:19:56','2022-04-20 20:19:56','JJD0083079538','FastShipping','https://mydhl.express.dhl/us/en/tracking.html#/track-by-reference','2022-04-24 03:19:56',NULL);
/*!40000 ALTER TABLE `ec_shipments` ENABLE KEYS */;
UNLOCK TABLES;

--
-- Table structure for table `ec_shipping`
--

DROP TABLE IF EXISTS `ec_shipping`;
/*!40101 SET @saved_cs_client     = @@character_set_client */;
/*!50503 SET character_set_client = utf8mb4 */;
CREATE TABLE `ec_shipping` (
  `id` bigint unsigned NOT NULL AUTO_INCREMENT,
  `title` varchar(191) CHARACTER SET utf8mb4 COLLATE utf8mb4_unicode_ci DEFAULT NULL,
  `country` varchar(120) CHARACTER SET utf8mb4 COLLATE utf8mb4_unicode_ci DEFAULT NULL,
  `created_at` timestamp NULL DEFAULT NULL,
  `updated_at` timestamp NULL DEFAULT NULL,
  PRIMARY KEY (`id`)
) ENGINE=InnoDB AUTO_INCREMENT=2 DEFAULT CHARSET=utf8mb4 COLLATE=utf8mb4_unicode_ci;
/*!40101 SET character_set_client = @saved_cs_client */;

--
-- Dumping data for table `ec_shipping`
--

LOCK TABLES `ec_shipping` WRITE;
/*!40000 ALTER TABLE `ec_shipping` DISABLE KEYS */;
INSERT INTO `ec_shipping` VALUES (1,'All',NULL,'2022-03-16 02:41:08','2022-03-16 02:41:08');
/*!40000 ALTER TABLE `ec_shipping` ENABLE KEYS */;
UNLOCK TABLES;

--
-- Table structure for table `ec_shipping_rule_items`
--

DROP TABLE IF EXISTS `ec_shipping_rule_items`;
/*!40101 SET @saved_cs_client     = @@character_set_client */;
/*!50503 SET character_set_client = utf8mb4 */;
CREATE TABLE `ec_shipping_rule_items` (
  `id` bigint unsigned NOT NULL AUTO_INCREMENT,
  `shipping_rule_id` int unsigned NOT NULL,
  `country` varchar(120) CHARACTER SET utf8mb4 COLLATE utf8mb4_unicode_ci DEFAULT NULL,
  `state` varchar(120) CHARACTER SET utf8mb4 COLLATE utf8mb4_unicode_ci DEFAULT NULL,
  `city` varchar(120) CHARACTER SET utf8mb4 COLLATE utf8mb4_unicode_ci DEFAULT NULL,
  `adjustment_price` decimal(15,2) DEFAULT '0.00',
  `is_enabled` tinyint(1) NOT NULL DEFAULT '1',
  `created_at` timestamp NULL DEFAULT NULL,
  `updated_at` timestamp NULL DEFAULT NULL,
  PRIMARY KEY (`id`)
) ENGINE=InnoDB DEFAULT CHARSET=utf8mb4 COLLATE=utf8mb4_unicode_ci;
/*!40101 SET character_set_client = @saved_cs_client */;

--
-- Dumping data for table `ec_shipping_rule_items`
--

LOCK TABLES `ec_shipping_rule_items` WRITE;
/*!40000 ALTER TABLE `ec_shipping_rule_items` DISABLE KEYS */;
/*!40000 ALTER TABLE `ec_shipping_rule_items` ENABLE KEYS */;
UNLOCK TABLES;

--
-- Table structure for table `ec_shipping_rules`
--

DROP TABLE IF EXISTS `ec_shipping_rules`;
/*!40101 SET @saved_cs_client     = @@character_set_client */;
/*!50503 SET character_set_client = utf8mb4 */;
CREATE TABLE `ec_shipping_rules` (
  `id` bigint unsigned NOT NULL AUTO_INCREMENT,
  `name` varchar(120) CHARACTER SET utf8mb4 COLLATE utf8mb4_unicode_ci NOT NULL,
  `shipping_id` int unsigned NOT NULL,
  `type` enum('base_on_price','base_on_weight') CHARACTER SET utf8mb4 COLLATE utf8mb4_unicode_ci DEFAULT 'base_on_price',
  `from` decimal(15,2) DEFAULT '0.00',
  `to` decimal(15,2) DEFAULT '0.00',
  `price` decimal(15,2) DEFAULT '0.00',
  `created_at` timestamp NULL DEFAULT NULL,
  `updated_at` timestamp NULL DEFAULT NULL,
  PRIMARY KEY (`id`)
) ENGINE=InnoDB AUTO_INCREMENT=4 DEFAULT CHARSET=utf8mb4 COLLATE=utf8mb4_unicode_ci;
/*!40101 SET character_set_client = @saved_cs_client */;

--
-- Dumping data for table `ec_shipping_rules`
--

LOCK TABLES `ec_shipping_rules` WRITE;
/*!40000 ALTER TABLE `ec_shipping_rules` DISABLE KEYS */;
INSERT INTO `ec_shipping_rules` VALUES (1,'Free shipping',1,'base_on_price',0.00,NULL,0.00,'2022-03-16 02:41:08','2022-03-16 02:41:08'),(2,'Local Pickup',1,'base_on_price',0.00,NULL,20.00,'2022-03-16 02:41:08','2022-03-16 02:41:08'),(3,'Flat Rate',1,'base_on_price',0.00,NULL,25.00,'2022-03-16 02:41:08','2022-03-16 02:41:08');
/*!40000 ALTER TABLE `ec_shipping_rules` ENABLE KEYS */;
UNLOCK TABLES;

--
-- Table structure for table `ec_store_locators`
--

DROP TABLE IF EXISTS `ec_store_locators`;
/*!40101 SET @saved_cs_client     = @@character_set_client */;
/*!50503 SET character_set_client = utf8mb4 */;
CREATE TABLE `ec_store_locators` (
  `id` bigint unsigned NOT NULL AUTO_INCREMENT,
  `name` varchar(60) CHARACTER SET utf8mb4 COLLATE utf8mb4_unicode_ci NOT NULL,
  `email` varchar(60) CHARACTER SET utf8mb4 COLLATE utf8mb4_unicode_ci DEFAULT NULL,
  `phone` varchar(20) CHARACTER SET utf8mb4 COLLATE utf8mb4_unicode_ci NOT NULL,
  `address` varchar(255) CHARACTER SET utf8mb4 COLLATE utf8mb4_unicode_ci NOT NULL,
  `country` varchar(120) CHARACTER SET utf8mb4 COLLATE utf8mb4_unicode_ci DEFAULT NULL,
  `state` varchar(120) CHARACTER SET utf8mb4 COLLATE utf8mb4_unicode_ci DEFAULT NULL,
  `city` varchar(120) CHARACTER SET utf8mb4 COLLATE utf8mb4_unicode_ci DEFAULT NULL,
  `is_primary` tinyint(1) DEFAULT '0',
  `is_shipping_location` tinyint(1) DEFAULT '1',
  `created_at` timestamp NULL DEFAULT NULL,
  `updated_at` timestamp NULL DEFAULT NULL,
  PRIMARY KEY (`id`)
) ENGINE=InnoDB AUTO_INCREMENT=2 DEFAULT CHARSET=utf8mb4 COLLATE=utf8mb4_unicode_ci;
/*!40101 SET character_set_client = @saved_cs_client */;

--
-- Dumping data for table `ec_store_locators`
--

LOCK TABLES `ec_store_locators` WRITE;
/*!40000 ALTER TABLE `ec_store_locators` DISABLE KEYS */;
INSERT INTO `ec_store_locators` VALUES (1,'Nest','sales@botble.com','18006268','North Link Building, 10 Admiralty Street','SG','Singapore','Singapore',1,1,'2022-03-16 02:41:08','2022-03-16 02:41:08');
/*!40000 ALTER TABLE `ec_store_locators` ENABLE KEYS */;
UNLOCK TABLES;

--
-- Table structure for table `ec_taxes`
--

DROP TABLE IF EXISTS `ec_taxes`;
/*!40101 SET @saved_cs_client     = @@character_set_client */;
/*!50503 SET character_set_client = utf8mb4 */;
CREATE TABLE `ec_taxes` (
  `id` bigint unsigned NOT NULL AUTO_INCREMENT,
  `title` varchar(191) CHARACTER SET utf8mb4 COLLATE utf8mb4_unicode_ci DEFAULT NULL,
  `percentage` double(8,6) DEFAULT NULL,
  `priority` int DEFAULT NULL,
  `status` varchar(60) CHARACTER SET utf8mb4 COLLATE utf8mb4_unicode_ci NOT NULL DEFAULT 'published',
  `created_at` timestamp NULL DEFAULT NULL,
  `updated_at` timestamp NULL DEFAULT NULL,
  PRIMARY KEY (`id`)
) ENGINE=InnoDB AUTO_INCREMENT=3 DEFAULT CHARSET=utf8mb4 COLLATE=utf8mb4_unicode_ci;
/*!40101 SET character_set_client = @saved_cs_client */;

--
-- Dumping data for table `ec_taxes`
--

LOCK TABLES `ec_taxes` WRITE;
/*!40000 ALTER TABLE `ec_taxes` DISABLE KEYS */;
INSERT INTO `ec_taxes` VALUES (1,'VAT',10.000000,1,'published','2022-03-16 02:41:05','2022-03-16 02:41:05'),(2,'None',0.000000,2,'published','2022-03-16 02:41:05','2022-03-16 02:41:05');
/*!40000 ALTER TABLE `ec_taxes` ENABLE KEYS */;
UNLOCK TABLES;

--
-- Table structure for table `ec_wish_lists`
--

DROP TABLE IF EXISTS `ec_wish_lists`;
/*!40101 SET @saved_cs_client     = @@character_set_client */;
/*!50503 SET character_set_client = utf8mb4 */;
CREATE TABLE `ec_wish_lists` (
  `id` bigint unsigned NOT NULL AUTO_INCREMENT,
  `customer_id` int unsigned NOT NULL,
  `product_id` int unsigned NOT NULL,
  `created_at` timestamp NULL DEFAULT NULL,
  `updated_at` timestamp NULL DEFAULT NULL,
  PRIMARY KEY (`id`)
) ENGINE=InnoDB DEFAULT CHARSET=utf8mb4 COLLATE=utf8mb4_unicode_ci;
/*!40101 SET character_set_client = @saved_cs_client */;

--
-- Dumping data for table `ec_wish_lists`
--

LOCK TABLES `ec_wish_lists` WRITE;
/*!40000 ALTER TABLE `ec_wish_lists` DISABLE KEYS */;
/*!40000 ALTER TABLE `ec_wish_lists` ENABLE KEYS */;
UNLOCK TABLES;

--
-- Table structure for table `failed_jobs`
--

DROP TABLE IF EXISTS `failed_jobs`;
/*!40101 SET @saved_cs_client     = @@character_set_client */;
/*!50503 SET character_set_client = utf8mb4 */;
CREATE TABLE `failed_jobs` (
  `id` bigint unsigned NOT NULL AUTO_INCREMENT,
  `uuid` varchar(191) CHARACTER SET utf8mb4 COLLATE utf8mb4_unicode_ci NOT NULL,
  `connection` text CHARACTER SET utf8mb4 COLLATE utf8mb4_unicode_ci NOT NULL,
  `queue` text CHARACTER SET utf8mb4 COLLATE utf8mb4_unicode_ci NOT NULL,
  `payload` longtext CHARACTER SET utf8mb4 COLLATE utf8mb4_unicode_ci NOT NULL,
  `exception` longtext CHARACTER SET utf8mb4 COLLATE utf8mb4_unicode_ci NOT NULL,
  `failed_at` timestamp NOT NULL DEFAULT CURRENT_TIMESTAMP,
  PRIMARY KEY (`id`),
  UNIQUE KEY `failed_jobs_uuid_unique` (`uuid`)
) ENGINE=InnoDB DEFAULT CHARSET=utf8mb4 COLLATE=utf8mb4_unicode_ci;
/*!40101 SET character_set_client = @saved_cs_client */;

--
-- Dumping data for table `failed_jobs`
--

LOCK TABLES `failed_jobs` WRITE;
/*!40000 ALTER TABLE `failed_jobs` DISABLE KEYS */;
/*!40000 ALTER TABLE `failed_jobs` ENABLE KEYS */;
UNLOCK TABLES;

--
-- Table structure for table `faq_categories`
--

DROP TABLE IF EXISTS `faq_categories`;
/*!40101 SET @saved_cs_client     = @@character_set_client */;
/*!50503 SET character_set_client = utf8mb4 */;
CREATE TABLE `faq_categories` (
  `id` bigint unsigned NOT NULL AUTO_INCREMENT,
  `name` varchar(120) CHARACTER SET utf8mb4 COLLATE utf8mb4_unicode_ci NOT NULL,
  `order` tinyint NOT NULL DEFAULT '0',
  `status` varchar(60) CHARACTER SET utf8mb4 COLLATE utf8mb4_unicode_ci NOT NULL DEFAULT 'published',
  `created_at` timestamp NULL DEFAULT NULL,
  `updated_at` timestamp NULL DEFAULT NULL,
  PRIMARY KEY (`id`)
) ENGINE=InnoDB AUTO_INCREMENT=4 DEFAULT CHARSET=utf8mb4 COLLATE=utf8mb4_unicode_ci;
/*!40101 SET character_set_client = @saved_cs_client */;

--
-- Dumping data for table `faq_categories`
--

LOCK TABLES `faq_categories` WRITE;
/*!40000 ALTER TABLE `faq_categories` DISABLE KEYS */;
INSERT INTO `faq_categories` VALUES (1,'Shipping',0,'published','2022-03-16 02:41:39','2022-03-16 02:41:39'),(2,'Payment',1,'published','2022-03-16 02:41:39','2022-03-16 02:41:39'),(3,'Order & Returns',2,'published','2022-03-16 02:41:39','2022-03-16 02:41:39');
/*!40000 ALTER TABLE `faq_categories` ENABLE KEYS */;
UNLOCK TABLES;

--
-- Table structure for table `faq_categories_translations`
--

DROP TABLE IF EXISTS `faq_categories_translations`;
/*!40101 SET @saved_cs_client     = @@character_set_client */;
/*!50503 SET character_set_client = utf8mb4 */;
CREATE TABLE `faq_categories_translations` (
  `lang_code` varchar(191) CHARACTER SET utf8mb4 COLLATE utf8mb4_unicode_ci NOT NULL,
  `faq_categories_id` int NOT NULL,
  `name` varchar(120) CHARACTER SET utf8mb4 COLLATE utf8mb4_unicode_ci DEFAULT NULL,
  PRIMARY KEY (`lang_code`,`faq_categories_id`)
) ENGINE=InnoDB DEFAULT CHARSET=utf8mb4 COLLATE=utf8mb4_unicode_ci;
/*!40101 SET character_set_client = @saved_cs_client */;

--
-- Dumping data for table `faq_categories_translations`
--

LOCK TABLES `faq_categories_translations` WRITE;
/*!40000 ALTER TABLE `faq_categories_translations` DISABLE KEYS */;
INSERT INTO `faq_categories_translations` VALUES ('vi',1,'VẬN CHUYỂN'),('vi',2,'THANH TOÁN'),('vi',3,'ĐƠN HÀNG & HOÀN TRẢ');
/*!40000 ALTER TABLE `faq_categories_translations` ENABLE KEYS */;
UNLOCK TABLES;

--
-- Table structure for table `faqs`
--

DROP TABLE IF EXISTS `faqs`;
/*!40101 SET @saved_cs_client     = @@character_set_client */;
/*!50503 SET character_set_client = utf8mb4 */;
CREATE TABLE `faqs` (
  `id` bigint unsigned NOT NULL AUTO_INCREMENT,
  `question` text CHARACTER SET utf8mb4 COLLATE utf8mb4_unicode_ci NOT NULL,
  `answer` text CHARACTER SET utf8mb4 COLLATE utf8mb4_unicode_ci NOT NULL,
  `category_id` int unsigned NOT NULL,
  `status` varchar(60) CHARACTER SET utf8mb4 COLLATE utf8mb4_unicode_ci NOT NULL DEFAULT 'published',
  `created_at` timestamp NULL DEFAULT NULL,
  `updated_at` timestamp NULL DEFAULT NULL,
  PRIMARY KEY (`id`)
) ENGINE=InnoDB AUTO_INCREMENT=11 DEFAULT CHARSET=utf8mb4 COLLATE=utf8mb4_unicode_ci;
/*!40101 SET character_set_client = @saved_cs_client */;

--
-- Dumping data for table `faqs`
--

LOCK TABLES `faqs` WRITE;
/*!40000 ALTER TABLE `faqs` DISABLE KEYS */;
INSERT INTO `faqs` VALUES (1,'What Shipping Methods Are Available?','Ex Portland Pitchfork irure mustache. Eutra fap before they sold out literally. Aliquip ugh bicycle rights actually mlkshk, seitan squid craft beer tempor.',1,'published','2022-03-16 02:41:39','2022-03-16 02:41:39'),(2,'Do You Ship Internationally?','Hoodie tote bag mixtape tofu. Typewriter jean shorts wolf quinoa, messenger bag organic freegan cray.',1,'published','2022-03-16 02:41:39','2022-03-16 02:41:39'),(3,'How Long Will It Take To Get My Package?','Swag slow-carb quinoa VHS typewriter pork belly brunch, paleo single-origin coffee Wes Anderson. Flexitarian Pitchfork forage, literally paleo fap pour-over. Wes Anderson Pinterest YOLO fanny pack meggings, deep v XOXO chambray sustainable slow-carb raw denim church-key fap chillwave Etsy. +1 typewriter kitsch, American Apparel tofu Banksy Vice.',1,'published','2022-03-16 02:41:39','2022-03-16 02:41:39'),(4,'What Payment Methods Are Accepted?','Fashion axe DIY jean shorts, swag kale chips meh polaroid kogi butcher Wes Anderson chambray next level semiotics gentrify yr. Voluptate photo booth fugiat Vice. Austin sed Williamsburg, ea labore raw denim voluptate cred proident mixtape excepteur mustache. Twee chia photo booth readymade food truck, hoodie roof party swag keytar PBR DIY.',2,'published','2022-03-16 02:41:39','2022-03-16 02:41:39'),(5,'Is Buying On-Line Safe?','Art party authentic freegan semiotics jean shorts chia cred. Neutra Austin roof party Brooklyn, synth Thundercats swag 8-bit photo booth. Plaid letterpress leggings craft beer meh ethical Pinterest.',2,'published','2022-03-16 02:41:39','2022-03-16 02:41:39'),(6,'How do I place an Order?','Keytar cray slow-carb, Godard banh mi salvia pour-over. Slow-carb Odd Future seitan normcore. Master cleanse American Apparel gentrify flexitarian beard slow-carb next level. Raw denim polaroid paleo farm-to-table, put a bird on it lo-fi tattooed Wes Anderson Pinterest letterpress. Fingerstache McSweeney’s pour-over, letterpress Schlitz photo booth master cleanse bespoke hashtag chillwave gentrify.',3,'published','2022-03-16 02:41:39','2022-03-16 02:41:39'),(7,'How Can I Cancel Or Change My Order?','Plaid letterpress leggings craft beer meh ethical Pinterest. Art party authentic freegan semiotics jean shorts chia cred. Neutra Austin roof party Brooklyn, synth Thundercats swag 8-bit photo booth.',3,'published','2022-03-16 02:41:39','2022-03-16 02:41:39'),(8,'Do I need an account to place an order?','Thundercats swag 8-bit photo booth. Plaid letterpress leggings craft beer meh ethical Pinterest. Twee chia photo booth readymade food truck, hoodie roof party swag keytar PBR DIY. Cray ugh 3 wolf moon fap, fashion axe irony butcher cornhole typewriter chambray VHS banjo street art.',3,'published','2022-03-16 02:41:39','2022-03-16 02:41:39'),(9,'How Do I Track My Order?','Keytar cray slow-carb, Godard banh mi salvia pour-over. Slow-carb @Odd Future seitan normcore. Master cleanse American Apparel gentrify flexitarian beard slow-carb next level.',3,'published','2022-03-16 02:41:39','2022-03-16 02:41:39'),(10,'How Can I Return a Product?','Kale chips Truffaut Williamsburg, hashtag fixie Pinterest raw denim c hambray drinking vinegar Carles street art Bushwick gastropub. Wolf Tumblr paleo church-key. Plaid food truck Echo Park YOLO bitters hella, direct trade Thundercats leggings quinoa before they sold out. You probably haven’t heard of them wayfarers authentic umami drinking vinegar Pinterest Cosby sweater, fingerstache fap High Life.',3,'published','2022-03-16 02:41:39','2022-03-16 02:41:39');
/*!40000 ALTER TABLE `faqs` ENABLE KEYS */;
UNLOCK TABLES;

--
-- Table structure for table `faqs_translations`
--

DROP TABLE IF EXISTS `faqs_translations`;
/*!40101 SET @saved_cs_client     = @@character_set_client */;
/*!50503 SET character_set_client = utf8mb4 */;
CREATE TABLE `faqs_translations` (
  `lang_code` varchar(191) CHARACTER SET utf8mb4 COLLATE utf8mb4_unicode_ci NOT NULL,
  `faqs_id` int NOT NULL,
  `question` text CHARACTER SET utf8mb4 COLLATE utf8mb4_unicode_ci,
  `answer` text CHARACTER SET utf8mb4 COLLATE utf8mb4_unicode_ci,
  PRIMARY KEY (`lang_code`,`faqs_id`)
) ENGINE=InnoDB DEFAULT CHARSET=utf8mb4 COLLATE=utf8mb4_unicode_ci;
/*!40101 SET character_set_client = @saved_cs_client */;

--
-- Dumping data for table `faqs_translations`
--

LOCK TABLES `faqs_translations` WRITE;
/*!40000 ALTER TABLE `faqs_translations` DISABLE KEYS */;
INSERT INTO `faqs_translations` VALUES ('vi',1,'Có những phương thức vận chuyển nào?','Ex Portland Pitchfork irure ria mép. Eutra fap trước khi họ bán hết theo đúng nghĩa đen. Aliquip ugh quyền xe đạp thực sự mlkshk, rượu bia thủ công mực seitan. '),('vi',2,'Bạn có giao hàng quốc tế không?','Áo hoodie túi tote Tofu mixtape. Quần đùi jean đánh chữ Wolf quinoa, túi messenger hữu cơ freegan cray. '),('vi',3,'Mất bao lâu để nhận được gói hàng của tôi?','Bữa nửa buổi ăn sáng bằng bụng heo quay từ máy đánh chữ VHS, cà phê có nguồn gốc đơn Paleo, Wes Anderson. Khoan Pitchfork linh hoạt, theo nghĩa đen là đổ qua fap theo nghĩa đen. Wes Anderson Pinterest YOLO fanny pack meggings, deep v XOXO chambray bền vững slow-carb raw denim Church-key fap chillwave Etsy. +1 bộ dụng cụ đánh máy, đậu phụ Banksy Vice của American Apparel. '),('vi',4,'Phương thức thanh toán nào được chấp nhận?','Fashion Axe DIY jean shorts, swag kale chips meh polaroid kogi butcher Wes Anderson chambray next level semiotics gentrify yr. Quầy ảnh Voluptate fugiat Vice. Austin sed Williamsburg, ea labore raw denim voluptate cred proident mixtape excepteur ria mép. Twee chia gian hàng chụp ảnh xe bán đồ ăn sẵn, bữa tiệc trên mái áo hoodie swag keytar PBR DIY. '),('vi',5,'Mua trực tuyến có an toàn không?','Bữa tiệc nghệ thuật đích thực freegan semiotics jean shorts chia credit. Tiệc trên mái nhà Neutra Austin Brooklyn, Thundercats swag synth gian hàng ảnh 8-bit. Xà cạp letterpress kẻ sọc thủ công bia meh đạo đức Pinterest. '),('vi',6,'Làm cách nào để đặt hàng?','Keytar cray slow-carb, Godard banh mi salvia pour-over. Slow-carb Odd Định mức seitan trong tương lai. Master làm sạch American Apparel nhẹ nhàng làm sạch râu linh hoạt chậm carb cấp độ tiếp theo. Vải thô denim polaroid nhạt từ trang trại đến bàn, đặt một con chim trên đó hình xăm lo-fi Wes Anderson Pinterest letterpress. Bậc thầy gian hàng ảnh Schlitz của Fingerstache McSweeney đang làm sạch thẻ bắt đầu bằng hashtag theo yêu cầu riêng, chillwave gentrify. '),('vi',7,'Làm cách nào để tôi có thể hủy hoặc thay đổi đơn hàng của mình?','Xà cạp letterpress kẻ sọc thủ công bia meh đạo đức Pinterest. Bữa tiệc nghệ thuật đích thực freegan semiotics jean shorts chia tín. Tiệc trên mái nhà Neutra Austin ở Brooklyn, synth Thundercats có gian hàng ảnh 8-bit. '),('vi',8,'Tôi có cần tài khoản để đặt hàng không?','Thundercats làm lung lay gian hàng ảnh 8-bit. Xà cạp letterpress kẻ sọc thủ công bia meh đạo đức Pinterest. Twee chia ảnh gian hàng xe bán thức ăn làm sẵn, bữa tiệc trên mái áo hoodie swag keytar PBR DIY. Cray ugh 3 wolf moon fap, rìu thời trang mỉa mai người bán thịt máy đánh chữ chambray VHS banjo nghệ thuật đường phố. '),('vi',9,'Làm cách nào để theo dõi đơn hàng của tôi?','Keytar cray slow-carb, Godard banh mi salvia pour-over. Slow-carb @Odd Định mức seitan trong tương lai. Bậc thầy làm sạch American Apparel nhẹ nhàng làm sạch râu linh hoạt theo kiểu chậm carb cấp độ tiếp theo. '),('vi',10,'Làm cách nào để trả lại sản phẩm?','Kale chips Truffaut Williamsburg, fixie hashtag Pinterest raw denim c hambray uống giấm Carles street art Bushwick gastropub. Chìa khóa nhà thờ Wolf Tumblr. Xe tải thực phẩm kẻ sọc Echo Park YOLO cắn hella, giao dịch trực tiếp Thundercats legging quinoa trước khi bán hết. Có thể bạn chưa từng nghe nói về họ những người truyền bá vị umami đích thực uống giấm Pinterest Áo len Cosby, fingerstache fap High Life. ');
/*!40000 ALTER TABLE `faqs_translations` ENABLE KEYS */;
UNLOCK TABLES;

--
-- Table structure for table `jobs`
--

DROP TABLE IF EXISTS `jobs`;
/*!40101 SET @saved_cs_client     = @@character_set_client */;
/*!50503 SET character_set_client = utf8mb4 */;
CREATE TABLE `jobs` (
  `id` bigint unsigned NOT NULL AUTO_INCREMENT,
  `queue` varchar(191) CHARACTER SET utf8mb4 COLLATE utf8mb4_unicode_ci NOT NULL,
  `payload` longtext CHARACTER SET utf8mb4 COLLATE utf8mb4_unicode_ci NOT NULL,
  `attempts` tinyint unsigned NOT NULL,
  `reserved_at` int unsigned DEFAULT NULL,
  `available_at` int unsigned NOT NULL,
  `created_at` int unsigned NOT NULL,
  PRIMARY KEY (`id`),
  KEY `jobs_queue_index` (`queue`)
) ENGINE=InnoDB DEFAULT CHARSET=utf8mb4 COLLATE=utf8mb4_unicode_ci;
/*!40101 SET character_set_client = @saved_cs_client */;

--
-- Dumping data for table `jobs`
--

LOCK TABLES `jobs` WRITE;
/*!40000 ALTER TABLE `jobs` DISABLE KEYS */;
/*!40000 ALTER TABLE `jobs` ENABLE KEYS */;
UNLOCK TABLES;

--
-- Table structure for table `language_meta`
--

DROP TABLE IF EXISTS `language_meta`;
/*!40101 SET @saved_cs_client     = @@character_set_client */;
/*!50503 SET character_set_client = utf8mb4 */;
CREATE TABLE `language_meta` (
  `lang_meta_id` int unsigned NOT NULL AUTO_INCREMENT,
  `lang_meta_code` text CHARACTER SET utf8mb4 COLLATE utf8mb4_unicode_ci,
  `lang_meta_origin` varchar(255) CHARACTER SET utf8mb4 COLLATE utf8mb4_unicode_ci NOT NULL,
  `reference_id` int unsigned NOT NULL,
  `reference_type` varchar(120) CHARACTER SET utf8mb4 COLLATE utf8mb4_unicode_ci NOT NULL,
  PRIMARY KEY (`lang_meta_id`),
  KEY `language_meta_reference_id_index` (`reference_id`)
) ENGINE=InnoDB AUTO_INCREMENT=29 DEFAULT CHARSET=utf8mb4 COLLATE=utf8mb4_unicode_ci;
/*!40101 SET character_set_client = @saved_cs_client */;

--
-- Dumping data for table `language_meta`
--

LOCK TABLES `language_meta` WRITE;
/*!40000 ALTER TABLE `language_meta` DISABLE KEYS */;
INSERT INTO `language_meta` VALUES (1,'en_US','92fcd8b43212d9f1bc83c866b413f161',1,'Botble\\SimpleSlider\\Models\\SimpleSlider'),(2,'en_US','739d3020a836759e75fb3469c8d7218c',2,'Botble\\SimpleSlider\\Models\\SimpleSlider'),(3,'en_US','64dc4173d29df61125b30558cb939d2b',3,'Botble\\SimpleSlider\\Models\\SimpleSlider'),(4,'en_US','cfa912d7bdbe28c2bea645c87536fdf6',4,'Botble\\SimpleSlider\\Models\\SimpleSlider'),(5,'en_US','e7fe8aca0199d3c1a0ea78a6824e4db9',5,'Botble\\SimpleSlider\\Models\\SimpleSlider'),(6,'en_US','1a49623831e1e9f67448f62ac1012d94',6,'Botble\\SimpleSlider\\Models\\SimpleSlider'),(7,'en_US','70ac15049e1cd524d1f1b7c3ca6da327',7,'Botble\\SimpleSlider\\Models\\SimpleSlider'),(8,'vi','92fcd8b43212d9f1bc83c866b413f161',8,'Botble\\SimpleSlider\\Models\\SimpleSlider'),(9,'vi','739d3020a836759e75fb3469c8d7218c',9,'Botble\\SimpleSlider\\Models\\SimpleSlider'),(10,'vi','64dc4173d29df61125b30558cb939d2b',10,'Botble\\SimpleSlider\\Models\\SimpleSlider'),(11,'vi','cfa912d7bdbe28c2bea645c87536fdf6',11,'Botble\\SimpleSlider\\Models\\SimpleSlider'),(12,'vi','e7fe8aca0199d3c1a0ea78a6824e4db9',12,'Botble\\SimpleSlider\\Models\\SimpleSlider'),(13,'vi','1a49623831e1e9f67448f62ac1012d94',13,'Botble\\SimpleSlider\\Models\\SimpleSlider'),(14,'vi','70ac15049e1cd524d1f1b7c3ca6da327',14,'Botble\\SimpleSlider\\Models\\SimpleSlider'),(15,'en_US','48858465ef8602fab7cadfe776cc0e40',1,'Botble\\Menu\\Models\\MenuLocation'),(16,'en_US','a0ecb363dab9e5c2ea98b53ed2954e92',1,'Botble\\Menu\\Models\\Menu'),(17,'en_US','fd2cbb0a7fc1081dc0755536b6d0d979',2,'Botble\\Menu\\Models\\MenuLocation'),(18,'en_US','e0d3d24f18b44675f8c7b1b397c061cd',2,'Botble\\Menu\\Models\\Menu'),(19,'en_US','5a6039393073410c984b60c2a5f43d83',3,'Botble\\Menu\\Models\\Menu'),(20,'en_US','e9a5c25bc687410820db37a819fabed9',4,'Botble\\Menu\\Models\\Menu'),(21,'en_US','72b164ac58345d7cdbacf3f714f6bd31',5,'Botble\\Menu\\Models\\Menu'),(22,'vi','fa57f119cd6385a9f97c5cda710c7634',3,'Botble\\Menu\\Models\\MenuLocation'),(23,'vi','a0ecb363dab9e5c2ea98b53ed2954e92',6,'Botble\\Menu\\Models\\Menu'),(24,'vi','3cbcad40892cb704e11d0f40f1537b90',4,'Botble\\Menu\\Models\\MenuLocation'),(25,'vi','e0d3d24f18b44675f8c7b1b397c061cd',7,'Botble\\Menu\\Models\\Menu'),(26,'vi','5a6039393073410c984b60c2a5f43d83',8,'Botble\\Menu\\Models\\Menu'),(27,'vi','e9a5c25bc687410820db37a819fabed9',9,'Botble\\Menu\\Models\\Menu'),(28,'vi','72b164ac58345d7cdbacf3f714f6bd31',10,'Botble\\Menu\\Models\\Menu');
/*!40000 ALTER TABLE `language_meta` ENABLE KEYS */;
UNLOCK TABLES;

--
-- Table structure for table `language_meta_backup`
--

DROP TABLE IF EXISTS `language_meta_backup`;
/*!40101 SET @saved_cs_client     = @@character_set_client */;
/*!50503 SET character_set_client = utf8mb4 */;
CREATE TABLE `language_meta_backup` (
  `lang_meta_id` int unsigned NOT NULL AUTO_INCREMENT,
  `lang_meta_code` text CHARACTER SET utf8mb4 COLLATE utf8mb4_unicode_ci,
  `lang_meta_origin` varchar(255) CHARACTER SET utf8mb4 COLLATE utf8mb4_unicode_ci NOT NULL,
  `reference_id` int unsigned NOT NULL,
  `reference_type` varchar(120) CHARACTER SET utf8mb4 COLLATE utf8mb4_unicode_ci NOT NULL,
  PRIMARY KEY (`lang_meta_id`),
  KEY `language_meta_reference_id_index` (`reference_id`)
) ENGINE=InnoDB DEFAULT CHARSET=utf8mb4 COLLATE=utf8mb4_unicode_ci;
/*!40101 SET character_set_client = @saved_cs_client */;

--
-- Dumping data for table `language_meta_backup`
--

LOCK TABLES `language_meta_backup` WRITE;
/*!40000 ALTER TABLE `language_meta_backup` DISABLE KEYS */;
/*!40000 ALTER TABLE `language_meta_backup` ENABLE KEYS */;
UNLOCK TABLES;

--
-- Table structure for table `languages`
--

DROP TABLE IF EXISTS `languages`;
/*!40101 SET @saved_cs_client     = @@character_set_client */;
/*!50503 SET character_set_client = utf8mb4 */;
CREATE TABLE `languages` (
  `lang_id` int unsigned NOT NULL AUTO_INCREMENT,
  `lang_name` varchar(120) CHARACTER SET utf8mb4 COLLATE utf8mb4_unicode_ci NOT NULL,
  `lang_locale` varchar(20) CHARACTER SET utf8mb4 COLLATE utf8mb4_unicode_ci NOT NULL,
  `lang_code` varchar(20) CHARACTER SET utf8mb4 COLLATE utf8mb4_unicode_ci NOT NULL,
  `lang_flag` varchar(20) CHARACTER SET utf8mb4 COLLATE utf8mb4_unicode_ci DEFAULT NULL,
  `lang_is_default` tinyint unsigned NOT NULL DEFAULT '0',
  `lang_order` int NOT NULL DEFAULT '0',
  `lang_is_rtl` tinyint unsigned NOT NULL DEFAULT '0',
  PRIMARY KEY (`lang_id`)
) ENGINE=InnoDB AUTO_INCREMENT=3 DEFAULT CHARSET=utf8mb4 COLLATE=utf8mb4_unicode_ci;
/*!40101 SET character_set_client = @saved_cs_client */;

--
-- Dumping data for table `languages`
--

LOCK TABLES `languages` WRITE;
/*!40000 ALTER TABLE `languages` DISABLE KEYS */;
INSERT INTO `languages` VALUES (1,'English','en','en_US','us',1,0,0),(2,'Tiếng Việt','vi','vi','vn',0,0,0);
/*!40000 ALTER TABLE `languages` ENABLE KEYS */;
UNLOCK TABLES;

--
-- Table structure for table `media_files`
--

DROP TABLE IF EXISTS `media_files`;
/*!40101 SET @saved_cs_client     = @@character_set_client */;
/*!50503 SET character_set_client = utf8mb4 */;
CREATE TABLE `media_files` (
  `id` bigint unsigned NOT NULL AUTO_INCREMENT,
  `user_id` int unsigned NOT NULL,
  `name` varchar(255) CHARACTER SET utf8mb4 COLLATE utf8mb4_unicode_ci NOT NULL,
  `folder_id` int unsigned NOT NULL DEFAULT '0',
  `mime_type` varchar(120) CHARACTER SET utf8mb4 COLLATE utf8mb4_unicode_ci NOT NULL,
  `size` int NOT NULL,
  `url` varchar(255) CHARACTER SET utf8mb4 COLLATE utf8mb4_unicode_ci NOT NULL,
  `options` text CHARACTER SET utf8mb4 COLLATE utf8mb4_unicode_ci,
  `created_at` timestamp NULL DEFAULT NULL,
  `updated_at` timestamp NULL DEFAULT NULL,
  `deleted_at` timestamp NULL DEFAULT NULL,
  PRIMARY KEY (`id`),
  KEY `media_files_user_id_index` (`user_id`),
  KEY `media_files_folder_id_user_id_created_at_index` (`folder_id`,`user_id`,`created_at`)
) ENGINE=InnoDB AUTO_INCREMENT=194 DEFAULT CHARSET=utf8mb4 COLLATE=utf8mb4_unicode_ci;
/*!40101 SET character_set_client = @saved_cs_client */;

--
-- Dumping data for table `media_files`
--

LOCK TABLES `media_files` WRITE;
/*!40000 ALTER TABLE `media_files` DISABLE KEYS */;
INSERT INTO `media_files` VALUES (1,0,'icon-1',1,'image/png',4323,'product-categories/icon-1.png','[]','2022-03-16 02:40:43','2022-03-16 02:40:43',NULL),(2,0,'icon-10',1,'image/png',4357,'product-categories/icon-10.png','[]','2022-03-16 02:40:43','2022-03-16 02:40:43',NULL),(3,0,'icon-11',1,'image/png',2024,'product-categories/icon-11.png','[]','2022-03-16 02:40:43','2022-03-16 02:40:43',NULL),(4,0,'icon-12',1,'image/png',3531,'product-categories/icon-12.png','[]','2022-03-16 02:40:43','2022-03-16 02:40:43',NULL),(5,0,'icon-13',1,'image/png',2344,'product-categories/icon-13.png','[]','2022-03-16 02:40:43','2022-03-16 02:40:43',NULL),(6,0,'icon-14',1,'image/png',2314,'product-categories/icon-14.png','[]','2022-03-16 02:40:44','2022-03-16 02:40:44',NULL),(7,0,'icon-2',1,'image/png',3204,'product-categories/icon-2.png','[]','2022-03-16 02:40:44','2022-03-16 02:40:44',NULL),(8,0,'icon-3',1,'image/png',4184,'product-categories/icon-3.png','[]','2022-03-16 02:40:44','2022-03-16 02:40:44',NULL),(9,0,'icon-4',1,'image/png',4648,'product-categories/icon-4.png','[]','2022-03-16 02:40:44','2022-03-16 02:40:44',NULL),(10,0,'icon-5',1,'image/png',4594,'product-categories/icon-5.png','[]','2022-03-16 02:40:44','2022-03-16 02:40:44',NULL),(11,0,'icon-6',1,'image/png',3518,'product-categories/icon-6.png','[]','2022-03-16 02:40:45','2022-03-16 02:40:45',NULL),(12,0,'icon-7',1,'image/png',3829,'product-categories/icon-7.png','[]','2022-03-16 02:40:45','2022-03-16 02:40:45',NULL),(13,0,'icon-8',1,'image/png',4815,'product-categories/icon-8.png','[]','2022-03-16 02:40:45','2022-03-16 02:40:45',NULL),(14,0,'icon-9',1,'image/png',3126,'product-categories/icon-9.png','[]','2022-03-16 02:40:45','2022-03-16 02:40:45',NULL),(15,0,'image-1',1,'image/png',25796,'product-categories/image-1.png','[]','2022-03-16 02:40:45','2022-03-16 02:40:45',NULL),(16,0,'image-10',1,'image/png',13714,'product-categories/image-10.png','[]','2022-03-16 02:40:45','2022-03-16 02:40:45',NULL),(17,0,'image-11',1,'image/png',18723,'product-categories/image-11.png','[]','2022-03-16 02:40:46','2022-03-16 02:40:46',NULL),(18,0,'image-12',1,'image/png',19482,'product-categories/image-12.png','[]','2022-03-16 02:40:46','2022-03-16 02:40:46',NULL),(19,0,'image-13',1,'image/png',19312,'product-categories/image-13.png','[]','2022-03-16 02:40:46','2022-03-16 02:40:46',NULL),(20,0,'image-14',1,'image/png',19593,'product-categories/image-14.png','[]','2022-03-16 02:40:46','2022-03-16 02:40:46',NULL),(21,0,'image-15',1,'image/png',17706,'product-categories/image-15.png','[]','2022-03-16 02:40:46','2022-03-16 02:40:46',NULL),(22,0,'image-2',1,'image/png',19956,'product-categories/image-2.png','[]','2022-03-16 02:40:46','2022-03-16 02:40:46',NULL),(23,0,'image-3',1,'image/png',20032,'product-categories/image-3.png','[]','2022-03-16 02:40:47','2022-03-16 02:40:47',NULL),(24,0,'image-4',1,'image/png',18475,'product-categories/image-4.png','[]','2022-03-16 02:40:47','2022-03-16 02:40:47',NULL),(25,0,'image-5',1,'image/png',16666,'product-categories/image-5.png','[]','2022-03-16 02:40:47','2022-03-16 02:40:47',NULL),(26,0,'image-6',1,'image/png',15381,'product-categories/image-6.png','[]','2022-03-16 02:40:47','2022-03-16 02:40:47',NULL),(27,0,'image-7',1,'image/png',13804,'product-categories/image-7.png','[]','2022-03-16 02:40:47','2022-03-16 02:40:47',NULL),(28,0,'image-8',1,'image/png',17392,'product-categories/image-8.png','[]','2022-03-16 02:40:48','2022-03-16 02:40:48',NULL),(29,0,'image-9',1,'image/png',17729,'product-categories/image-9.png','[]','2022-03-16 02:40:48','2022-03-16 02:40:48',NULL),(30,0,'1-1',2,'image/jpeg',77048,'products/1-1.jpg','[]','2022-03-16 02:40:49','2022-03-16 02:40:49',NULL),(31,0,'1',2,'image/jpeg',80718,'products/1.jpg','[]','2022-03-16 02:40:49','2022-03-16 02:40:49',NULL),(32,0,'10-1',2,'image/jpeg',105100,'products/10-1.jpg','[]','2022-03-16 02:40:49','2022-03-16 02:40:49',NULL),(33,0,'10',2,'image/jpeg',117642,'products/10.jpg','[]','2022-03-16 02:40:49','2022-03-16 02:40:49',NULL),(34,0,'11-1',2,'image/jpeg',45724,'products/11-1.jpg','[]','2022-03-16 02:40:50','2022-03-16 02:40:50',NULL),(35,0,'11',2,'image/jpeg',46272,'products/11.jpg','[]','2022-03-16 02:40:50','2022-03-16 02:40:50',NULL),(36,0,'12-1',2,'image/jpeg',72251,'products/12-1.jpg','[]','2022-03-16 02:40:50','2022-03-16 02:40:50',NULL),(37,0,'12',2,'image/jpeg',71309,'products/12.jpg','[]','2022-03-16 02:40:51','2022-03-16 02:40:51',NULL),(38,0,'13-1',2,'image/jpeg',32608,'products/13-1.jpg','[]','2022-03-16 02:40:51','2022-03-16 02:40:51',NULL),(39,0,'13',2,'image/jpeg',33526,'products/13.jpg','[]','2022-03-16 02:40:51','2022-03-16 02:40:51',NULL),(40,0,'14-1',2,'image/jpeg',64893,'products/14-1.jpg','[]','2022-03-16 02:40:52','2022-03-16 02:40:52',NULL),(41,0,'14',2,'image/jpeg',53642,'products/14.jpg','[]','2022-03-16 02:40:52','2022-03-16 02:40:52',NULL),(42,0,'15-1',2,'image/jpeg',93293,'products/15-1.jpg','[]','2022-03-16 02:40:52','2022-03-16 02:40:52',NULL),(43,0,'15',2,'image/jpeg',70399,'products/15.jpg','[]','2022-03-16 02:40:53','2022-03-16 02:40:53',NULL),(44,0,'16-1',2,'image/jpeg',59168,'products/16-1.jpg','[]','2022-03-16 02:40:53','2022-03-16 02:40:53',NULL),(45,0,'16-2',2,'image/jpeg',74882,'products/16-2.jpg','[]','2022-03-16 02:40:53','2022-03-16 02:40:53',NULL),(46,0,'16-3',2,'image/jpeg',71574,'products/16-3.jpg','[]','2022-03-16 02:40:54','2022-03-16 02:40:54',NULL),(47,0,'16-4',2,'image/jpeg',87131,'products/16-4.jpg','[]','2022-03-16 02:40:54','2022-03-16 02:40:54',NULL),(48,0,'16-5',2,'image/jpeg',59849,'products/16-5.jpg','[]','2022-03-16 02:40:54','2022-03-16 02:40:54',NULL),(49,0,'16-6',2,'image/jpeg',91691,'products/16-6.jpg','[]','2022-03-16 02:40:54','2022-03-16 02:40:54',NULL),(50,0,'16',2,'image/jpeg',100953,'products/16.jpg','[]','2022-03-16 02:40:55','2022-03-16 02:40:55',NULL),(51,0,'17-1',2,'image/jpeg',17816,'products/17-1.jpg','[]','2022-03-16 02:40:55','2022-03-16 02:40:55',NULL),(52,0,'17',2,'image/jpeg',17551,'products/17.jpg','[]','2022-03-16 02:40:55','2022-03-16 02:40:55',NULL),(53,0,'18-1',2,'image/jpeg',13352,'products/18-1.jpg','[]','2022-03-16 02:40:55','2022-03-16 02:40:55',NULL),(54,0,'18',2,'image/jpeg',20319,'products/18.jpg','[]','2022-03-16 02:40:56','2022-03-16 02:40:56',NULL),(55,0,'19-1',2,'image/jpeg',22960,'products/19-1.jpg','[]','2022-03-16 02:40:56','2022-03-16 02:40:56',NULL),(56,0,'19',2,'image/jpeg',15156,'products/19.jpg','[]','2022-03-16 02:40:56','2022-03-16 02:40:56',NULL),(57,0,'2-1',2,'image/jpeg',56143,'products/2-1.jpg','[]','2022-03-16 02:40:56','2022-03-16 02:40:56',NULL),(58,0,'2',2,'image/jpeg',64331,'products/2.jpg','[]','2022-03-16 02:40:56','2022-03-16 02:40:56',NULL),(59,0,'20-1',2,'image/jpeg',27985,'products/20-1.jpg','[]','2022-03-16 02:40:57','2022-03-16 02:40:57',NULL),(60,0,'20',2,'image/jpeg',18065,'products/20.jpg','[]','2022-03-16 02:40:57','2022-03-16 02:40:57',NULL),(61,0,'21-1',2,'image/jpeg',28003,'products/21-1.jpg','[]','2022-03-16 02:40:57','2022-03-16 02:40:57',NULL),(62,0,'21',2,'image/jpeg',18198,'products/21.jpg','[]','2022-03-16 02:40:57','2022-03-16 02:40:57',NULL),(63,0,'22-1',2,'image/jpeg',28621,'products/22-1.jpg','[]','2022-03-16 02:40:57','2022-03-16 02:40:57',NULL),(64,0,'22',2,'image/jpeg',19002,'products/22.jpg','[]','2022-03-16 02:40:57','2022-03-16 02:40:57',NULL),(65,0,'23-1',2,'image/jpeg',35525,'products/23-1.jpg','[]','2022-03-16 02:40:58','2022-03-16 02:40:58',NULL),(66,0,'23',2,'image/jpeg',19227,'products/23.jpg','[]','2022-03-16 02:40:58','2022-03-16 02:40:58',NULL),(67,0,'24-1',2,'image/jpeg',20531,'products/24-1.jpg','[]','2022-03-16 02:40:58','2022-03-16 02:40:58',NULL),(68,0,'24',2,'image/jpeg',10609,'products/24.jpg','[]','2022-03-16 02:40:58','2022-03-16 02:40:58',NULL),(69,0,'3-1',2,'image/jpeg',79350,'products/3-1.jpg','[]','2022-03-16 02:40:58','2022-03-16 02:40:58',NULL),(70,0,'3',2,'image/jpeg',89626,'products/3.jpg','[]','2022-03-16 02:40:59','2022-03-16 02:40:59',NULL),(71,0,'4-1',2,'image/jpeg',58354,'products/4-1.jpg','[]','2022-03-16 02:40:59','2022-03-16 02:40:59',NULL),(72,0,'4',2,'image/jpeg',76935,'products/4.jpg','[]','2022-03-16 02:40:59','2022-03-16 02:40:59',NULL),(73,0,'5-1',2,'image/jpeg',91691,'products/5-1.jpg','[]','2022-03-16 02:41:00','2022-03-16 02:41:00',NULL),(74,0,'5',2,'image/jpeg',100953,'products/5.jpg','[]','2022-03-16 02:41:00','2022-03-16 02:41:00',NULL),(75,0,'6-1',2,'image/jpeg',74851,'products/6-1.jpg','[]','2022-03-16 02:41:00','2022-03-16 02:41:00',NULL),(76,0,'6',2,'image/jpeg',89464,'products/6.jpg','[]','2022-03-16 02:41:01','2022-03-16 02:41:01',NULL),(77,0,'7-1',2,'image/jpeg',66135,'products/7-1.jpg','[]','2022-03-16 02:41:01','2022-03-16 02:41:01',NULL),(78,0,'7',2,'image/jpeg',71573,'products/7.jpg','[]','2022-03-16 02:41:01','2022-03-16 02:41:01',NULL),(79,0,'8-1',2,'image/jpeg',41283,'products/8-1.jpg','[]','2022-03-16 02:41:02','2022-03-16 02:41:02',NULL),(80,0,'8',2,'image/jpeg',33964,'products/8.jpg','[]','2022-03-16 02:41:02','2022-03-16 02:41:02',NULL),(81,0,'9-1',2,'image/jpeg',78790,'products/9-1.jpg','[]','2022-03-16 02:41:02','2022-03-16 02:41:02',NULL),(82,0,'9',2,'image/jpeg',84813,'products/9.jpg','[]','2022-03-16 02:41:03','2022-03-16 02:41:03',NULL),(83,0,'1',3,'image/jpeg',274660,'customers/1.jpg','[]','2022-03-16 02:41:05','2022-03-16 02:41:05',NULL),(84,0,'2',3,'image/jpeg',295031,'customers/2.jpg','[]','2022-03-16 02:41:05','2022-03-16 02:41:05',NULL),(85,0,'3',3,'image/jpeg',183576,'customers/3.jpg','[]','2022-03-16 02:41:05','2022-03-16 02:41:05',NULL),(86,0,'4',3,'image/jpeg',245360,'customers/4.jpg','[]','2022-03-16 02:41:05','2022-03-16 02:41:05',NULL),(87,0,'5',3,'image/jpeg',262908,'customers/5.jpg','[]','2022-03-16 02:41:06','2022-03-16 02:41:06',NULL),(88,0,'6',3,'image/jpeg',109600,'customers/6.jpg','[]','2022-03-16 02:41:06','2022-03-16 02:41:06',NULL),(89,0,'7',3,'image/jpeg',159280,'customers/7.jpg','[]','2022-03-16 02:41:06','2022-03-16 02:41:06',NULL),(90,0,'8',3,'image/jpeg',99998,'customers/8.jpg','[]','2022-03-16 02:41:07','2022-03-16 02:41:07',NULL),(96,0,'1-1',5,'image/png',519229,'sliders/1-1.png','[]','2022-03-16 02:41:13','2022-03-16 02:41:13',NULL),(97,0,'1-2',5,'image/png',468469,'sliders/1-2.png','[]','2022-03-16 02:41:14','2022-03-16 02:41:14',NULL),(98,0,'1-3',5,'image/png',2697,'sliders/1-3.png','[]','2022-03-16 02:41:15','2022-03-16 02:41:15',NULL),(99,0,'2-1',5,'image/png',159240,'sliders/2-1.png','[]','2022-03-16 02:41:15','2022-03-16 02:41:15',NULL),(100,0,'2-2',5,'image/png',113574,'sliders/2-2.png','[]','2022-03-16 02:41:16','2022-03-16 02:41:16',NULL),(101,0,'2-3',5,'image/png',2697,'sliders/2-3.png','[]','2022-03-16 02:41:16','2022-03-16 02:41:16',NULL),(102,0,'3-1',5,'image/png',519229,'sliders/3-1.png','[]','2022-03-16 02:41:16','2022-03-16 02:41:16',NULL),(103,0,'3-2',5,'image/png',468469,'sliders/3-2.png','[]','2022-03-16 02:41:17','2022-03-16 02:41:17',NULL),(104,0,'4-1',5,'image/png',618556,'sliders/4-1.png','[]','2022-03-16 02:41:18','2022-03-16 02:41:18',NULL),(105,0,'4-2',5,'image/png',949745,'sliders/4-2.png','[]','2022-03-16 02:41:18','2022-03-16 02:41:18',NULL),(106,0,'4-3',5,'image/png',2697,'sliders/4-3.png','[]','2022-03-16 02:41:19','2022-03-16 02:41:19',NULL),(107,0,'5-1',5,'image/png',1273599,'sliders/5-1.png','[]','2022-03-16 02:41:20','2022-03-16 02:41:20',NULL),(108,0,'5-2',5,'image/png',695846,'sliders/5-2.png','[]','2022-03-16 02:41:20','2022-03-16 02:41:20',NULL),(109,0,'banner-1',5,'image/png',104000,'sliders/banner-1.png','[]','2022-03-16 02:41:21','2022-03-16 02:41:21',NULL),(110,0,'thumbnail-1',5,'image/jpeg',28966,'sliders/thumbnail-1.jpg','[]','2022-03-16 02:41:22','2022-03-16 02:41:22',NULL),(111,0,'thumbnail-2',5,'image/jpeg',13975,'sliders/thumbnail-2.jpg','[]','2022-03-16 02:41:22','2022-03-16 02:41:22',NULL),(112,0,'thumbnail-3',5,'image/jpeg',15751,'sliders/thumbnail-3.jpg','[]','2022-03-16 02:41:22','2022-03-16 02:41:22',NULL),(113,0,'thumbnail-4',5,'image/jpeg',16846,'sliders/thumbnail-4.jpg','[]','2022-03-16 02:41:22','2022-03-16 02:41:22',NULL),(114,0,'thumbnail-5',5,'image/jpeg',24938,'sliders/thumbnail-5.jpg','[]','2022-03-16 02:41:23','2022-03-16 02:41:23',NULL),(115,0,'thumbnail-6',5,'image/jpeg',63412,'sliders/thumbnail-6.jpg','[]','2022-03-16 02:41:23','2022-03-16 02:41:23',NULL),(116,0,'1',6,'image/png',533812,'news/1.png','[]','2022-03-16 02:41:23','2022-03-16 02:41:23',NULL),(117,0,'10',6,'image/png',439491,'news/10.png','[]','2022-03-16 02:41:24','2022-03-16 02:41:24',NULL),(118,0,'11',6,'image/png',593219,'news/11.png','[]','2022-03-16 02:41:25','2022-03-16 02:41:25',NULL),(119,0,'2',6,'image/png',633277,'news/2.png','[]','2022-03-16 02:41:26','2022-03-16 02:41:26',NULL),(120,0,'3',6,'image/png',372986,'news/3.png','[]','2022-03-16 02:41:26','2022-03-16 02:41:26',NULL),(121,0,'4',6,'image/png',438363,'news/4.png','[]','2022-03-16 02:41:27','2022-03-16 02:41:27',NULL),(122,0,'5',6,'image/png',483356,'news/5.png','[]','2022-03-16 02:41:28','2022-03-16 02:41:28',NULL),(123,0,'6',6,'image/png',502720,'news/6.png','[]','2022-03-16 02:41:29','2022-03-16 02:41:29',NULL),(124,0,'7',6,'image/png',465225,'news/7.png','[]','2022-03-16 02:41:30','2022-03-16 02:41:30',NULL),(125,0,'8',6,'image/png',489034,'news/8.png','[]','2022-03-16 02:41:31','2022-03-16 02:41:31',NULL),(126,0,'9',6,'image/png',328817,'news/9.png','[]','2022-03-16 02:41:32','2022-03-16 02:41:32',NULL),(127,0,'1',7,'image/png',50119,'promotion/1.png','[]','2022-03-16 02:41:33','2022-03-16 02:41:33',NULL),(128,0,'10',7,'image/png',108470,'promotion/10.png','[]','2022-03-16 02:41:34','2022-03-16 02:41:34',NULL),(129,0,'11',7,'image/png',106453,'promotion/11.png','[]','2022-03-16 02:41:34','2022-03-16 02:41:34',NULL),(130,0,'12',7,'image/png',104430,'promotion/12.png','[]','2022-03-16 02:41:35','2022-03-16 02:41:35',NULL),(131,0,'2',7,'image/png',38339,'promotion/2.png','[]','2022-03-16 02:41:36','2022-03-16 02:41:36',NULL),(132,0,'3',7,'image/png',65066,'promotion/3.png','[]','2022-03-16 02:41:36','2022-03-16 02:41:36',NULL),(133,0,'4',7,'image/png',62462,'promotion/4.png','[]','2022-03-16 02:41:36','2022-03-16 02:41:36',NULL),(134,0,'5',7,'image/png',190175,'promotion/5.png','[]','2022-03-16 02:41:37','2022-03-16 02:41:37',NULL),(135,0,'6',7,'image/png',190175,'promotion/6.png','[]','2022-03-16 02:41:37','2022-03-16 02:41:37',NULL),(136,0,'7',7,'image/png',272480,'promotion/7.png','[]','2022-03-16 02:41:38','2022-03-16 02:41:38',NULL),(137,0,'8',7,'image/png',73547,'promotion/8.png','[]','2022-03-16 02:41:38','2022-03-16 02:41:38',NULL),(138,0,'9',7,'image/png',126894,'promotion/9.png','[]','2022-03-16 02:41:39','2022-03-16 02:41:39',NULL),(139,0,'app-store',8,'image/jpeg',29714,'general/app-store.jpg','[]','2022-03-16 02:41:40','2022-03-16 02:41:40',NULL),(140,0,'category-1',8,'image/png',4323,'general/category-1.png','[]','2022-03-16 02:41:40','2022-03-16 02:41:40',NULL),(141,0,'facebook',8,'image/png',646,'general/facebook.png','[]','2022-03-16 02:41:40','2022-03-16 02:41:40',NULL),(142,0,'favicon',8,'image/png',3890,'general/favicon.png','[]','2022-03-16 02:41:40','2022-03-16 02:41:40',NULL),(143,0,'google-play',8,'image/jpeg',29477,'general/google-play.jpg','[]','2022-03-16 02:41:40','2022-03-16 02:41:40',NULL),(144,0,'header-bg',8,'image/png',16995,'general/header-bg.png','[]','2022-03-16 02:41:40','2022-03-16 02:41:40',NULL),(145,0,'home-6',8,'image/jpeg',799491,'general/home-6.jpeg','[]','2022-03-16 02:41:41','2022-03-16 02:41:41',NULL),(146,0,'icon-1',8,'image/png',2024,'general/icon-1.png','[]','2022-03-16 02:41:41','2022-03-16 02:41:41',NULL),(147,0,'icon-2',8,'image/png',3531,'general/icon-2.png','[]','2022-03-16 02:41:41','2022-03-16 02:41:41',NULL),(148,0,'icon-3',8,'image/png',2344,'general/icon-3.png','[]','2022-03-16 02:41:41','2022-03-16 02:41:41',NULL),(149,0,'icon-4',8,'image/png',2314,'general/icon-4.png','[]','2022-03-16 02:41:42','2022-03-16 02:41:42',NULL),(150,0,'icon-5',8,'image/png',2853,'general/icon-5.png','[]','2022-03-16 02:41:42','2022-03-16 02:41:42',NULL),(151,0,'instagram',8,'image/png',2586,'general/instagram.png','[]','2022-03-16 02:41:42','2022-03-16 02:41:42',NULL),(152,0,'loading',8,'image/gif',25062,'general/loading.gif','[]','2022-03-16 02:41:42','2022-03-16 02:41:42',NULL),(153,0,'login-1',8,'image/png',270812,'general/login-1.png','[]','2022-03-16 02:41:42','2022-03-16 02:41:42',NULL),(154,0,'logo',8,'image/png',7698,'general/logo.png','[]','2022-03-16 02:41:43','2022-03-16 02:41:43',NULL),(155,0,'newsletter-background-image',8,'image/png',28409,'general/newsletter-background-image.png','[]','2022-03-16 02:41:43','2022-03-16 02:41:43',NULL),(156,0,'newsletter-image',8,'image/png',116235,'general/newsletter-image.png','[]','2022-03-16 02:41:44','2022-03-16 02:41:44',NULL),(157,0,'open-graph-image',8,'image/png',436809,'general/open-graph-image.png','[]','2022-03-16 02:41:44','2022-03-16 02:41:44',NULL),(158,0,'payment-methods',8,'image/png',10634,'general/payment-methods.png','[]','2022-03-16 02:41:44','2022-03-16 02:41:44',NULL),(159,0,'pinterest',8,'image/png',2128,'general/pinterest.png','[]','2022-03-16 02:41:44','2022-03-16 02:41:44',NULL),(160,0,'twitter',8,'image/png',1759,'general/twitter.png','[]','2022-03-16 02:41:45','2022-03-16 02:41:45',NULL),(161,0,'youtube',8,'image/png',1083,'general/youtube.png','[]','2022-03-16 02:41:45','2022-03-16 02:41:45',NULL),(162,0,'1',9,'image/png',11920,'stores/1.png','[]','2022-03-16 02:41:45','2022-03-16 02:41:45',NULL),(163,0,'10',9,'image/png',6583,'stores/10.png','[]','2022-03-16 02:41:45','2022-03-16 02:41:45',NULL),(164,0,'11',9,'image/png',6934,'stores/11.png','[]','2022-03-16 02:41:45','2022-03-16 02:41:45',NULL),(165,0,'12',9,'image/png',7396,'stores/12.png','[]','2022-03-16 02:41:46','2022-03-16 02:41:46',NULL),(166,0,'13',9,'image/png',5881,'stores/13.png','[]','2022-03-16 02:41:46','2022-03-16 02:41:46',NULL),(167,0,'14',9,'image/png',7188,'stores/14.png','[]','2022-03-16 02:41:46','2022-03-16 02:41:46',NULL),(168,0,'15',9,'image/png',7142,'stores/15.png','[]','2022-03-16 02:41:46','2022-03-16 02:41:46',NULL),(169,0,'16',9,'image/png',4659,'stores/16.png','[]','2022-03-16 02:41:46','2022-03-16 02:41:46',NULL),(170,0,'17',9,'image/png',6781,'stores/17.png','[]','2022-03-16 02:41:46','2022-03-16 02:41:46',NULL),(171,0,'2',9,'image/png',12300,'stores/2.png','[]','2022-03-16 02:41:47','2022-03-16 02:41:47',NULL),(172,0,'3',9,'image/png',10778,'stores/3.png','[]','2022-03-16 02:41:47','2022-03-16 02:41:47',NULL),(173,0,'4',9,'image/png',10771,'stores/4.png','[]','2022-03-16 02:41:47','2022-03-16 02:41:47',NULL),(174,0,'5',9,'image/png',13041,'stores/5.png','[]','2022-03-16 02:41:47','2022-03-16 02:41:47',NULL),(175,0,'6',9,'image/png',14006,'stores/6.png','[]','2022-03-16 02:41:47','2022-03-16 02:41:47',NULL),(176,0,'7',9,'image/png',5978,'stores/7.png','[]','2022-03-16 02:41:48','2022-03-16 02:41:48',NULL),(177,0,'8',9,'image/png',6586,'stores/8.png','[]','2022-03-16 02:41:48','2022-03-16 02:41:48',NULL),(178,0,'9',9,'image/png',6173,'stores/9.png','[]','2022-03-16 02:41:48','2022-03-16 02:41:48',NULL),(189,0,'1',12,'image/png',431894,'flash-sales/1.png','[]','2022-04-20 20:19:49','2022-04-20 20:19:49',NULL),(190,0,'2',12,'image/png',118543,'flash-sales/2.png','[]','2022-04-20 20:19:50','2022-04-20 20:19:50',NULL),(191,0,'3',12,'image/png',163085,'flash-sales/3.png','[]','2022-04-20 20:19:51','2022-04-20 20:19:51',NULL),(192,0,'4',12,'image/png',195017,'flash-sales/4.png','[]','2022-04-20 20:19:51','2022-04-20 20:19:51',NULL),(193,0,'5',12,'image/png',153833,'flash-sales/5.png','[]','2022-04-20 20:19:52','2022-04-20 20:19:52',NULL);
/*!40000 ALTER TABLE `media_files` ENABLE KEYS */;
UNLOCK TABLES;

--
-- Table structure for table `media_folders`
--

DROP TABLE IF EXISTS `media_folders`;
/*!40101 SET @saved_cs_client     = @@character_set_client */;
/*!50503 SET character_set_client = utf8mb4 */;
CREATE TABLE `media_folders` (
  `id` bigint unsigned NOT NULL AUTO_INCREMENT,
  `user_id` int unsigned NOT NULL,
  `name` varchar(191) CHARACTER SET utf8mb4 COLLATE utf8mb4_unicode_ci DEFAULT NULL,
  `slug` varchar(191) CHARACTER SET utf8mb4 COLLATE utf8mb4_unicode_ci DEFAULT NULL,
  `parent_id` int NOT NULL DEFAULT '0',
  `created_at` timestamp NULL DEFAULT NULL,
  `updated_at` timestamp NULL DEFAULT NULL,
  `deleted_at` timestamp NULL DEFAULT NULL,
  PRIMARY KEY (`id`),
  KEY `media_folders_user_id_index` (`user_id`),
  KEY `media_folders_parent_id_user_id_created_at_index` (`parent_id`,`user_id`,`created_at`)
) ENGINE=InnoDB AUTO_INCREMENT=13 DEFAULT CHARSET=utf8mb4 COLLATE=utf8mb4_unicode_ci;
/*!40101 SET character_set_client = @saved_cs_client */;

--
-- Dumping data for table `media_folders`
--

LOCK TABLES `media_folders` WRITE;
/*!40000 ALTER TABLE `media_folders` DISABLE KEYS */;
INSERT INTO `media_folders` VALUES (1,0,'product-categories','product-categories',0,'2022-03-16 02:40:43','2022-03-16 02:40:43',NULL),(2,0,'products','products',0,'2022-03-16 02:40:49','2022-03-16 02:40:49',NULL),(3,0,'customers','customers',0,'2022-03-16 02:41:05','2022-03-16 02:41:05',NULL),(5,0,'sliders','sliders',0,'2022-03-16 02:41:13','2022-03-16 02:41:13',NULL),(6,0,'news','news',0,'2022-03-16 02:41:23','2022-03-16 02:41:23',NULL),(7,0,'promotion','promotion',0,'2022-03-16 02:41:33','2022-03-16 02:41:33',NULL),(8,0,'general','general',0,'2022-03-16 02:41:40','2022-03-16 02:41:40',NULL),(9,0,'stores','stores',0,'2022-03-16 02:41:45','2022-03-16 02:41:45',NULL),(12,0,'flash-sales','flash-sales',0,'2022-04-20 20:19:49','2022-04-20 20:19:49',NULL);
/*!40000 ALTER TABLE `media_folders` ENABLE KEYS */;
UNLOCK TABLES;

--
-- Table structure for table `media_settings`
--

DROP TABLE IF EXISTS `media_settings`;
/*!40101 SET @saved_cs_client     = @@character_set_client */;
/*!50503 SET character_set_client = utf8mb4 */;
CREATE TABLE `media_settings` (
  `id` bigint unsigned NOT NULL AUTO_INCREMENT,
  `key` varchar(120) CHARACTER SET utf8mb4 COLLATE utf8mb4_unicode_ci NOT NULL,
  `value` text CHARACTER SET utf8mb4 COLLATE utf8mb4_unicode_ci,
  `media_id` int DEFAULT NULL,
  `user_id` int DEFAULT NULL,
  `created_at` timestamp NULL DEFAULT NULL,
  `updated_at` timestamp NULL DEFAULT NULL,
  PRIMARY KEY (`id`)
) ENGINE=InnoDB DEFAULT CHARSET=utf8mb4 COLLATE=utf8mb4_unicode_ci;
/*!40101 SET character_set_client = @saved_cs_client */;

--
-- Dumping data for table `media_settings`
--

LOCK TABLES `media_settings` WRITE;
/*!40000 ALTER TABLE `media_settings` DISABLE KEYS */;
/*!40000 ALTER TABLE `media_settings` ENABLE KEYS */;
UNLOCK TABLES;

--
-- Table structure for table `menu_locations`
--

DROP TABLE IF EXISTS `menu_locations`;
/*!40101 SET @saved_cs_client     = @@character_set_client */;
/*!50503 SET character_set_client = utf8mb4 */;
CREATE TABLE `menu_locations` (
  `id` bigint unsigned NOT NULL AUTO_INCREMENT,
  `menu_id` int unsigned NOT NULL,
  `location` varchar(120) CHARACTER SET utf8mb4 COLLATE utf8mb4_unicode_ci NOT NULL,
  `created_at` timestamp NULL DEFAULT NULL,
  `updated_at` timestamp NULL DEFAULT NULL,
  PRIMARY KEY (`id`),
  KEY `menu_locations_menu_id_created_at_index` (`menu_id`,`created_at`)
) ENGINE=InnoDB AUTO_INCREMENT=5 DEFAULT CHARSET=utf8mb4 COLLATE=utf8mb4_unicode_ci;
/*!40101 SET character_set_client = @saved_cs_client */;

--
-- Dumping data for table `menu_locations`
--

LOCK TABLES `menu_locations` WRITE;
/*!40000 ALTER TABLE `menu_locations` DISABLE KEYS */;
INSERT INTO `menu_locations` VALUES (1,1,'main-menu','2022-03-16 02:41:49','2022-03-16 02:41:49'),(2,2,'header-navigation','2022-03-16 02:41:49','2022-03-16 02:41:49'),(3,6,'main-menu','2022-03-16 02:41:49','2022-03-16 02:41:49'),(4,7,'header-navigation','2022-03-16 02:41:49','2022-03-16 02:41:49');
/*!40000 ALTER TABLE `menu_locations` ENABLE KEYS */;
UNLOCK TABLES;

--
-- Table structure for table `menu_nodes`
--

DROP TABLE IF EXISTS `menu_nodes`;
/*!40101 SET @saved_cs_client     = @@character_set_client */;
/*!50503 SET character_set_client = utf8mb4 */;
CREATE TABLE `menu_nodes` (
  `id` bigint unsigned NOT NULL AUTO_INCREMENT,
  `menu_id` int unsigned NOT NULL,
  `parent_id` int unsigned NOT NULL DEFAULT '0',
  `reference_id` int unsigned DEFAULT NULL,
  `reference_type` varchar(255) CHARACTER SET utf8mb4 COLLATE utf8mb4_unicode_ci DEFAULT NULL,
  `url` varchar(120) CHARACTER SET utf8mb4 COLLATE utf8mb4_unicode_ci DEFAULT NULL,
  `icon_font` varchar(50) CHARACTER SET utf8mb4 COLLATE utf8mb4_unicode_ci DEFAULT NULL,
  `position` tinyint unsigned NOT NULL DEFAULT '0',
  `title` varchar(120) CHARACTER SET utf8mb4 COLLATE utf8mb4_unicode_ci DEFAULT NULL,
  `css_class` varchar(120) CHARACTER SET utf8mb4 COLLATE utf8mb4_unicode_ci DEFAULT NULL,
  `target` varchar(20) CHARACTER SET utf8mb4 COLLATE utf8mb4_unicode_ci NOT NULL DEFAULT '_self',
  `has_child` tinyint unsigned NOT NULL DEFAULT '0',
  `created_at` timestamp NULL DEFAULT NULL,
  `updated_at` timestamp NULL DEFAULT NULL,
  PRIMARY KEY (`id`),
  KEY `menu_nodes_menu_id_index` (`menu_id`),
  KEY `menu_nodes_parent_id_index` (`parent_id`),
  KEY `menu_nodes_index` (`parent_id`,`reference_id`,`reference_type`,`has_child`,`created_at`)
) ENGINE=InnoDB AUTO_INCREMENT=97 DEFAULT CHARSET=utf8mb4 COLLATE=utf8mb4_unicode_ci;
/*!40101 SET character_set_client = @saved_cs_client */;

--
-- Dumping data for table `menu_nodes`
--

LOCK TABLES `menu_nodes` WRITE;
/*!40000 ALTER TABLE `menu_nodes` DISABLE KEYS */;
INSERT INTO `menu_nodes` VALUES (1,1,0,NULL,NULL,'/',NULL,0,'Home',NULL,'_self',1,'2022-03-16 02:41:49','2022-03-16 02:41:49'),(2,1,1,1,'Botble\\Page\\Models\\Page','',NULL,0,'Home 1',NULL,'_self',0,'2022-03-16 02:41:49','2022-03-16 02:41:49'),(3,1,1,2,'Botble\\Page\\Models\\Page','/homepage-2',NULL,0,'Home 2',NULL,'_self',0,'2022-03-16 02:41:49','2022-03-16 02:41:49'),(4,1,1,3,'Botble\\Page\\Models\\Page','/homepage-3',NULL,0,'Home 3',NULL,'_self',0,'2022-03-16 02:41:49','2022-03-16 02:41:49'),(5,1,1,4,'Botble\\Page\\Models\\Page','/homepage-4',NULL,0,'Home 4',NULL,'_self',0,'2022-03-16 02:41:49','2022-03-16 02:41:49'),(6,1,1,16,'Botble\\Page\\Models\\Page','/homepage-5',NULL,0,'Home 5',NULL,'_self',0,'2022-03-16 02:41:49','2022-03-16 02:41:49'),(7,1,1,17,'Botble\\Page\\Models\\Page','/homepage-6',NULL,0,'Home 6',NULL,'_self',0,'2022-03-16 02:41:49','2022-03-16 02:41:49'),(8,1,0,NULL,NULL,'/products',NULL,0,'Shop',NULL,'_self',1,'2022-03-16 02:41:49','2022-03-16 02:41:49'),(9,1,8,NULL,NULL,'/products',NULL,0,'Shop Grid - Full Width',NULL,'_self',0,'2022-03-16 02:41:49','2022-03-16 02:41:49'),(10,1,8,NULL,NULL,'/products?layout=product-right-sidebar',NULL,0,'Shop Grid - Right Sidebar',NULL,'_self',0,'2022-03-16 02:41:49','2022-03-16 02:41:49'),(11,1,8,NULL,NULL,'/products?layout=product-left-sidebar',NULL,0,'Shop Grid - Left Sidebar',NULL,'_self',0,'2022-03-16 02:41:49','2022-03-16 02:41:49'),(12,1,8,1,'Botble\\Ecommerce\\Models\\ProductCategory','/product-categories/milks-and-dairies',NULL,0,'Products Of Category',NULL,'_self',0,'2022-03-16 02:41:49','2022-03-16 02:41:49'),(13,1,0,NULL,NULL,'/stores',NULL,0,'Stores',NULL,'_self',1,'2022-03-16 02:41:49','2022-03-16 02:41:49'),(14,1,13,NULL,NULL,'/stores',NULL,0,'Stores - Grid',NULL,'_self',0,'2022-03-16 02:41:49','2022-03-16 02:41:49'),(15,1,13,NULL,NULL,'/stores?layout=stores-list',NULL,0,'Stores - List',NULL,'_self',0,'2022-03-16 02:41:49','2022-03-16 02:41:49'),(16,1,13,NULL,NULL,'/stores/gopro',NULL,0,'Store - Detail',NULL,'_self',0,'2022-03-16 02:41:49','2022-03-16 02:41:49'),(17,1,0,NULL,NULL,'/products/seeds-of-change-organic-quinoe',NULL,0,'Product',NULL,'_self',1,'2022-03-16 02:41:49','2022-03-16 02:41:49'),(18,1,17,NULL,NULL,'/products/seeds-of-change-organic-quinoe',NULL,0,'Product Right Sidebar',NULL,'_self',0,'2022-03-16 02:41:49','2022-03-16 02:41:49'),(19,1,17,NULL,NULL,'/products/all-natural-italian-style-chicken-meatballs',NULL,0,'Product Left Sidebar',NULL,'_self',0,'2022-03-16 02:41:49','2022-03-16 02:41:49'),(20,1,17,NULL,NULL,'/products/angies-boomchickapop-sweet-salty-kettle-corn',NULL,0,'Product Full Width',NULL,'_self',0,'2022-03-16 02:41:49','2022-03-16 02:41:49'),(21,1,0,5,'Botble\\Page\\Models\\Page','/blog',NULL,0,'Blog',NULL,'_self',1,'2022-03-16 02:41:49','2022-03-16 02:41:49'),(22,1,21,5,'Botble\\Page\\Models\\Page','/blog',NULL,0,'Blog Grid',NULL,'_self',0,'2022-03-16 02:41:49','2022-03-16 02:41:49'),(23,1,21,13,'Botble\\Page\\Models\\Page','/blog-list',NULL,0,'Blog List',NULL,'_self',0,'2022-03-16 02:41:49','2022-03-16 02:41:49'),(24,1,21,14,'Botble\\Page\\Models\\Page','/blog-big',NULL,0,'Blog Big',NULL,'_self',0,'2022-03-16 02:41:49','2022-03-16 02:41:49'),(25,1,21,15,'Botble\\Page\\Models\\Page','/blog-wide',NULL,0,'Blog Wide',NULL,'_self',0,'2022-03-16 02:41:49','2022-03-16 02:41:49'),(26,1,21,NULL,NULL,'/blog/4-expert-tips-on-how-to-choose-the-right-mens-wallet',NULL,0,'Single Post',NULL,'_self',1,'2022-03-16 02:41:49','2022-03-16 02:41:49'),(27,1,26,NULL,NULL,'/blog/4-expert-tips-on-how-to-choose-the-right-mens-wallet',NULL,0,'Single Post Right Sidebar',NULL,'_self',0,'2022-03-16 02:41:49','2022-03-16 02:41:49'),(28,1,26,NULL,NULL,'/blog/sexy-clutches-how-to-buy-wear-a-designer-clutch-bag',NULL,0,'Single Post Left Sidebar',NULL,'_self',0,'2022-03-16 02:41:49','2022-03-16 02:41:49'),(29,1,26,NULL,NULL,'/blog/the-top-2020-handbag-trends-to-know',NULL,0,'Single Post Full Width',NULL,'_self',0,'2022-03-16 02:41:49','2022-03-16 02:41:49'),(30,1,26,NULL,NULL,'/blog/how-to-match-the-color-of-your-handbag-with-an-outfit',NULL,0,'Single Post with Product Listing',NULL,'_self',0,'2022-03-16 02:41:49','2022-03-16 02:41:49'),(31,1,0,18,'Botble\\Page\\Models\\Page','/faq',NULL,0,'FAQ',NULL,'_self',0,'2022-03-16 02:41:49','2022-03-16 02:41:49'),(32,1,0,6,'Botble\\Page\\Models\\Page','/contact',NULL,0,'Contact',NULL,'_self',0,'2022-03-16 02:41:49','2022-03-16 02:41:49'),(33,2,0,7,'Botble\\Page\\Models\\Page','/about-us',NULL,0,'About Us',NULL,'_self',0,'2022-03-16 02:41:49','2022-03-16 02:41:49'),(34,2,0,NULL,NULL,'/orders/tracking',NULL,0,'Order Tracking',NULL,'_self',0,'2022-03-16 02:41:49','2022-03-16 02:41:49'),(35,3,0,1,'Botble\\Ecommerce\\Models\\ProductCategory','/product-categories/milks-and-dairies',NULL,0,'Men',NULL,'_self',0,'2022-03-16 02:41:49','2022-03-16 02:41:49'),(36,3,0,2,'Botble\\Ecommerce\\Models\\ProductCategory','/product-categories/clothing-beauty',NULL,0,'Women',NULL,'_self',0,'2022-03-16 02:41:49','2022-03-16 02:41:49'),(37,3,0,3,'Botble\\Ecommerce\\Models\\ProductCategory','/product-categories/pet-toy',NULL,0,'Accessories',NULL,'_self',0,'2022-03-16 02:41:49','2022-03-16 02:41:49'),(38,3,0,4,'Botble\\Ecommerce\\Models\\ProductCategory','/product-categories/baking-material',NULL,0,'Shoes',NULL,'_self',0,'2022-03-16 02:41:49','2022-03-16 02:41:49'),(39,3,0,5,'Botble\\Ecommerce\\Models\\ProductCategory','/product-categories/fresh-fruit',NULL,0,'Denim',NULL,'_self',0,'2022-03-16 02:41:49','2022-03-16 02:41:49'),(40,3,0,6,'Botble\\Ecommerce\\Models\\ProductCategory','/product-categories/wines-drinks',NULL,0,'Dress',NULL,'_self',0,'2022-03-16 02:41:49','2022-03-16 02:41:49'),(41,4,0,6,'Botble\\Page\\Models\\Page','/contact',NULL,0,'Contact Us',NULL,'_self',0,'2022-03-16 02:41:49','2022-03-16 02:41:49'),(42,4,0,7,'Botble\\Page\\Models\\Page','/about-us',NULL,0,'About Us',NULL,'_self',0,'2022-03-16 02:41:49','2022-03-16 02:41:49'),(43,4,0,8,'Botble\\Page\\Models\\Page','/cookie-policy',NULL,0,'Cookie Policy',NULL,'_self',0,'2022-03-16 02:41:49','2022-03-16 02:41:49'),(44,4,0,9,'Botble\\Page\\Models\\Page','/terms-conditions',NULL,0,'Terms & Conditions',NULL,'_self',0,'2022-03-16 02:41:49','2022-03-16 02:41:49'),(45,4,0,10,'Botble\\Page\\Models\\Page','/returns-exchanges',NULL,0,'Returns & Exchanges',NULL,'_self',0,'2022-03-16 02:41:49','2022-03-16 02:41:49'),(46,4,0,11,'Botble\\Page\\Models\\Page','/shipping-delivery',NULL,0,'Shipping & Delivery',NULL,'_self',0,'2022-03-16 02:41:49','2022-03-16 02:41:49'),(47,4,0,12,'Botble\\Page\\Models\\Page','/privacy-policy',NULL,0,'Privacy Policy',NULL,'_self',0,'2022-03-16 02:41:49','2022-03-16 02:41:49'),(48,5,0,7,'Botble\\Page\\Models\\Page','/about-us',NULL,0,'About us',NULL,'_self',0,'2022-03-16 02:41:49','2022-03-16 02:41:49'),(49,5,0,NULL,NULL,'#',NULL,0,'Affiliate',NULL,'_self',0,'2022-03-16 02:41:49','2022-03-16 02:41:49'),(50,5,0,NULL,NULL,'#',NULL,0,'Career',NULL,'_self',0,'2022-03-16 02:41:49','2022-03-16 02:41:49'),(51,5,0,6,'Botble\\Page\\Models\\Page','/contact',NULL,0,'Contact us',NULL,'_self',0,'2022-03-16 02:41:49','2022-03-16 02:41:49'),(52,6,0,NULL,NULL,'/',NULL,0,'Trang chủ',NULL,'_self',1,'2022-03-16 02:41:49','2022-03-16 02:41:49'),(53,6,52,1,'Botble\\Page\\Models\\Page','',NULL,0,'Trang chủ 1',NULL,'_self',0,'2022-03-16 02:41:49','2022-03-16 02:41:49'),(54,6,52,2,'Botble\\Page\\Models\\Page','/homepage-2',NULL,0,'Trang chủ 2',NULL,'_self',0,'2022-03-16 02:41:49','2022-03-16 02:41:49'),(55,6,52,3,'Botble\\Page\\Models\\Page','/homepage-3',NULL,0,'Trang chủ 3',NULL,'_self',0,'2022-03-16 02:41:49','2022-03-16 02:41:49'),(56,6,52,4,'Botble\\Page\\Models\\Page','/homepage-4',NULL,0,'Trang chủ 4',NULL,'_self',0,'2022-03-16 02:41:49','2022-03-16 02:41:49'),(57,6,52,16,'Botble\\Page\\Models\\Page','/homepage-5',NULL,0,'Trang chủ 5',NULL,'_self',0,'2022-03-16 02:41:49','2022-03-16 02:41:49'),(58,6,52,17,'Botble\\Page\\Models\\Page','/homepage-6',NULL,0,'Trang chủ 6',NULL,'_self',0,'2022-03-16 02:41:49','2022-03-16 02:41:49'),(59,6,0,NULL,NULL,'/products',NULL,0,'Bán hàng',NULL,'_self',1,'2022-03-16 02:41:49','2022-03-16 02:41:49'),(60,6,59,NULL,NULL,'/products',NULL,0,'Tất cả sản phẩm',NULL,'_self',0,'2022-03-16 02:41:49','2022-03-16 02:41:49'),(61,6,59,1,'Botble\\Ecommerce\\Models\\ProductCategory','/product-categories/milks-and-dairies',NULL,0,'Danh mục sản phẩm',NULL,'_self',0,'2022-03-16 02:41:49','2022-03-16 02:41:49'),(62,6,0,NULL,NULL,'/stores',NULL,0,'Cửa hàng',NULL,'_self',1,'2022-03-16 02:41:49','2022-03-16 02:41:49'),(63,6,62,NULL,NULL,'/stores',NULL,0,'Cửa hàng - Grid',NULL,'_self',0,'2022-03-16 02:41:49','2022-03-16 02:41:49'),(64,6,62,NULL,NULL,'/stores?layout=stores-list',NULL,0,'Cửa hàng - List',NULL,'_self',0,'2022-03-16 02:41:49','2022-03-16 02:41:49'),(65,6,62,NULL,NULL,'/stores/gopro',NULL,0,'Cửa hàng - Detail',NULL,'_self',0,'2022-03-16 02:41:49','2022-03-16 02:41:49'),(66,6,0,NULL,NULL,'#',NULL,0,'Sản phẩm',NULL,'_self',1,'2022-03-16 02:41:49','2022-03-16 02:41:49'),(67,6,66,NULL,NULL,'/products/seeds-of-change-organic-quinoe',NULL,0,'Sản phẩm Sidebar phải',NULL,'_self',0,'2022-03-16 02:41:49','2022-03-16 02:41:49'),(68,6,66,NULL,NULL,'/products/all-natural-italian-style-chicken-meatballs',NULL,0,'Sản phẩm Sidebar trái',NULL,'_self',0,'2022-03-16 02:41:49','2022-03-16 02:41:49'),(69,6,66,NULL,NULL,'/products/angies-boomchickapop-sweet-salty-kettle-corn',NULL,0,'Sản phẩm full width',NULL,'_self',0,'2022-03-16 02:41:49','2022-03-16 02:41:49'),(70,6,0,5,'Botble\\Page\\Models\\Page','/blog',NULL,0,'Tin tức',NULL,'_self',1,'2022-03-16 02:41:49','2022-03-16 02:41:49'),(71,6,70,5,'Botble\\Page\\Models\\Page','/blog',NULL,0,'Tin tức Sidebar phải',NULL,'_self',0,'2022-03-16 02:41:49','2022-03-16 02:41:49'),(72,6,70,13,'Botble\\Page\\Models\\Page','/blog-list',NULL,0,'Tin tức Sidebar trái',NULL,'_self',0,'2022-03-16 02:41:49','2022-03-16 02:41:49'),(73,6,70,NULL,NULL,'/blog/4-expert-tips-on-how-to-choose-the-right-mens-wallet',NULL,0,'Bài viết Sidebar phải',NULL,'_self',0,'2022-03-16 02:41:49','2022-03-16 02:41:49'),(74,6,70,NULL,NULL,'/blog/sexy-clutches-how-to-buy-wear-a-designer-clutch-bag',NULL,0,'Bài viết Sidebar trái',NULL,'_self',0,'2022-03-16 02:41:49','2022-03-16 02:41:49'),(75,6,70,NULL,NULL,'/blog/the-top-2020-handbag-trends-to-know',NULL,0,'Bài viết Full Width',NULL,'_self',0,'2022-03-16 02:41:49','2022-03-16 02:41:49'),(76,6,70,NULL,NULL,'/blog/how-to-match-the-color-of-your-handbag-with-an-outfit',NULL,0,'Bài viết kèm sản phẩm',NULL,'_self',0,'2022-03-16 02:41:49','2022-03-16 02:41:49'),(77,6,0,18,'Botble\\Page\\Models\\Page','/faq',NULL,0,'FAQ',NULL,'_self',0,'2022-03-16 02:41:49','2022-03-16 02:41:49'),(78,6,0,6,'Botble\\Page\\Models\\Page','/contact',NULL,0,'Liên hệ',NULL,'_self',0,'2022-03-16 02:41:49','2022-03-16 02:41:49'),(79,7,0,8,'Botble\\Page\\Models\\Page','/cookie-policy',NULL,0,'Về Chúng Tôi',NULL,'_self',0,'2022-03-16 02:41:49','2022-03-16 02:41:49'),(80,7,0,NULL,NULL,'/orders/tracking',NULL,0,'Theo Dõi Đơn Hàng',NULL,'_self',0,'2022-03-16 02:41:49','2022-03-16 02:41:49'),(81,8,0,1,'Botble\\Ecommerce\\Models\\ProductCategory','/product-categories/milks-and-dairies',NULL,0,'Sữa',NULL,'_self',0,'2022-03-16 02:41:49','2022-03-16 02:41:49'),(82,8,0,2,'Botble\\Ecommerce\\Models\\ProductCategory','/product-categories/clothing-beauty',NULL,0,'Quần áo và làm đẹp',NULL,'_self',0,'2022-03-16 02:41:49','2022-03-16 02:41:49'),(83,8,0,3,'Botble\\Ecommerce\\Models\\ProductCategory','/product-categories/pet-toy',NULL,0,'Đồ chơi thú cưng',NULL,'_self',0,'2022-03-16 02:41:49','2022-03-16 02:41:49'),(84,8,0,4,'Botble\\Ecommerce\\Models\\ProductCategory','/product-categories/baking-material',NULL,0,'Nguyên liệu làm bánh',NULL,'_self',0,'2022-03-16 02:41:49','2022-03-16 02:41:49'),(85,8,0,5,'Botble\\Ecommerce\\Models\\ProductCategory','/product-categories/fresh-fruit',NULL,0,'Trái cây tươi',NULL,'_self',0,'2022-03-16 02:41:49','2022-03-16 02:41:49'),(86,8,0,6,'Botble\\Ecommerce\\Models\\ProductCategory','/product-categories/wines-drinks',NULL,0,'Rượu & Đồ uống',NULL,'_self',0,'2022-03-16 02:41:49','2022-03-16 02:41:49'),(87,9,0,6,'Botble\\Page\\Models\\Page','/contact',NULL,0,'Liên hệ',NULL,'_self',0,'2022-03-16 02:41:49','2022-03-16 02:41:49'),(88,9,0,8,'Botble\\Page\\Models\\Page','/cookie-policy',NULL,0,'Về chúng tôi',NULL,'_self',0,'2022-03-16 02:41:49','2022-03-16 02:41:49'),(89,9,0,9,'Botble\\Page\\Models\\Page','/terms-conditions',NULL,0,'Điều khoản & quy định',NULL,'_self',0,'2022-03-16 02:41:49','2022-03-16 02:41:49'),(90,9,0,10,'Botble\\Page\\Models\\Page','/returns-exchanges',NULL,0,'Chính sách đổi trả',NULL,'_self',0,'2022-03-16 02:41:49','2022-03-16 02:41:49'),(91,9,0,11,'Botble\\Page\\Models\\Page','/shipping-delivery',NULL,0,'Chính sách vận chuyển',NULL,'_self',0,'2022-03-16 02:41:49','2022-03-16 02:41:49'),(92,9,0,12,'Botble\\Page\\Models\\Page','/privacy-policy',NULL,0,'Chính sách bảo mật',NULL,'_self',0,'2022-03-16 02:41:49','2022-03-16 02:41:49'),(93,10,0,7,'Botble\\Page\\Models\\Page','/about-us',NULL,0,'Về chúng tôi',NULL,'_self',0,'2022-03-16 02:41:49','2022-03-16 02:41:49'),(94,10,0,NULL,NULL,'#',NULL,0,'Tiếp thị liên kết',NULL,'_self',0,'2022-03-16 02:41:49','2022-03-16 02:41:49'),(95,10,0,NULL,NULL,'#',NULL,0,'Tuyển dụng',NULL,'_self',0,'2022-03-16 02:41:49','2022-03-16 02:41:49'),(96,10,0,6,'Botble\\Page\\Models\\Page','/contact',NULL,0,'Liên hệ',NULL,'_self',0,'2022-03-16 02:41:49','2022-03-16 02:41:49');
/*!40000 ALTER TABLE `menu_nodes` ENABLE KEYS */;
UNLOCK TABLES;

--
-- Table structure for table `menus`
--

DROP TABLE IF EXISTS `menus`;
/*!40101 SET @saved_cs_client     = @@character_set_client */;
/*!50503 SET character_set_client = utf8mb4 */;
CREATE TABLE `menus` (
  `id` bigint unsigned NOT NULL AUTO_INCREMENT,
  `name` varchar(120) CHARACTER SET utf8mb4 COLLATE utf8mb4_unicode_ci NOT NULL,
  `slug` varchar(120) CHARACTER SET utf8mb4 COLLATE utf8mb4_unicode_ci DEFAULT NULL,
  `status` varchar(60) CHARACTER SET utf8mb4 COLLATE utf8mb4_unicode_ci NOT NULL DEFAULT 'published',
  `created_at` timestamp NULL DEFAULT NULL,
  `updated_at` timestamp NULL DEFAULT NULL,
  PRIMARY KEY (`id`),
  UNIQUE KEY `menus_slug_unique` (`slug`)
) ENGINE=InnoDB AUTO_INCREMENT=11 DEFAULT CHARSET=utf8mb4 COLLATE=utf8mb4_unicode_ci;
/*!40101 SET character_set_client = @saved_cs_client */;

--
-- Dumping data for table `menus`
--

LOCK TABLES `menus` WRITE;
/*!40000 ALTER TABLE `menus` DISABLE KEYS */;
INSERT INTO `menus` VALUES (1,'Main menu','main-menu','published','2022-03-16 02:41:49','2022-03-16 02:41:49'),(2,'Header menu','header-menu','published','2022-03-16 02:41:49','2022-03-16 02:41:49'),(3,'Product categories','product-categories','published','2022-03-16 02:41:49','2022-03-16 02:41:49'),(4,'Information','information','published','2022-03-16 02:41:49','2022-03-16 02:41:49'),(5,'Company','company','published','2022-03-16 02:41:49','2022-03-16 02:41:49'),(6,'Menu chính','menu-chinh','published','2022-03-16 02:41:49','2022-03-16 02:41:49'),(7,'Menu trên cùng','menu-tren-cung','published','2022-03-16 02:41:49','2022-03-16 02:41:49'),(8,'Product categories','danh-muc-san-pham','published','2022-03-16 02:41:49','2022-03-16 02:41:49'),(9,'Information','thong-tin','published','2022-03-16 02:41:49','2022-03-16 02:41:49'),(10,'Công ty','cong-ty','published','2022-03-16 02:41:49','2022-03-16 02:41:49');
/*!40000 ALTER TABLE `menus` ENABLE KEYS */;
UNLOCK TABLES;

--
-- Table structure for table `meta_boxes`
--

DROP TABLE IF EXISTS `meta_boxes`;
/*!40101 SET @saved_cs_client     = @@character_set_client */;
/*!50503 SET character_set_client = utf8mb4 */;
CREATE TABLE `meta_boxes` (
  `id` bigint unsigned NOT NULL AUTO_INCREMENT,
  `meta_key` varchar(255) CHARACTER SET utf8mb4 COLLATE utf8mb4_unicode_ci NOT NULL,
  `meta_value` text CHARACTER SET utf8mb4 COLLATE utf8mb4_unicode_ci,
  `reference_id` int unsigned NOT NULL,
  `reference_type` varchar(120) CHARACTER SET utf8mb4 COLLATE utf8mb4_unicode_ci NOT NULL,
  `created_at` timestamp NULL DEFAULT NULL,
  `updated_at` timestamp NULL DEFAULT NULL,
  PRIMARY KEY (`id`),
  KEY `meta_boxes_reference_id_index` (`reference_id`)
) ENGINE=InnoDB AUTO_INCREMENT=181 DEFAULT CHARSET=utf8mb4 COLLATE=utf8mb4_unicode_ci;
/*!40101 SET character_set_client = @saved_cs_client */;

--
-- Dumping data for table `meta_boxes`
--

LOCK TABLES `meta_boxes` WRITE;
/*!40000 ALTER TABLE `meta_boxes` DISABLE KEYS */;
INSERT INTO `meta_boxes` VALUES (1,'icon_image','[\"product-categories\\/icon-1.png\"]',1,'Botble\\Ecommerce\\Models\\ProductCategory','2022-03-16 02:40:48','2022-03-16 02:40:48'),(2,'background_color','[\"#F2FCE4\"]',1,'Botble\\Ecommerce\\Models\\ProductCategory','2022-03-16 02:40:48','2022-03-16 02:40:48'),(3,'icon_image','[\"product-categories\\/icon-2.png\"]',2,'Botble\\Ecommerce\\Models\\ProductCategory','2022-03-16 02:40:48','2022-03-16 02:40:48'),(4,'background_color','[\"#FFFCEB\"]',2,'Botble\\Ecommerce\\Models\\ProductCategory','2022-03-16 02:40:48','2022-03-16 02:40:48'),(5,'icon_image','[\"product-categories\\/icon-3.png\"]',3,'Botble\\Ecommerce\\Models\\ProductCategory','2022-03-16 02:40:48','2022-03-16 02:40:48'),(6,'background_color','[\"#ECFFEC\"]',3,'Botble\\Ecommerce\\Models\\ProductCategory','2022-03-16 02:40:48','2022-03-16 02:40:48'),(7,'icon_image','[\"product-categories\\/icon-4.png\"]',4,'Botble\\Ecommerce\\Models\\ProductCategory','2022-03-16 02:40:48','2022-03-16 02:40:48'),(8,'background_color','[\"#FEEFEA\"]',4,'Botble\\Ecommerce\\Models\\ProductCategory','2022-03-16 02:40:48','2022-03-16 02:40:48'),(9,'icon_image','[\"product-categories\\/icon-5.png\"]',5,'Botble\\Ecommerce\\Models\\ProductCategory','2022-03-16 02:40:48','2022-03-16 02:40:48'),(10,'background_color','[\"#FFF3EB\"]',5,'Botble\\Ecommerce\\Models\\ProductCategory','2022-03-16 02:40:48','2022-03-16 02:40:48'),(11,'icon_image','[\"product-categories\\/icon-6.png\"]',6,'Botble\\Ecommerce\\Models\\ProductCategory','2022-03-16 02:40:48','2022-03-16 02:40:48'),(12,'background_color','[\"#FFF3FF\"]',6,'Botble\\Ecommerce\\Models\\ProductCategory','2022-03-16 02:40:48','2022-03-16 02:40:48'),(13,'icon_image','[\"product-categories\\/icon-7.png\"]',7,'Botble\\Ecommerce\\Models\\ProductCategory','2022-03-16 02:40:48','2022-03-16 02:40:48'),(14,'background_color','[\"#F2FCE4\"]',7,'Botble\\Ecommerce\\Models\\ProductCategory','2022-03-16 02:40:48','2022-03-16 02:40:48'),(15,'icon_image','[\"product-categories\\/icon-8.png\"]',8,'Botble\\Ecommerce\\Models\\ProductCategory','2022-03-16 02:40:48','2022-03-16 02:40:48'),(16,'background_color','[\"#FFFCEB\"]',8,'Botble\\Ecommerce\\Models\\ProductCategory','2022-03-16 02:40:48','2022-03-16 02:40:48'),(17,'icon_image','[\"product-categories\\/icon-9.png\"]',9,'Botble\\Ecommerce\\Models\\ProductCategory','2022-03-16 02:40:48','2022-03-16 02:40:48'),(18,'background_color','[\"#ECFFEC\"]',9,'Botble\\Ecommerce\\Models\\ProductCategory','2022-03-16 02:40:48','2022-03-16 02:40:48'),(19,'icon_image','[\"product-categories\\/icon-10.png\"]',10,'Botble\\Ecommerce\\Models\\ProductCategory','2022-03-16 02:40:48','2022-03-16 02:40:48'),(20,'background_color','[\"#FEEFEA\"]',10,'Botble\\Ecommerce\\Models\\ProductCategory','2022-03-16 02:40:48','2022-03-16 02:40:48'),(21,'icon_image','[\"product-categories\\/icon-11.png\"]',11,'Botble\\Ecommerce\\Models\\ProductCategory','2022-03-16 02:40:48','2022-03-16 02:40:48'),(22,'background_color','[\"#FFF3EB\"]',11,'Botble\\Ecommerce\\Models\\ProductCategory','2022-03-16 02:40:48','2022-03-16 02:40:48'),(23,'icon_image','[\"product-categories\\/icon-12.png\"]',12,'Botble\\Ecommerce\\Models\\ProductCategory','2022-03-16 02:40:48','2022-03-16 02:40:48'),(24,'background_color','[\"#FFF3FF\"]',12,'Botble\\Ecommerce\\Models\\ProductCategory','2022-03-16 02:40:48','2022-03-16 02:40:48'),(25,'icon_image','[\"product-categories\\/icon-13.png\"]',13,'Botble\\Ecommerce\\Models\\ProductCategory','2022-03-16 02:40:48','2022-03-16 02:40:48'),(26,'background_color','[\"#F2FCE4\"]',13,'Botble\\Ecommerce\\Models\\ProductCategory','2022-03-16 02:40:48','2022-03-16 02:40:48'),(27,'icon_image','[\"product-categories\\/icon-14.png\"]',14,'Botble\\Ecommerce\\Models\\ProductCategory','2022-03-16 02:40:48','2022-03-16 02:40:48'),(28,'background_color','[\"#FFFCEB\"]',14,'Botble\\Ecommerce\\Models\\ProductCategory','2022-03-16 02:40:48','2022-03-16 02:40:48'),(29,'layout','[\"product-right-sidebar\"]',1,'Botble\\Ecommerce\\Models\\Product','2022-03-16 02:41:04','2022-03-16 02:41:04'),(30,'faq_schema_config','[[[{\"key\":\"question\",\"value\":\"What Shipping Methods Are Available?\"},{\"key\":\"answer\",\"value\":\"Ex Portland Pitchfork irure mustache. Eutra fap before they sold out literally. Aliquip ugh bicycle rights actually mlkshk, seitan squid craft beer tempor.\"}],[{\"key\":\"question\",\"value\":\"Do You Ship Internationally?\"},{\"key\":\"answer\",\"value\":\"Hoodie tote bag mixtape tofu. Typewriter jean shorts wolf quinoa, messenger bag organic freegan cray.\"}],[{\"key\":\"question\",\"value\":\"How Long Will It Take To Get My Package?\"},{\"key\":\"answer\",\"value\":\"Swag slow-carb quinoa VHS typewriter pork belly brunch, paleo single-origin coffee Wes Anderson. Flexitarian Pitchfork forage, literally paleo fap pour-over. Wes Anderson Pinterest YOLO fanny pack meggings, deep v XOXO chambray sustainable slow-carb raw denim church-key fap chillwave Etsy. +1 typewriter kitsch, American Apparel tofu Banksy Vice.\"}],[{\"key\":\"question\",\"value\":\"What Payment Methods Are Accepted?\"},{\"key\":\"answer\",\"value\":\"Fashion axe DIY jean shorts, swag kale chips meh polaroid kogi butcher Wes Anderson chambray next level semiotics gentrify yr. Voluptate photo booth fugiat Vice. Austin sed Williamsburg, ea labore raw denim voluptate cred proident mixtape excepteur mustache. Twee chia photo booth readymade food truck, hoodie roof party swag keytar PBR DIY.\"}],[{\"key\":\"question\",\"value\":\"Is Buying On-Line Safe?\"},{\"key\":\"answer\",\"value\":\"Art party authentic freegan semiotics jean shorts chia cred. Neutra Austin roof party Brooklyn, synth Thundercats swag 8-bit photo booth. Plaid letterpress leggings craft beer meh ethical Pinterest.\"}]]]',1,'Botble\\Ecommerce\\Models\\Product','2022-03-16 02:41:04','2022-03-16 02:41:04'),(31,'layout','[\"product-left-sidebar\"]',2,'Botble\\Ecommerce\\Models\\Product','2022-03-16 02:41:04','2022-03-16 02:41:04'),(32,'is_popular','[\"1\"]',2,'Botble\\Ecommerce\\Models\\Product','2022-03-16 02:41:04','2022-03-16 02:41:04'),(33,'faq_schema_config','[[[{\"key\":\"question\",\"value\":\"What Shipping Methods Are Available?\"},{\"key\":\"answer\",\"value\":\"Ex Portland Pitchfork irure mustache. Eutra fap before they sold out literally. Aliquip ugh bicycle rights actually mlkshk, seitan squid craft beer tempor.\"}],[{\"key\":\"question\",\"value\":\"Do You Ship Internationally?\"},{\"key\":\"answer\",\"value\":\"Hoodie tote bag mixtape tofu. Typewriter jean shorts wolf quinoa, messenger bag organic freegan cray.\"}],[{\"key\":\"question\",\"value\":\"How Long Will It Take To Get My Package?\"},{\"key\":\"answer\",\"value\":\"Swag slow-carb quinoa VHS typewriter pork belly brunch, paleo single-origin coffee Wes Anderson. Flexitarian Pitchfork forage, literally paleo fap pour-over. Wes Anderson Pinterest YOLO fanny pack meggings, deep v XOXO chambray sustainable slow-carb raw denim church-key fap chillwave Etsy. +1 typewriter kitsch, American Apparel tofu Banksy Vice.\"}],[{\"key\":\"question\",\"value\":\"What Payment Methods Are Accepted?\"},{\"key\":\"answer\",\"value\":\"Fashion axe DIY jean shorts, swag kale chips meh polaroid kogi butcher Wes Anderson chambray next level semiotics gentrify yr. Voluptate photo booth fugiat Vice. Austin sed Williamsburg, ea labore raw denim voluptate cred proident mixtape excepteur mustache. Twee chia photo booth readymade food truck, hoodie roof party swag keytar PBR DIY.\"}],[{\"key\":\"question\",\"value\":\"Is Buying On-Line Safe?\"},{\"key\":\"answer\",\"value\":\"Art party authentic freegan semiotics jean shorts chia cred. Neutra Austin roof party Brooklyn, synth Thundercats swag 8-bit photo booth. Plaid letterpress leggings craft beer meh ethical Pinterest.\"}]]]',2,'Botble\\Ecommerce\\Models\\Product','2022-03-16 02:41:04','2022-03-16 02:41:04'),(34,'layout','[\"product-full-width\"]',3,'Botble\\Ecommerce\\Models\\Product','2022-03-16 02:41:04','2022-03-16 02:41:04'),(35,'faq_schema_config','[[[{\"key\":\"question\",\"value\":\"What Shipping Methods Are Available?\"},{\"key\":\"answer\",\"value\":\"Ex Portland Pitchfork irure mustache. Eutra fap before they sold out literally. Aliquip ugh bicycle rights actually mlkshk, seitan squid craft beer tempor.\"}],[{\"key\":\"question\",\"value\":\"Do You Ship Internationally?\"},{\"key\":\"answer\",\"value\":\"Hoodie tote bag mixtape tofu. Typewriter jean shorts wolf quinoa, messenger bag organic freegan cray.\"}],[{\"key\":\"question\",\"value\":\"How Long Will It Take To Get My Package?\"},{\"key\":\"answer\",\"value\":\"Swag slow-carb quinoa VHS typewriter pork belly brunch, paleo single-origin coffee Wes Anderson. Flexitarian Pitchfork forage, literally paleo fap pour-over. Wes Anderson Pinterest YOLO fanny pack meggings, deep v XOXO chambray sustainable slow-carb raw denim church-key fap chillwave Etsy. +1 typewriter kitsch, American Apparel tofu Banksy Vice.\"}],[{\"key\":\"question\",\"value\":\"What Payment Methods Are Accepted?\"},{\"key\":\"answer\",\"value\":\"Fashion axe DIY jean shorts, swag kale chips meh polaroid kogi butcher Wes Anderson chambray next level semiotics gentrify yr. Voluptate photo booth fugiat Vice. Austin sed Williamsburg, ea labore raw denim voluptate cred proident mixtape excepteur mustache. Twee chia photo booth readymade food truck, hoodie roof party swag keytar PBR DIY.\"}],[{\"key\":\"question\",\"value\":\"Is Buying On-Line Safe?\"},{\"key\":\"answer\",\"value\":\"Art party authentic freegan semiotics jean shorts chia cred. Neutra Austin roof party Brooklyn, synth Thundercats swag 8-bit photo booth. Plaid letterpress leggings craft beer meh ethical Pinterest.\"}]]]',3,'Botble\\Ecommerce\\Models\\Product','2022-03-16 02:41:04','2022-03-16 02:41:04'),(36,'is_popular','[\"1\"]',4,'Botble\\Ecommerce\\Models\\Product','2022-03-16 02:41:04','2022-03-16 02:41:04'),(37,'faq_schema_config','[[[{\"key\":\"question\",\"value\":\"What Shipping Methods Are Available?\"},{\"key\":\"answer\",\"value\":\"Ex Portland Pitchfork irure mustache. Eutra fap before they sold out literally. Aliquip ugh bicycle rights actually mlkshk, seitan squid craft beer tempor.\"}],[{\"key\":\"question\",\"value\":\"Do You Ship Internationally?\"},{\"key\":\"answer\",\"value\":\"Hoodie tote bag mixtape tofu. Typewriter jean shorts wolf quinoa, messenger bag organic freegan cray.\"}],[{\"key\":\"question\",\"value\":\"How Long Will It Take To Get My Package?\"},{\"key\":\"answer\",\"value\":\"Swag slow-carb quinoa VHS typewriter pork belly brunch, paleo single-origin coffee Wes Anderson. Flexitarian Pitchfork forage, literally paleo fap pour-over. Wes Anderson Pinterest YOLO fanny pack meggings, deep v XOXO chambray sustainable slow-carb raw denim church-key fap chillwave Etsy. +1 typewriter kitsch, American Apparel tofu Banksy Vice.\"}],[{\"key\":\"question\",\"value\":\"What Payment Methods Are Accepted?\"},{\"key\":\"answer\",\"value\":\"Fashion axe DIY jean shorts, swag kale chips meh polaroid kogi butcher Wes Anderson chambray next level semiotics gentrify yr. Voluptate photo booth fugiat Vice. Austin sed Williamsburg, ea labore raw denim voluptate cred proident mixtape excepteur mustache. Twee chia photo booth readymade food truck, hoodie roof party swag keytar PBR DIY.\"}],[{\"key\":\"question\",\"value\":\"Is Buying On-Line Safe?\"},{\"key\":\"answer\",\"value\":\"Art party authentic freegan semiotics jean shorts chia cred. Neutra Austin roof party Brooklyn, synth Thundercats swag 8-bit photo booth. Plaid letterpress leggings craft beer meh ethical Pinterest.\"}]]]',4,'Botble\\Ecommerce\\Models\\Product','2022-03-16 02:41:04','2022-03-16 02:41:04'),(38,'faq_schema_config','[[[{\"key\":\"question\",\"value\":\"What Shipping Methods Are Available?\"},{\"key\":\"answer\",\"value\":\"Ex Portland Pitchfork irure mustache. Eutra fap before they sold out literally. Aliquip ugh bicycle rights actually mlkshk, seitan squid craft beer tempor.\"}],[{\"key\":\"question\",\"value\":\"Do You Ship Internationally?\"},{\"key\":\"answer\",\"value\":\"Hoodie tote bag mixtape tofu. Typewriter jean shorts wolf quinoa, messenger bag organic freegan cray.\"}],[{\"key\":\"question\",\"value\":\"How Long Will It Take To Get My Package?\"},{\"key\":\"answer\",\"value\":\"Swag slow-carb quinoa VHS typewriter pork belly brunch, paleo single-origin coffee Wes Anderson. Flexitarian Pitchfork forage, literally paleo fap pour-over. Wes Anderson Pinterest YOLO fanny pack meggings, deep v XOXO chambray sustainable slow-carb raw denim church-key fap chillwave Etsy. +1 typewriter kitsch, American Apparel tofu Banksy Vice.\"}],[{\"key\":\"question\",\"value\":\"What Payment Methods Are Accepted?\"},{\"key\":\"answer\",\"value\":\"Fashion axe DIY jean shorts, swag kale chips meh polaroid kogi butcher Wes Anderson chambray next level semiotics gentrify yr. Voluptate photo booth fugiat Vice. Austin sed Williamsburg, ea labore raw denim voluptate cred proident mixtape excepteur mustache. Twee chia photo booth readymade food truck, hoodie roof party swag keytar PBR DIY.\"}],[{\"key\":\"question\",\"value\":\"Is Buying On-Line Safe?\"},{\"key\":\"answer\",\"value\":\"Art party authentic freegan semiotics jean shorts chia cred. Neutra Austin roof party Brooklyn, synth Thundercats swag 8-bit photo booth. Plaid letterpress leggings craft beer meh ethical Pinterest.\"}]]]',5,'Botble\\Ecommerce\\Models\\Product','2022-03-16 02:41:04','2022-03-16 02:41:04'),(39,'is_popular','[\"1\"]',6,'Botble\\Ecommerce\\Models\\Product','2022-03-16 02:41:04','2022-03-16 02:41:04'),(40,'faq_schema_config','[[[{\"key\":\"question\",\"value\":\"What Shipping Methods Are Available?\"},{\"key\":\"answer\",\"value\":\"Ex Portland Pitchfork irure mustache. Eutra fap before they sold out literally. Aliquip ugh bicycle rights actually mlkshk, seitan squid craft beer tempor.\"}],[{\"key\":\"question\",\"value\":\"Do You Ship Internationally?\"},{\"key\":\"answer\",\"value\":\"Hoodie tote bag mixtape tofu. Typewriter jean shorts wolf quinoa, messenger bag organic freegan cray.\"}],[{\"key\":\"question\",\"value\":\"How Long Will It Take To Get My Package?\"},{\"key\":\"answer\",\"value\":\"Swag slow-carb quinoa VHS typewriter pork belly brunch, paleo single-origin coffee Wes Anderson. Flexitarian Pitchfork forage, literally paleo fap pour-over. Wes Anderson Pinterest YOLO fanny pack meggings, deep v XOXO chambray sustainable slow-carb raw denim church-key fap chillwave Etsy. +1 typewriter kitsch, American Apparel tofu Banksy Vice.\"}],[{\"key\":\"question\",\"value\":\"What Payment Methods Are Accepted?\"},{\"key\":\"answer\",\"value\":\"Fashion axe DIY jean shorts, swag kale chips meh polaroid kogi butcher Wes Anderson chambray next level semiotics gentrify yr. Voluptate photo booth fugiat Vice. Austin sed Williamsburg, ea labore raw denim voluptate cred proident mixtape excepteur mustache. Twee chia photo booth readymade food truck, hoodie roof party swag keytar PBR DIY.\"}],[{\"key\":\"question\",\"value\":\"Is Buying On-Line Safe?\"},{\"key\":\"answer\",\"value\":\"Art party authentic freegan semiotics jean shorts chia cred. Neutra Austin roof party Brooklyn, synth Thundercats swag 8-bit photo booth. Plaid letterpress leggings craft beer meh ethical Pinterest.\"}]]]',6,'Botble\\Ecommerce\\Models\\Product','2022-03-16 02:41:04','2022-03-16 02:41:04'),(41,'faq_schema_config','[[[{\"key\":\"question\",\"value\":\"What Shipping Methods Are Available?\"},{\"key\":\"answer\",\"value\":\"Ex Portland Pitchfork irure mustache. Eutra fap before they sold out literally. Aliquip ugh bicycle rights actually mlkshk, seitan squid craft beer tempor.\"}],[{\"key\":\"question\",\"value\":\"Do You Ship Internationally?\"},{\"key\":\"answer\",\"value\":\"Hoodie tote bag mixtape tofu. Typewriter jean shorts wolf quinoa, messenger bag organic freegan cray.\"}],[{\"key\":\"question\",\"value\":\"How Long Will It Take To Get My Package?\"},{\"key\":\"answer\",\"value\":\"Swag slow-carb quinoa VHS typewriter pork belly brunch, paleo single-origin coffee Wes Anderson. Flexitarian Pitchfork forage, literally paleo fap pour-over. Wes Anderson Pinterest YOLO fanny pack meggings, deep v XOXO chambray sustainable slow-carb raw denim church-key fap chillwave Etsy. +1 typewriter kitsch, American Apparel tofu Banksy Vice.\"}],[{\"key\":\"question\",\"value\":\"What Payment Methods Are Accepted?\"},{\"key\":\"answer\",\"value\":\"Fashion axe DIY jean shorts, swag kale chips meh polaroid kogi butcher Wes Anderson chambray next level semiotics gentrify yr. Voluptate photo booth fugiat Vice. Austin sed Williamsburg, ea labore raw denim voluptate cred proident mixtape excepteur mustache. Twee chia photo booth readymade food truck, hoodie roof party swag keytar PBR DIY.\"}],[{\"key\":\"question\",\"value\":\"Is Buying On-Line Safe?\"},{\"key\":\"answer\",\"value\":\"Art party authentic freegan semiotics jean shorts chia cred. Neutra Austin roof party Brooklyn, synth Thundercats swag 8-bit photo booth. Plaid letterpress leggings craft beer meh ethical Pinterest.\"}]]]',7,'Botble\\Ecommerce\\Models\\Product','2022-03-16 02:41:04','2022-03-16 02:41:04'),(42,'is_popular','[\"1\"]',8,'Botble\\Ecommerce\\Models\\Product','2022-03-16 02:41:04','2022-03-16 02:41:04'),(43,'faq_schema_config','[[[{\"key\":\"question\",\"value\":\"What Shipping Methods Are Available?\"},{\"key\":\"answer\",\"value\":\"Ex Portland Pitchfork irure mustache. Eutra fap before they sold out literally. Aliquip ugh bicycle rights actually mlkshk, seitan squid craft beer tempor.\"}],[{\"key\":\"question\",\"value\":\"Do You Ship Internationally?\"},{\"key\":\"answer\",\"value\":\"Hoodie tote bag mixtape tofu. Typewriter jean shorts wolf quinoa, messenger bag organic freegan cray.\"}],[{\"key\":\"question\",\"value\":\"How Long Will It Take To Get My Package?\"},{\"key\":\"answer\",\"value\":\"Swag slow-carb quinoa VHS typewriter pork belly brunch, paleo single-origin coffee Wes Anderson. Flexitarian Pitchfork forage, literally paleo fap pour-over. Wes Anderson Pinterest YOLO fanny pack meggings, deep v XOXO chambray sustainable slow-carb raw denim church-key fap chillwave Etsy. +1 typewriter kitsch, American Apparel tofu Banksy Vice.\"}],[{\"key\":\"question\",\"value\":\"What Payment Methods Are Accepted?\"},{\"key\":\"answer\",\"value\":\"Fashion axe DIY jean shorts, swag kale chips meh polaroid kogi butcher Wes Anderson chambray next level semiotics gentrify yr. Voluptate photo booth fugiat Vice. Austin sed Williamsburg, ea labore raw denim voluptate cred proident mixtape excepteur mustache. Twee chia photo booth readymade food truck, hoodie roof party swag keytar PBR DIY.\"}],[{\"key\":\"question\",\"value\":\"Is Buying On-Line Safe?\"},{\"key\":\"answer\",\"value\":\"Art party authentic freegan semiotics jean shorts chia cred. Neutra Austin roof party Brooklyn, synth Thundercats swag 8-bit photo booth. Plaid letterpress leggings craft beer meh ethical Pinterest.\"}]]]',8,'Botble\\Ecommerce\\Models\\Product','2022-03-16 02:41:04','2022-03-16 02:41:04'),(44,'faq_schema_config','[[[{\"key\":\"question\",\"value\":\"What Shipping Methods Are Available?\"},{\"key\":\"answer\",\"value\":\"Ex Portland Pitchfork irure mustache. Eutra fap before they sold out literally. Aliquip ugh bicycle rights actually mlkshk, seitan squid craft beer tempor.\"}],[{\"key\":\"question\",\"value\":\"Do You Ship Internationally?\"},{\"key\":\"answer\",\"value\":\"Hoodie tote bag mixtape tofu. Typewriter jean shorts wolf quinoa, messenger bag organic freegan cray.\"}],[{\"key\":\"question\",\"value\":\"How Long Will It Take To Get My Package?\"},{\"key\":\"answer\",\"value\":\"Swag slow-carb quinoa VHS typewriter pork belly brunch, paleo single-origin coffee Wes Anderson. Flexitarian Pitchfork forage, literally paleo fap pour-over. Wes Anderson Pinterest YOLO fanny pack meggings, deep v XOXO chambray sustainable slow-carb raw denim church-key fap chillwave Etsy. +1 typewriter kitsch, American Apparel tofu Banksy Vice.\"}],[{\"key\":\"question\",\"value\":\"What Payment Methods Are Accepted?\"},{\"key\":\"answer\",\"value\":\"Fashion axe DIY jean shorts, swag kale chips meh polaroid kogi butcher Wes Anderson chambray next level semiotics gentrify yr. Voluptate photo booth fugiat Vice. Austin sed Williamsburg, ea labore raw denim voluptate cred proident mixtape excepteur mustache. Twee chia photo booth readymade food truck, hoodie roof party swag keytar PBR DIY.\"}],[{\"key\":\"question\",\"value\":\"Is Buying On-Line Safe?\"},{\"key\":\"answer\",\"value\":\"Art party authentic freegan semiotics jean shorts chia cred. Neutra Austin roof party Brooklyn, synth Thundercats swag 8-bit photo booth. Plaid letterpress leggings craft beer meh ethical Pinterest.\"}]]]',9,'Botble\\Ecommerce\\Models\\Product','2022-03-16 02:41:04','2022-03-16 02:41:04'),(45,'is_popular','[\"1\"]',10,'Botble\\Ecommerce\\Models\\Product','2022-03-16 02:41:04','2022-03-16 02:41:04'),(46,'faq_schema_config','[[[{\"key\":\"question\",\"value\":\"What Shipping Methods Are Available?\"},{\"key\":\"answer\",\"value\":\"Ex Portland Pitchfork irure mustache. Eutra fap before they sold out literally. Aliquip ugh bicycle rights actually mlkshk, seitan squid craft beer tempor.\"}],[{\"key\":\"question\",\"value\":\"Do You Ship Internationally?\"},{\"key\":\"answer\",\"value\":\"Hoodie tote bag mixtape tofu. Typewriter jean shorts wolf quinoa, messenger bag organic freegan cray.\"}],[{\"key\":\"question\",\"value\":\"How Long Will It Take To Get My Package?\"},{\"key\":\"answer\",\"value\":\"Swag slow-carb quinoa VHS typewriter pork belly brunch, paleo single-origin coffee Wes Anderson. Flexitarian Pitchfork forage, literally paleo fap pour-over. Wes Anderson Pinterest YOLO fanny pack meggings, deep v XOXO chambray sustainable slow-carb raw denim church-key fap chillwave Etsy. +1 typewriter kitsch, American Apparel tofu Banksy Vice.\"}],[{\"key\":\"question\",\"value\":\"What Payment Methods Are Accepted?\"},{\"key\":\"answer\",\"value\":\"Fashion axe DIY jean shorts, swag kale chips meh polaroid kogi butcher Wes Anderson chambray next level semiotics gentrify yr. Voluptate photo booth fugiat Vice. Austin sed Williamsburg, ea labore raw denim voluptate cred proident mixtape excepteur mustache. Twee chia photo booth readymade food truck, hoodie roof party swag keytar PBR DIY.\"}],[{\"key\":\"question\",\"value\":\"Is Buying On-Line Safe?\"},{\"key\":\"answer\",\"value\":\"Art party authentic freegan semiotics jean shorts chia cred. Neutra Austin roof party Brooklyn, synth Thundercats swag 8-bit photo booth. Plaid letterpress leggings craft beer meh ethical Pinterest.\"}]]]',10,'Botble\\Ecommerce\\Models\\Product','2022-03-16 02:41:04','2022-03-16 02:41:04'),(47,'faq_schema_config','[[[{\"key\":\"question\",\"value\":\"What Shipping Methods Are Available?\"},{\"key\":\"answer\",\"value\":\"Ex Portland Pitchfork irure mustache. Eutra fap before they sold out literally. Aliquip ugh bicycle rights actually mlkshk, seitan squid craft beer tempor.\"}],[{\"key\":\"question\",\"value\":\"Do You Ship Internationally?\"},{\"key\":\"answer\",\"value\":\"Hoodie tote bag mixtape tofu. Typewriter jean shorts wolf quinoa, messenger bag organic freegan cray.\"}],[{\"key\":\"question\",\"value\":\"How Long Will It Take To Get My Package?\"},{\"key\":\"answer\",\"value\":\"Swag slow-carb quinoa VHS typewriter pork belly brunch, paleo single-origin coffee Wes Anderson. Flexitarian Pitchfork forage, literally paleo fap pour-over. Wes Anderson Pinterest YOLO fanny pack meggings, deep v XOXO chambray sustainable slow-carb raw denim church-key fap chillwave Etsy. +1 typewriter kitsch, American Apparel tofu Banksy Vice.\"}],[{\"key\":\"question\",\"value\":\"What Payment Methods Are Accepted?\"},{\"key\":\"answer\",\"value\":\"Fashion axe DIY jean shorts, swag kale chips meh polaroid kogi butcher Wes Anderson chambray next level semiotics gentrify yr. Voluptate photo booth fugiat Vice. Austin sed Williamsburg, ea labore raw denim voluptate cred proident mixtape excepteur mustache. Twee chia photo booth readymade food truck, hoodie roof party swag keytar PBR DIY.\"}],[{\"key\":\"question\",\"value\":\"Is Buying On-Line Safe?\"},{\"key\":\"answer\",\"value\":\"Art party authentic freegan semiotics jean shorts chia cred. Neutra Austin roof party Brooklyn, synth Thundercats swag 8-bit photo booth. Plaid letterpress leggings craft beer meh ethical Pinterest.\"}]]]',11,'Botble\\Ecommerce\\Models\\Product','2022-03-16 02:41:04','2022-03-16 02:41:04'),(48,'is_popular','[\"1\"]',12,'Botble\\Ecommerce\\Models\\Product','2022-03-16 02:41:04','2022-03-16 02:41:04'),(49,'faq_schema_config','[[[{\"key\":\"question\",\"value\":\"What Shipping Methods Are Available?\"},{\"key\":\"answer\",\"value\":\"Ex Portland Pitchfork irure mustache. Eutra fap before they sold out literally. Aliquip ugh bicycle rights actually mlkshk, seitan squid craft beer tempor.\"}],[{\"key\":\"question\",\"value\":\"Do You Ship Internationally?\"},{\"key\":\"answer\",\"value\":\"Hoodie tote bag mixtape tofu. Typewriter jean shorts wolf quinoa, messenger bag organic freegan cray.\"}],[{\"key\":\"question\",\"value\":\"How Long Will It Take To Get My Package?\"},{\"key\":\"answer\",\"value\":\"Swag slow-carb quinoa VHS typewriter pork belly brunch, paleo single-origin coffee Wes Anderson. Flexitarian Pitchfork forage, literally paleo fap pour-over. Wes Anderson Pinterest YOLO fanny pack meggings, deep v XOXO chambray sustainable slow-carb raw denim church-key fap chillwave Etsy. +1 typewriter kitsch, American Apparel tofu Banksy Vice.\"}],[{\"key\":\"question\",\"value\":\"What Payment Methods Are Accepted?\"},{\"key\":\"answer\",\"value\":\"Fashion axe DIY jean shorts, swag kale chips meh polaroid kogi butcher Wes Anderson chambray next level semiotics gentrify yr. Voluptate photo booth fugiat Vice. Austin sed Williamsburg, ea labore raw denim voluptate cred proident mixtape excepteur mustache. Twee chia photo booth readymade food truck, hoodie roof party swag keytar PBR DIY.\"}],[{\"key\":\"question\",\"value\":\"Is Buying On-Line Safe?\"},{\"key\":\"answer\",\"value\":\"Art party authentic freegan semiotics jean shorts chia cred. Neutra Austin roof party Brooklyn, synth Thundercats swag 8-bit photo booth. Plaid letterpress leggings craft beer meh ethical Pinterest.\"}]]]',12,'Botble\\Ecommerce\\Models\\Product','2022-03-16 02:41:04','2022-03-16 02:41:04'),(50,'faq_schema_config','[[[{\"key\":\"question\",\"value\":\"What Shipping Methods Are Available?\"},{\"key\":\"answer\",\"value\":\"Ex Portland Pitchfork irure mustache. Eutra fap before they sold out literally. Aliquip ugh bicycle rights actually mlkshk, seitan squid craft beer tempor.\"}],[{\"key\":\"question\",\"value\":\"Do You Ship Internationally?\"},{\"key\":\"answer\",\"value\":\"Hoodie tote bag mixtape tofu. Typewriter jean shorts wolf quinoa, messenger bag organic freegan cray.\"}],[{\"key\":\"question\",\"value\":\"How Long Will It Take To Get My Package?\"},{\"key\":\"answer\",\"value\":\"Swag slow-carb quinoa VHS typewriter pork belly brunch, paleo single-origin coffee Wes Anderson. Flexitarian Pitchfork forage, literally paleo fap pour-over. Wes Anderson Pinterest YOLO fanny pack meggings, deep v XOXO chambray sustainable slow-carb raw denim church-key fap chillwave Etsy. +1 typewriter kitsch, American Apparel tofu Banksy Vice.\"}],[{\"key\":\"question\",\"value\":\"What Payment Methods Are Accepted?\"},{\"key\":\"answer\",\"value\":\"Fashion axe DIY jean shorts, swag kale chips meh polaroid kogi butcher Wes Anderson chambray next level semiotics gentrify yr. Voluptate photo booth fugiat Vice. Austin sed Williamsburg, ea labore raw denim voluptate cred proident mixtape excepteur mustache. Twee chia photo booth readymade food truck, hoodie roof party swag keytar PBR DIY.\"}],[{\"key\":\"question\",\"value\":\"Is Buying On-Line Safe?\"},{\"key\":\"answer\",\"value\":\"Art party authentic freegan semiotics jean shorts chia cred. Neutra Austin roof party Brooklyn, synth Thundercats swag 8-bit photo booth. Plaid letterpress leggings craft beer meh ethical Pinterest.\"}]]]',13,'Botble\\Ecommerce\\Models\\Product','2022-03-16 02:41:04','2022-03-16 02:41:04'),(51,'is_popular','[\"1\"]',14,'Botble\\Ecommerce\\Models\\Product','2022-03-16 02:41:04','2022-03-16 02:41:04'),(52,'faq_schema_config','[[[{\"key\":\"question\",\"value\":\"What Shipping Methods Are Available?\"},{\"key\":\"answer\",\"value\":\"Ex Portland Pitchfork irure mustache. Eutra fap before they sold out literally. Aliquip ugh bicycle rights actually mlkshk, seitan squid craft beer tempor.\"}],[{\"key\":\"question\",\"value\":\"Do You Ship Internationally?\"},{\"key\":\"answer\",\"value\":\"Hoodie tote bag mixtape tofu. Typewriter jean shorts wolf quinoa, messenger bag organic freegan cray.\"}],[{\"key\":\"question\",\"value\":\"How Long Will It Take To Get My Package?\"},{\"key\":\"answer\",\"value\":\"Swag slow-carb quinoa VHS typewriter pork belly brunch, paleo single-origin coffee Wes Anderson. Flexitarian Pitchfork forage, literally paleo fap pour-over. Wes Anderson Pinterest YOLO fanny pack meggings, deep v XOXO chambray sustainable slow-carb raw denim church-key fap chillwave Etsy. +1 typewriter kitsch, American Apparel tofu Banksy Vice.\"}],[{\"key\":\"question\",\"value\":\"What Payment Methods Are Accepted?\"},{\"key\":\"answer\",\"value\":\"Fashion axe DIY jean shorts, swag kale chips meh polaroid kogi butcher Wes Anderson chambray next level semiotics gentrify yr. Voluptate photo booth fugiat Vice. Austin sed Williamsburg, ea labore raw denim voluptate cred proident mixtape excepteur mustache. Twee chia photo booth readymade food truck, hoodie roof party swag keytar PBR DIY.\"}],[{\"key\":\"question\",\"value\":\"Is Buying On-Line Safe?\"},{\"key\":\"answer\",\"value\":\"Art party authentic freegan semiotics jean shorts chia cred. Neutra Austin roof party Brooklyn, synth Thundercats swag 8-bit photo booth. Plaid letterpress leggings craft beer meh ethical Pinterest.\"}]]]',14,'Botble\\Ecommerce\\Models\\Product','2022-03-16 02:41:04','2022-03-16 02:41:04'),(53,'faq_schema_config','[[[{\"key\":\"question\",\"value\":\"What Shipping Methods Are Available?\"},{\"key\":\"answer\",\"value\":\"Ex Portland Pitchfork irure mustache. Eutra fap before they sold out literally. Aliquip ugh bicycle rights actually mlkshk, seitan squid craft beer tempor.\"}],[{\"key\":\"question\",\"value\":\"Do You Ship Internationally?\"},{\"key\":\"answer\",\"value\":\"Hoodie tote bag mixtape tofu. Typewriter jean shorts wolf quinoa, messenger bag organic freegan cray.\"}],[{\"key\":\"question\",\"value\":\"How Long Will It Take To Get My Package?\"},{\"key\":\"answer\",\"value\":\"Swag slow-carb quinoa VHS typewriter pork belly brunch, paleo single-origin coffee Wes Anderson. Flexitarian Pitchfork forage, literally paleo fap pour-over. Wes Anderson Pinterest YOLO fanny pack meggings, deep v XOXO chambray sustainable slow-carb raw denim church-key fap chillwave Etsy. +1 typewriter kitsch, American Apparel tofu Banksy Vice.\"}],[{\"key\":\"question\",\"value\":\"What Payment Methods Are Accepted?\"},{\"key\":\"answer\",\"value\":\"Fashion axe DIY jean shorts, swag kale chips meh polaroid kogi butcher Wes Anderson chambray next level semiotics gentrify yr. Voluptate photo booth fugiat Vice. Austin sed Williamsburg, ea labore raw denim voluptate cred proident mixtape excepteur mustache. Twee chia photo booth readymade food truck, hoodie roof party swag keytar PBR DIY.\"}],[{\"key\":\"question\",\"value\":\"Is Buying On-Line Safe?\"},{\"key\":\"answer\",\"value\":\"Art party authentic freegan semiotics jean shorts chia cred. Neutra Austin roof party Brooklyn, synth Thundercats swag 8-bit photo booth. Plaid letterpress leggings craft beer meh ethical Pinterest.\"}]]]',15,'Botble\\Ecommerce\\Models\\Product','2022-03-16 02:41:04','2022-03-16 02:41:04'),(54,'is_popular','[\"1\"]',16,'Botble\\Ecommerce\\Models\\Product','2022-03-16 02:41:04','2022-03-16 02:41:04'),(55,'faq_schema_config','[[[{\"key\":\"question\",\"value\":\"What Shipping Methods Are Available?\"},{\"key\":\"answer\",\"value\":\"Ex Portland Pitchfork irure mustache. Eutra fap before they sold out literally. Aliquip ugh bicycle rights actually mlkshk, seitan squid craft beer tempor.\"}],[{\"key\":\"question\",\"value\":\"Do You Ship Internationally?\"},{\"key\":\"answer\",\"value\":\"Hoodie tote bag mixtape tofu. Typewriter jean shorts wolf quinoa, messenger bag organic freegan cray.\"}],[{\"key\":\"question\",\"value\":\"How Long Will It Take To Get My Package?\"},{\"key\":\"answer\",\"value\":\"Swag slow-carb quinoa VHS typewriter pork belly brunch, paleo single-origin coffee Wes Anderson. Flexitarian Pitchfork forage, literally paleo fap pour-over. Wes Anderson Pinterest YOLO fanny pack meggings, deep v XOXO chambray sustainable slow-carb raw denim church-key fap chillwave Etsy. +1 typewriter kitsch, American Apparel tofu Banksy Vice.\"}],[{\"key\":\"question\",\"value\":\"What Payment Methods Are Accepted?\"},{\"key\":\"answer\",\"value\":\"Fashion axe DIY jean shorts, swag kale chips meh polaroid kogi butcher Wes Anderson chambray next level semiotics gentrify yr. Voluptate photo booth fugiat Vice. Austin sed Williamsburg, ea labore raw denim voluptate cred proident mixtape excepteur mustache. Twee chia photo booth readymade food truck, hoodie roof party swag keytar PBR DIY.\"}],[{\"key\":\"question\",\"value\":\"Is Buying On-Line Safe?\"},{\"key\":\"answer\",\"value\":\"Art party authentic freegan semiotics jean shorts chia cred. Neutra Austin roof party Brooklyn, synth Thundercats swag 8-bit photo booth. Plaid letterpress leggings craft beer meh ethical Pinterest.\"}]]]',16,'Botble\\Ecommerce\\Models\\Product','2022-03-16 02:41:04','2022-03-16 02:41:04'),(56,'faq_schema_config','[[[{\"key\":\"question\",\"value\":\"What Shipping Methods Are Available?\"},{\"key\":\"answer\",\"value\":\"Ex Portland Pitchfork irure mustache. Eutra fap before they sold out literally. Aliquip ugh bicycle rights actually mlkshk, seitan squid craft beer tempor.\"}],[{\"key\":\"question\",\"value\":\"Do You Ship Internationally?\"},{\"key\":\"answer\",\"value\":\"Hoodie tote bag mixtape tofu. Typewriter jean shorts wolf quinoa, messenger bag organic freegan cray.\"}],[{\"key\":\"question\",\"value\":\"How Long Will It Take To Get My Package?\"},{\"key\":\"answer\",\"value\":\"Swag slow-carb quinoa VHS typewriter pork belly brunch, paleo single-origin coffee Wes Anderson. Flexitarian Pitchfork forage, literally paleo fap pour-over. Wes Anderson Pinterest YOLO fanny pack meggings, deep v XOXO chambray sustainable slow-carb raw denim church-key fap chillwave Etsy. +1 typewriter kitsch, American Apparel tofu Banksy Vice.\"}],[{\"key\":\"question\",\"value\":\"What Payment Methods Are Accepted?\"},{\"key\":\"answer\",\"value\":\"Fashion axe DIY jean shorts, swag kale chips meh polaroid kogi butcher Wes Anderson chambray next level semiotics gentrify yr. Voluptate photo booth fugiat Vice. Austin sed Williamsburg, ea labore raw denim voluptate cred proident mixtape excepteur mustache. Twee chia photo booth readymade food truck, hoodie roof party swag keytar PBR DIY.\"}],[{\"key\":\"question\",\"value\":\"Is Buying On-Line Safe?\"},{\"key\":\"answer\",\"value\":\"Art party authentic freegan semiotics jean shorts chia cred. Neutra Austin roof party Brooklyn, synth Thundercats swag 8-bit photo booth. Plaid letterpress leggings craft beer meh ethical Pinterest.\"}]]]',17,'Botble\\Ecommerce\\Models\\Product','2022-03-16 02:41:04','2022-03-16 02:41:04'),(57,'is_popular','[\"1\"]',18,'Botble\\Ecommerce\\Models\\Product','2022-03-16 02:41:04','2022-03-16 02:41:04'),(58,'faq_schema_config','[[[{\"key\":\"question\",\"value\":\"What Shipping Methods Are Available?\"},{\"key\":\"answer\",\"value\":\"Ex Portland Pitchfork irure mustache. Eutra fap before they sold out literally. Aliquip ugh bicycle rights actually mlkshk, seitan squid craft beer tempor.\"}],[{\"key\":\"question\",\"value\":\"Do You Ship Internationally?\"},{\"key\":\"answer\",\"value\":\"Hoodie tote bag mixtape tofu. Typewriter jean shorts wolf quinoa, messenger bag organic freegan cray.\"}],[{\"key\":\"question\",\"value\":\"How Long Will It Take To Get My Package?\"},{\"key\":\"answer\",\"value\":\"Swag slow-carb quinoa VHS typewriter pork belly brunch, paleo single-origin coffee Wes Anderson. Flexitarian Pitchfork forage, literally paleo fap pour-over. Wes Anderson Pinterest YOLO fanny pack meggings, deep v XOXO chambray sustainable slow-carb raw denim church-key fap chillwave Etsy. +1 typewriter kitsch, American Apparel tofu Banksy Vice.\"}],[{\"key\":\"question\",\"value\":\"What Payment Methods Are Accepted?\"},{\"key\":\"answer\",\"value\":\"Fashion axe DIY jean shorts, swag kale chips meh polaroid kogi butcher Wes Anderson chambray next level semiotics gentrify yr. Voluptate photo booth fugiat Vice. Austin sed Williamsburg, ea labore raw denim voluptate cred proident mixtape excepteur mustache. Twee chia photo booth readymade food truck, hoodie roof party swag keytar PBR DIY.\"}],[{\"key\":\"question\",\"value\":\"Is Buying On-Line Safe?\"},{\"key\":\"answer\",\"value\":\"Art party authentic freegan semiotics jean shorts chia cred. Neutra Austin roof party Brooklyn, synth Thundercats swag 8-bit photo booth. Plaid letterpress leggings craft beer meh ethical Pinterest.\"}]]]',18,'Botble\\Ecommerce\\Models\\Product','2022-03-16 02:41:04','2022-03-16 02:41:04'),(59,'faq_schema_config','[[[{\"key\":\"question\",\"value\":\"What Shipping Methods Are Available?\"},{\"key\":\"answer\",\"value\":\"Ex Portland Pitchfork irure mustache. Eutra fap before they sold out literally. Aliquip ugh bicycle rights actually mlkshk, seitan squid craft beer tempor.\"}],[{\"key\":\"question\",\"value\":\"Do You Ship Internationally?\"},{\"key\":\"answer\",\"value\":\"Hoodie tote bag mixtape tofu. Typewriter jean shorts wolf quinoa, messenger bag organic freegan cray.\"}],[{\"key\":\"question\",\"value\":\"How Long Will It Take To Get My Package?\"},{\"key\":\"answer\",\"value\":\"Swag slow-carb quinoa VHS typewriter pork belly brunch, paleo single-origin coffee Wes Anderson. Flexitarian Pitchfork forage, literally paleo fap pour-over. Wes Anderson Pinterest YOLO fanny pack meggings, deep v XOXO chambray sustainable slow-carb raw denim church-key fap chillwave Etsy. +1 typewriter kitsch, American Apparel tofu Banksy Vice.\"}],[{\"key\":\"question\",\"value\":\"What Payment Methods Are Accepted?\"},{\"key\":\"answer\",\"value\":\"Fashion axe DIY jean shorts, swag kale chips meh polaroid kogi butcher Wes Anderson chambray next level semiotics gentrify yr. Voluptate photo booth fugiat Vice. Austin sed Williamsburg, ea labore raw denim voluptate cred proident mixtape excepteur mustache. Twee chia photo booth readymade food truck, hoodie roof party swag keytar PBR DIY.\"}],[{\"key\":\"question\",\"value\":\"Is Buying On-Line Safe?\"},{\"key\":\"answer\",\"value\":\"Art party authentic freegan semiotics jean shorts chia cred. Neutra Austin roof party Brooklyn, synth Thundercats swag 8-bit photo booth. Plaid letterpress leggings craft beer meh ethical Pinterest.\"}]]]',19,'Botble\\Ecommerce\\Models\\Product','2022-03-16 02:41:04','2022-03-16 02:41:04'),(60,'is_popular','[\"1\"]',20,'Botble\\Ecommerce\\Models\\Product','2022-03-16 02:41:04','2022-03-16 02:41:04'),(61,'faq_schema_config','[[[{\"key\":\"question\",\"value\":\"What Shipping Methods Are Available?\"},{\"key\":\"answer\",\"value\":\"Ex Portland Pitchfork irure mustache. Eutra fap before they sold out literally. Aliquip ugh bicycle rights actually mlkshk, seitan squid craft beer tempor.\"}],[{\"key\":\"question\",\"value\":\"Do You Ship Internationally?\"},{\"key\":\"answer\",\"value\":\"Hoodie tote bag mixtape tofu. Typewriter jean shorts wolf quinoa, messenger bag organic freegan cray.\"}],[{\"key\":\"question\",\"value\":\"How Long Will It Take To Get My Package?\"},{\"key\":\"answer\",\"value\":\"Swag slow-carb quinoa VHS typewriter pork belly brunch, paleo single-origin coffee Wes Anderson. Flexitarian Pitchfork forage, literally paleo fap pour-over. Wes Anderson Pinterest YOLO fanny pack meggings, deep v XOXO chambray sustainable slow-carb raw denim church-key fap chillwave Etsy. +1 typewriter kitsch, American Apparel tofu Banksy Vice.\"}],[{\"key\":\"question\",\"value\":\"What Payment Methods Are Accepted?\"},{\"key\":\"answer\",\"value\":\"Fashion axe DIY jean shorts, swag kale chips meh polaroid kogi butcher Wes Anderson chambray next level semiotics gentrify yr. Voluptate photo booth fugiat Vice. Austin sed Williamsburg, ea labore raw denim voluptate cred proident mixtape excepteur mustache. Twee chia photo booth readymade food truck, hoodie roof party swag keytar PBR DIY.\"}],[{\"key\":\"question\",\"value\":\"Is Buying On-Line Safe?\"},{\"key\":\"answer\",\"value\":\"Art party authentic freegan semiotics jean shorts chia cred. Neutra Austin roof party Brooklyn, synth Thundercats swag 8-bit photo booth. Plaid letterpress leggings craft beer meh ethical Pinterest.\"}]]]',20,'Botble\\Ecommerce\\Models\\Product','2022-03-16 02:41:04','2022-03-16 02:41:04'),(62,'faq_schema_config','[[[{\"key\":\"question\",\"value\":\"What Shipping Methods Are Available?\"},{\"key\":\"answer\",\"value\":\"Ex Portland Pitchfork irure mustache. Eutra fap before they sold out literally. Aliquip ugh bicycle rights actually mlkshk, seitan squid craft beer tempor.\"}],[{\"key\":\"question\",\"value\":\"Do You Ship Internationally?\"},{\"key\":\"answer\",\"value\":\"Hoodie tote bag mixtape tofu. Typewriter jean shorts wolf quinoa, messenger bag organic freegan cray.\"}],[{\"key\":\"question\",\"value\":\"How Long Will It Take To Get My Package?\"},{\"key\":\"answer\",\"value\":\"Swag slow-carb quinoa VHS typewriter pork belly brunch, paleo single-origin coffee Wes Anderson. Flexitarian Pitchfork forage, literally paleo fap pour-over. Wes Anderson Pinterest YOLO fanny pack meggings, deep v XOXO chambray sustainable slow-carb raw denim church-key fap chillwave Etsy. +1 typewriter kitsch, American Apparel tofu Banksy Vice.\"}],[{\"key\":\"question\",\"value\":\"What Payment Methods Are Accepted?\"},{\"key\":\"answer\",\"value\":\"Fashion axe DIY jean shorts, swag kale chips meh polaroid kogi butcher Wes Anderson chambray next level semiotics gentrify yr. Voluptate photo booth fugiat Vice. Austin sed Williamsburg, ea labore raw denim voluptate cred proident mixtape excepteur mustache. Twee chia photo booth readymade food truck, hoodie roof party swag keytar PBR DIY.\"}],[{\"key\":\"question\",\"value\":\"Is Buying On-Line Safe?\"},{\"key\":\"answer\",\"value\":\"Art party authentic freegan semiotics jean shorts chia cred. Neutra Austin roof party Brooklyn, synth Thundercats swag 8-bit photo booth. Plaid letterpress leggings craft beer meh ethical Pinterest.\"}]]]',21,'Botble\\Ecommerce\\Models\\Product','2022-03-16 02:41:04','2022-03-16 02:41:04'),(63,'is_popular','[\"1\"]',22,'Botble\\Ecommerce\\Models\\Product','2022-03-16 02:41:04','2022-03-16 02:41:04'),(64,'faq_schema_config','[[[{\"key\":\"question\",\"value\":\"What Shipping Methods Are Available?\"},{\"key\":\"answer\",\"value\":\"Ex Portland Pitchfork irure mustache. Eutra fap before they sold out literally. Aliquip ugh bicycle rights actually mlkshk, seitan squid craft beer tempor.\"}],[{\"key\":\"question\",\"value\":\"Do You Ship Internationally?\"},{\"key\":\"answer\",\"value\":\"Hoodie tote bag mixtape tofu. Typewriter jean shorts wolf quinoa, messenger bag organic freegan cray.\"}],[{\"key\":\"question\",\"value\":\"How Long Will It Take To Get My Package?\"},{\"key\":\"answer\",\"value\":\"Swag slow-carb quinoa VHS typewriter pork belly brunch, paleo single-origin coffee Wes Anderson. Flexitarian Pitchfork forage, literally paleo fap pour-over. Wes Anderson Pinterest YOLO fanny pack meggings, deep v XOXO chambray sustainable slow-carb raw denim church-key fap chillwave Etsy. +1 typewriter kitsch, American Apparel tofu Banksy Vice.\"}],[{\"key\":\"question\",\"value\":\"What Payment Methods Are Accepted?\"},{\"key\":\"answer\",\"value\":\"Fashion axe DIY jean shorts, swag kale chips meh polaroid kogi butcher Wes Anderson chambray next level semiotics gentrify yr. Voluptate photo booth fugiat Vice. Austin sed Williamsburg, ea labore raw denim voluptate cred proident mixtape excepteur mustache. Twee chia photo booth readymade food truck, hoodie roof party swag keytar PBR DIY.\"}],[{\"key\":\"question\",\"value\":\"Is Buying On-Line Safe?\"},{\"key\":\"answer\",\"value\":\"Art party authentic freegan semiotics jean shorts chia cred. Neutra Austin roof party Brooklyn, synth Thundercats swag 8-bit photo booth. Plaid letterpress leggings craft beer meh ethical Pinterest.\"}]]]',22,'Botble\\Ecommerce\\Models\\Product','2022-03-16 02:41:04','2022-03-16 02:41:04'),(65,'faq_schema_config','[[[{\"key\":\"question\",\"value\":\"What Shipping Methods Are Available?\"},{\"key\":\"answer\",\"value\":\"Ex Portland Pitchfork irure mustache. Eutra fap before they sold out literally. Aliquip ugh bicycle rights actually mlkshk, seitan squid craft beer tempor.\"}],[{\"key\":\"question\",\"value\":\"Do You Ship Internationally?\"},{\"key\":\"answer\",\"value\":\"Hoodie tote bag mixtape tofu. Typewriter jean shorts wolf quinoa, messenger bag organic freegan cray.\"}],[{\"key\":\"question\",\"value\":\"How Long Will It Take To Get My Package?\"},{\"key\":\"answer\",\"value\":\"Swag slow-carb quinoa VHS typewriter pork belly brunch, paleo single-origin coffee Wes Anderson. Flexitarian Pitchfork forage, literally paleo fap pour-over. Wes Anderson Pinterest YOLO fanny pack meggings, deep v XOXO chambray sustainable slow-carb raw denim church-key fap chillwave Etsy. +1 typewriter kitsch, American Apparel tofu Banksy Vice.\"}],[{\"key\":\"question\",\"value\":\"What Payment Methods Are Accepted?\"},{\"key\":\"answer\",\"value\":\"Fashion axe DIY jean shorts, swag kale chips meh polaroid kogi butcher Wes Anderson chambray next level semiotics gentrify yr. Voluptate photo booth fugiat Vice. Austin sed Williamsburg, ea labore raw denim voluptate cred proident mixtape excepteur mustache. Twee chia photo booth readymade food truck, hoodie roof party swag keytar PBR DIY.\"}],[{\"key\":\"question\",\"value\":\"Is Buying On-Line Safe?\"},{\"key\":\"answer\",\"value\":\"Art party authentic freegan semiotics jean shorts chia cred. Neutra Austin roof party Brooklyn, synth Thundercats swag 8-bit photo booth. Plaid letterpress leggings craft beer meh ethical Pinterest.\"}]]]',23,'Botble\\Ecommerce\\Models\\Product','2022-03-16 02:41:04','2022-03-16 02:41:04'),(66,'is_popular','[\"1\"]',24,'Botble\\Ecommerce\\Models\\Product','2022-03-16 02:41:04','2022-03-16 02:41:04'),(67,'faq_schema_config','[[[{\"key\":\"question\",\"value\":\"What Shipping Methods Are Available?\"},{\"key\":\"answer\",\"value\":\"Ex Portland Pitchfork irure mustache. Eutra fap before they sold out literally. Aliquip ugh bicycle rights actually mlkshk, seitan squid craft beer tempor.\"}],[{\"key\":\"question\",\"value\":\"Do You Ship Internationally?\"},{\"key\":\"answer\",\"value\":\"Hoodie tote bag mixtape tofu. Typewriter jean shorts wolf quinoa, messenger bag organic freegan cray.\"}],[{\"key\":\"question\",\"value\":\"How Long Will It Take To Get My Package?\"},{\"key\":\"answer\",\"value\":\"Swag slow-carb quinoa VHS typewriter pork belly brunch, paleo single-origin coffee Wes Anderson. Flexitarian Pitchfork forage, literally paleo fap pour-over. Wes Anderson Pinterest YOLO fanny pack meggings, deep v XOXO chambray sustainable slow-carb raw denim church-key fap chillwave Etsy. +1 typewriter kitsch, American Apparel tofu Banksy Vice.\"}],[{\"key\":\"question\",\"value\":\"What Payment Methods Are Accepted?\"},{\"key\":\"answer\",\"value\":\"Fashion axe DIY jean shorts, swag kale chips meh polaroid kogi butcher Wes Anderson chambray next level semiotics gentrify yr. Voluptate photo booth fugiat Vice. Austin sed Williamsburg, ea labore raw denim voluptate cred proident mixtape excepteur mustache. Twee chia photo booth readymade food truck, hoodie roof party swag keytar PBR DIY.\"}],[{\"key\":\"question\",\"value\":\"Is Buying On-Line Safe?\"},{\"key\":\"answer\",\"value\":\"Art party authentic freegan semiotics jean shorts chia cred. Neutra Austin roof party Brooklyn, synth Thundercats swag 8-bit photo booth. Plaid letterpress leggings craft beer meh ethical Pinterest.\"}]]]',24,'Botble\\Ecommerce\\Models\\Product','2022-03-16 02:41:04','2022-03-16 02:41:04'),(78,'simple_slider_style','[\"style-4\"]',1,'Botble\\SimpleSlider\\Models\\SimpleSlider','2022-03-16 02:41:23','2022-03-16 02:41:23'),(79,'simple_slider_style','[\"style-2\"]',2,'Botble\\SimpleSlider\\Models\\SimpleSlider','2022-03-16 02:41:23','2022-03-16 02:41:23'),(80,'simple_slider_style','[\"style-3\"]',3,'Botble\\SimpleSlider\\Models\\SimpleSlider','2022-03-16 02:41:23','2022-03-16 02:41:23'),(81,'simple_slider_style','[\"style-1\"]',4,'Botble\\SimpleSlider\\Models\\SimpleSlider','2022-03-16 02:41:23','2022-03-16 02:41:23'),(82,'simple_slider_style','[\"style-5\"]',5,'Botble\\SimpleSlider\\Models\\SimpleSlider','2022-03-16 02:41:23','2022-03-16 02:41:23'),(83,'simple_slider_style','[\"style-6\"]',6,'Botble\\SimpleSlider\\Models\\SimpleSlider','2022-03-16 02:41:23','2022-03-16 02:41:23'),(84,'simple_slider_style','[\"style-1\"]',7,'Botble\\SimpleSlider\\Models\\SimpleSlider','2022-03-16 02:41:23','2022-03-16 02:41:23'),(85,'simple_slider_style','[\"style-4\"]',8,'Botble\\SimpleSlider\\Models\\SimpleSlider','2022-03-16 02:41:23','2022-03-16 02:41:23'),(86,'simple_slider_style','[\"style-2\"]',9,'Botble\\SimpleSlider\\Models\\SimpleSlider','2022-03-16 02:41:23','2022-03-16 02:41:23'),(87,'simple_slider_style','[\"style-3\"]',10,'Botble\\SimpleSlider\\Models\\SimpleSlider','2022-03-16 02:41:23','2022-03-16 02:41:23'),(88,'simple_slider_style','[\"style-1\"]',11,'Botble\\SimpleSlider\\Models\\SimpleSlider','2022-03-16 02:41:23','2022-03-16 02:41:23'),(89,'simple_slider_style','[\"style-5\"]',12,'Botble\\SimpleSlider\\Models\\SimpleSlider','2022-03-16 02:41:23','2022-03-16 02:41:23'),(90,'simple_slider_style','[\"style-6\"]',13,'Botble\\SimpleSlider\\Models\\SimpleSlider','2022-03-16 02:41:23','2022-03-16 02:41:23'),(91,'simple_slider_style','[\"style-1\"]',14,'Botble\\SimpleSlider\\Models\\SimpleSlider','2022-03-16 02:41:23','2022-03-16 02:41:23'),(92,'layout','[\"blog-post-right-sidebar\"]',1,'Botble\\Blog\\Models\\Post','2022-03-16 02:41:33','2022-03-16 02:41:33'),(93,'layout','[\"blog-post-left-sidebar\"]',2,'Botble\\Blog\\Models\\Post','2022-03-16 02:41:33','2022-03-16 02:41:33'),(94,'layout','[\"blog-post-full-width\"]',3,'Botble\\Blog\\Models\\Post','2022-03-16 02:41:33','2022-03-16 02:41:33'),(95,'layout','[\"blog-post-full-width\"]',4,'Botble\\Blog\\Models\\Post','2022-03-16 02:41:33','2022-03-16 02:41:33'),(96,'header_style','[\"header-style-5\"]',16,'Botble\\Page\\Models\\Page','2022-03-16 02:41:33','2022-03-16 02:41:33'),(97,'header_style','[\"header-style-5\"]',17,'Botble\\Page\\Models\\Page','2022-03-16 02:41:33','2022-03-16 02:41:33'),(98,'button_text','[\"Shop now\"]',1,'Botble\\Ads\\Models\\Ads','2022-03-16 02:41:39','2022-03-16 02:41:39'),(99,'subtitle','[\"Everyday Fresh & \\nClean with Our \\nProducts\"]',1,'Botble\\Ads\\Models\\Ads','2022-03-16 02:41:39','2022-03-16 02:41:39'),(100,'button_text','[\"Shop now\"]',2,'Botble\\Ads\\Models\\Ads','2022-03-16 02:41:39','2022-03-16 02:41:39'),(101,'subtitle','[\"Make your Breakfast Healthy and Easy\"]',2,'Botble\\Ads\\Models\\Ads','2022-03-16 02:41:39','2022-03-16 02:41:39'),(102,'button_text','[\"Shop now\"]',3,'Botble\\Ads\\Models\\Ads','2022-03-16 02:41:39','2022-03-16 02:41:39'),(103,'subtitle','[\"The best Organic Products Online\"]',3,'Botble\\Ads\\Models\\Ads','2022-03-16 02:41:39','2022-03-16 02:41:39'),(104,'button_text','[\"Shop now\"]',4,'Botble\\Ads\\Models\\Ads','2022-03-16 02:41:39','2022-03-16 02:41:39'),(105,'subtitle','[\"Bring nature into your home\"]',4,'Botble\\Ads\\Models\\Ads','2022-03-16 02:41:39','2022-03-16 02:41:39'),(106,'button_text','[\"Shop now\"]',5,'Botble\\Ads\\Models\\Ads','2022-03-16 02:41:39','2022-03-16 02:41:39'),(107,'subtitle','[\"Delivered to your home\"]',5,'Botble\\Ads\\Models\\Ads','2022-03-16 02:41:39','2022-03-16 02:41:39'),(108,'button_text','[\"Shop now\"]',6,'Botble\\Ads\\Models\\Ads','2022-03-16 02:41:39','2022-03-16 02:41:39'),(109,'subtitle','[\"Save 17% <br \\/>on Oganic <br \\/>Juice\"]',6,'Botble\\Ads\\Models\\Ads','2022-03-16 02:41:39','2022-03-16 02:41:39'),(110,'button_text','[\"Shop now\"]',7,'Botble\\Ads\\Models\\Ads','2022-03-16 02:41:39','2022-03-16 02:41:39'),(111,'subtitle','[\"Everyday Fresh & Clean with Our Products\"]',7,'Botble\\Ads\\Models\\Ads','2022-03-16 02:41:39','2022-03-16 02:41:39'),(112,'button_text','[\"Shop now\"]',8,'Botble\\Ads\\Models\\Ads','2022-03-16 02:41:39','2022-03-16 02:41:39'),(113,'subtitle','[\"The best Organic Products Online\"]',8,'Botble\\Ads\\Models\\Ads','2022-03-16 02:41:39','2022-03-16 02:41:39'),(114,'button_text','[\"Go to supplier\"]',9,'Botble\\Ads\\Models\\Ads','2022-03-16 02:41:39','2022-03-16 02:41:39'),(115,'subtitle','[\"Everyday Fresh with\\n Our Products\"]',9,'Botble\\Ads\\Models\\Ads','2022-03-16 02:41:39','2022-03-16 02:41:39'),(116,'button_text','[\"Go to supplier\"]',10,'Botble\\Ads\\Models\\Ads','2022-03-16 02:41:39','2022-03-16 02:41:39'),(117,'subtitle','[\"100% guaranteed all\\n Fresh items\"]',10,'Botble\\Ads\\Models\\Ads','2022-03-16 02:41:39','2022-03-16 02:41:39'),(118,'button_text','[\"Go to supplier\"]',11,'Botble\\Ads\\Models\\Ads','2022-03-16 02:41:39','2022-03-16 02:41:39'),(119,'subtitle','[\"Special grocery sale\\n off this month\"]',11,'Botble\\Ads\\Models\\Ads','2022-03-16 02:41:39','2022-03-16 02:41:39'),(120,'button_text','[\"Go to supplier\"]',12,'Botble\\Ads\\Models\\Ads','2022-03-16 02:41:39','2022-03-16 02:41:39'),(121,'subtitle','[\"Enjoy 15% OFF for all\\n vegetable and fruit\"]',12,'Botble\\Ads\\Models\\Ads','2022-03-16 02:41:39','2022-03-16 02:41:39'),(122,'vi_subtitle','[\"S\\u1ea1ch s\\u1ebd h\\u00e0ng ng\\u00e0y v\\u1edbi \\nc\\u00e1c s\\u1ea3n ph\\u1ea9m c\\u1ee7a \\nch\\u00fang t\\u00f4i\"]',1,'Botble\\Ads\\Models\\Ads','2022-03-16 02:41:39','2022-03-16 02:41:39'),(123,'vi_button_text','[\"Mua ngay\"]',1,'Botble\\Ads\\Models\\Ads','2022-03-16 02:41:39','2022-03-16 02:41:39'),(124,'vi_subtitle','[\"N\\u1eabu b\\u1eefa s\\u00e1ng c\\u1ee7a b\\u1ea1n l\\u00e0nh m\\u1ea1nh v\\u00e0 d\\u1ec5 d\\u00e0ng\"]',2,'Botble\\Ads\\Models\\Ads','2022-03-16 02:41:39','2022-03-16 02:41:39'),(125,'vi_button_text','[\"Mua ngay\"]',2,'Botble\\Ads\\Models\\Ads','2022-03-16 02:41:39','2022-03-16 02:41:39'),(126,'vi_subtitle','[\"C\\u00e1c s\\u1ea3n ph\\u1ea9m h\\u1eefu c\\u01a1 t\\u1ed1t nh\\u1ea5t tr\\u1ef1c tuy\\u1ebfn\"]',3,'Botble\\Ads\\Models\\Ads','2022-03-16 02:41:39','2022-03-16 02:41:39'),(127,'vi_button_text','[\"Mua ngay\"]',3,'Botble\\Ads\\Models\\Ads','2022-03-16 02:41:39','2022-03-16 02:41:39'),(128,'vi_subtitle','[\"Mang thi\\u00ean nhi\\u00ean v\\u00e0o ng\\u00f4i nh\\u00e0 c\\u1ee7a b\\u1ea1n\"]',4,'Botble\\Ads\\Models\\Ads','2022-03-16 02:41:39','2022-03-16 02:41:39'),(129,'vi_button_text','[\"Mua ngay\"]',4,'Botble\\Ads\\Models\\Ads','2022-03-16 02:41:39','2022-03-16 02:41:39'),(130,'vi_subtitle','[\"Giao t\\u1eadn nh\\u00e0\"]',5,'Botble\\Ads\\Models\\Ads','2022-03-16 02:41:39','2022-03-16 02:41:39'),(131,'vi_button_text','[\"Mua ngay\"]',5,'Botble\\Ads\\Models\\Ads','2022-03-16 02:41:39','2022-03-16 02:41:39'),(132,'vi_subtitle','[\"Ti\\u1ebft ki\\u1ec7m 17% <br \\/> khi mua N\\u01b0\\u1edbc \\u00e9p <br \\/> Oganic\"]',6,'Botble\\Ads\\Models\\Ads','2022-03-16 02:41:39','2022-03-16 02:41:39'),(133,'vi_button_text','[\"Mua ngay\"]',6,'Botble\\Ads\\Models\\Ads','2022-03-16 02:41:39','2022-03-16 02:41:39'),(134,'vi_subtitle','[\"T\\u01b0\\u01a1i v\\u00e0 S\\u1ea1ch h\\u00e0ng ng\\u00e0y v\\u1edbi c\\u00e1c s\\u1ea3n ph\\u1ea9m c\\u1ee7a ch\\u00fang t\\u00f4i\"]',7,'Botble\\Ads\\Models\\Ads','2022-03-16 02:41:39','2022-03-16 02:41:39'),(135,'vi_button_text','[\"Shop now\"]',7,'Botble\\Ads\\Models\\Ads','2022-03-16 02:41:39','2022-03-16 02:41:39'),(136,'vi_subtitle','[\"C\\u00e1c s\\u1ea3n ph\\u1ea9m h\\u1eefu c\\u01a1 t\\u1ed1t nh\\u1ea5t tr\\u1ef1c tuy\\u1ebfn\"]',8,'Botble\\Ads\\Models\\Ads','2022-03-16 02:41:39','2022-03-16 02:41:39'),(137,'vi_button_text','[\"Shop now\"]',8,'Botble\\Ads\\Models\\Ads','2022-03-16 02:41:39','2022-03-16 02:41:39'),(138,'vi_subtitle','[\"T\\u01b0\\u01a1i m\\u1edbi m\\u1ed7i ng\\u00e0y v\\u1edbi\\n c\\u00e1c s\\u1ea3n ph\\u1ea9m c\\u1ee7a ch\\u00fang t\\u00f4i\"]',9,'Botble\\Ads\\Models\\Ads','2022-03-16 02:41:39','2022-03-16 02:41:39'),(139,'vi_button_text','[\"\\u0110i \\u0111\\u1ebfn nh\\u00e0 cung c\\u1ea5p\"]',9,'Botble\\Ads\\Models\\Ads','2022-03-16 02:41:39','2022-03-16 02:41:39'),(140,'vi_subtitle','[\"100% \\u0111\\u1ea3m b\\u1ea3o t\\u1ea5t c\\u1ea3\\n c\\u00e1c m\\u1eb7t h\\u00e0ng t\\u01b0\\u01a1i\"]',10,'Botble\\Ads\\Models\\Ads','2022-03-16 02:41:39','2022-03-16 02:41:39'),(141,'vi_button_text','[\"\\u0110i \\u0111\\u1ebfn nh\\u00e0 cung c\\u1ea5p\"]',10,'Botble\\Ads\\Models\\Ads','2022-03-16 02:41:39','2022-03-16 02:41:39'),(142,'vi_subtitle','[\"Gi\\u1ea3m gi\\u00e1 h\\u00e0ng t\\u1ea1p h\\u00f3a\\n \\u0111\\u1eb7c bi\\u1ec7t trong th\\u00e1ng n\\u00e0y\"]',11,'Botble\\Ads\\Models\\Ads','2022-03-16 02:41:39','2022-03-16 02:41:39'),(143,'vi_button_text','[\"\\u0110i \\u0111\\u1ebfn nh\\u00e0 cung c\\u1ea5p\"]',11,'Botble\\Ads\\Models\\Ads','2022-03-16 02:41:39','2022-03-16 02:41:39'),(144,'vi_subtitle','[\"GI\\u1ea2M GI\\u00c1 15% cho t\\u1ea5t c\\u1ea3\\n rau v\\u00e0 tr\\u00e1i c\\u00e2y\"]',12,'Botble\\Ads\\Models\\Ads','2022-03-16 02:41:39','2022-03-16 02:41:39'),(145,'vi_button_text','[\"\\u0110i \\u0111\\u1ebfn nh\\u00e0 cung c\\u1ea5p\"]',12,'Botble\\Ads\\Models\\Ads','2022-03-16 02:41:39','2022-03-16 02:41:39'),(146,'social_links','[{\"facebook\":\"botble\",\"twitter\":\"botble\"}]',1,'Botble\\Marketplace\\Models\\Store','2022-03-16 02:41:49','2022-03-16 02:41:49'),(147,'social_links','[{\"facebook\":\"botble\",\"twitter\":\"botble\"}]',2,'Botble\\Marketplace\\Models\\Store','2022-03-16 02:41:49','2022-03-16 02:41:49'),(148,'social_links','[{\"facebook\":\"botble\",\"twitter\":\"botble\"}]',3,'Botble\\Marketplace\\Models\\Store','2022-03-16 02:41:49','2022-03-16 02:41:49'),(149,'social_links','[{\"facebook\":\"botble\",\"twitter\":\"botble\"}]',4,'Botble\\Marketplace\\Models\\Store','2022-03-16 02:41:49','2022-03-16 02:41:49'),(150,'social_links','[{\"facebook\":\"botble\",\"twitter\":\"botble\"}]',5,'Botble\\Marketplace\\Models\\Store','2022-03-16 02:41:49','2022-03-16 02:41:49'),(171,'image','[\"flash-sales\\/1.png\"]',1,'Botble\\Ecommerce\\Models\\FlashSale','2022-04-20 20:19:52','2022-04-20 20:19:52'),(172,'image','[\"flash-sales\\/2.png\"]',2,'Botble\\Ecommerce\\Models\\FlashSale','2022-04-20 20:19:52','2022-04-20 20:19:52'),(173,'image','[\"flash-sales\\/3.png\"]',3,'Botble\\Ecommerce\\Models\\FlashSale','2022-04-20 20:19:52','2022-04-20 20:19:52'),(174,'image','[\"flash-sales\\/4.png\"]',4,'Botble\\Ecommerce\\Models\\FlashSale','2022-04-20 20:19:52','2022-04-20 20:19:52'),(175,'image','[\"flash-sales\\/5.png\"]',5,'Botble\\Ecommerce\\Models\\FlashSale','2022-04-20 20:19:52','2022-04-20 20:19:52'),(176,'vi_image','[\"flash-sales\\/1.png\"]',1,'Botble\\Ecommerce\\Models\\FlashSale','2022-04-20 20:19:52','2022-04-20 20:19:52'),(177,'vi_image','[\"flash-sales\\/2.png\"]',2,'Botble\\Ecommerce\\Models\\FlashSale','2022-04-20 20:19:52','2022-04-20 20:19:52'),(178,'vi_image','[\"flash-sales\\/3.png\"]',3,'Botble\\Ecommerce\\Models\\FlashSale','2022-04-20 20:19:52','2022-04-20 20:19:52'),(179,'vi_image','[\"flash-sales\\/4.png\"]',4,'Botble\\Ecommerce\\Models\\FlashSale','2022-04-20 20:19:52','2022-04-20 20:19:52'),(180,'vi_image','[\"flash-sales\\/5.png\"]',5,'Botble\\Ecommerce\\Models\\FlashSale','2022-04-20 20:19:52','2022-04-20 20:19:52');
/*!40000 ALTER TABLE `meta_boxes` ENABLE KEYS */;
UNLOCK TABLES;

--
-- Table structure for table `migrations`
--

DROP TABLE IF EXISTS `migrations`;
/*!40101 SET @saved_cs_client     = @@character_set_client */;
/*!50503 SET character_set_client = utf8mb4 */;
CREATE TABLE `migrations` (
  `id` int unsigned NOT NULL AUTO_INCREMENT,
  `migration` varchar(191) CHARACTER SET utf8mb4 COLLATE utf8mb4_unicode_ci NOT NULL,
  `batch` int NOT NULL,
  PRIMARY KEY (`id`)
) ENGINE=InnoDB AUTO_INCREMENT=73 DEFAULT CHARSET=utf8mb4 COLLATE=utf8mb4_unicode_ci;
/*!40101 SET character_set_client = @saved_cs_client */;

--
-- Dumping data for table `migrations`
--

LOCK TABLES `migrations` WRITE;
/*!40000 ALTER TABLE `migrations` DISABLE KEYS */;
INSERT INTO `migrations` VALUES (1,'2013_04_09_032329_create_base_tables',1),(2,'2013_04_09_062329_create_revisions_table',1),(3,'2014_10_12_000000_create_users_table',1),(4,'2014_10_12_100000_create_password_resets_table',1),(5,'2015_06_18_033822_create_blog_table',1),(6,'2015_06_29_025744_create_audit_history',1),(7,'2016_06_10_230148_create_acl_tables',1),(8,'2016_06_14_230857_create_menus_table',1),(9,'2016_06_17_091537_create_contacts_table',1),(10,'2016_06_28_221418_create_pages_table',1),(11,'2016_10_03_032336_create_languages_table',1),(12,'2016_10_05_074239_create_setting_table',1),(13,'2016_10_07_193005_create_translations_table',1),(14,'2016_11_28_032840_create_dashboard_widget_tables',1),(15,'2016_12_16_084601_create_widgets_table',1),(16,'2017_05_09_070343_create_media_tables',1),(17,'2017_05_18_080441_create_payment_tables',1),(18,'2017_07_11_140018_create_simple_slider_table',1),(19,'2017_10_24_154832_create_newsletter_table',1),(20,'2017_11_03_070450_create_slug_table',1),(21,'2018_07_09_221238_create_faq_table',1),(22,'2019_01_05_053554_create_jobs_table',1),(23,'2019_08_19_000000_create_failed_jobs_table',1),(24,'2019_11_18_061011_create_country_table',1),(25,'2020_03_05_041139_create_ecommerce_tables',1),(26,'2020_11_18_150916_ads_create_ads_table',1),(27,'2021_01_01_044147_ecommerce_create_flash_sale_table',1),(28,'2021_01_17_082713_add_column_is_featured_to_product_collections_table',1),(29,'2021_01_18_024333_add_zip_code_into_table_customer_addresses',1),(30,'2021_02_16_092633_remove_default_value_for_author_type',1),(31,'2021_02_18_073505_update_table_ec_reviews',1),(32,'2021_03_10_024419_add_column_confirmed_at_to_table_ec_customers',1),(33,'2021_03_10_025153_change_column_tax_amount',1),(34,'2021_03_20_033103_add_column_availability_to_table_ec_products',1),(35,'2021_03_27_144913_add_customer_type_into_table_payments',1),(36,'2021_04_28_074008_ecommerce_create_product_label_table',1),(37,'2021_05_24_034720_make_column_currency_nullable',1),(38,'2021_05_31_173037_ecommerce_create_ec_products_translations',1),(39,'2021_06_28_153141_correct_slugs_data',1),(40,'2021_07_06_030002_create_marketplace_table',1),(41,'2021_08_09_161302_add_metadata_column_to_payments_table',1),(42,'2021_08_17_105016_remove_column_currency_id_in_some_tables',1),(43,'2021_08_30_142128_add_images_column_to_ec_reviews_table',1),(44,'2021_09_01_115151_remove_unused_fields_in_ec_products',1),(45,'2021_09_04_150137_add_vendor_verified_at_to_ec_customers_table',1),(46,'2021_10_04_030050_add_column_created_by_to_table_ec_products',1),(47,'2021_10_04_033903_add_column_approved_by_into_table_ec_products',1),(48,'2021_10_05_122616_add_status_column_to_ec_customers_table',1),(49,'2021_10_06_124943_add_transaction_id_column_to_mp_customer_withdrawals_table',1),(50,'2021_10_10_054216_add_columns_to_mp_customer_revenues_table',1),(51,'2021_10_19_020859_update_metadata_field',1),(52,'2021_10_25_021023_fix-priority-load-for-language-advanced',1),(53,'2021_11_03_025806_nullable_phone_number_in_ec_customer_addresses',1),(54,'2021_11_23_071403_correct_languages_for_product_variations',1),(55,'2021_11_28_031808_add_product_tags_translations',1),(56,'2021_12_01_031123_add_featured_image_to_ec_products',1),(57,'2021_12_02_035301_add_ads_translations_table',1),(58,'2021_12_03_030600_create_blog_translations',1),(59,'2021_12_03_075608_create_page_translations',1),(60,'2021_12_03_082134_create_faq_translations',1),(61,'2021_12_03_084118_create_location_translations',1),(62,'2021_12_03_094518_migrate_old_location_data',1),(63,'2021_12_06_031304_update_table_mp_customer_revenues',1),(64,'2021_12_10_034440_switch_plugin_location_to_use_language_advanced',1),(65,'2022_01_01_033107_update_table_ec_shipments',1),(66,'2022_01_16_085908_improve_plugin_location',1),(67,'2022_02_16_042457_improve_product_attribute_sets',1),(68,'2022_03_22_075758_correct_product_name',2),(69,'2022_04_19_113334_add_index_to_ec_products',3),(70,'2022_04_19_113923_add_index_to_table_posts',3),(71,'2022_04_20_100851_add_index_to_media_table',3),(72,'2022_04_20_101046_add_index_to_menu_table',3);
/*!40000 ALTER TABLE `migrations` ENABLE KEYS */;
UNLOCK TABLES;

--
-- Table structure for table `mp_customer_revenues`
--

DROP TABLE IF EXISTS `mp_customer_revenues`;
/*!40101 SET @saved_cs_client     = @@character_set_client */;
/*!50503 SET character_set_client = utf8mb4 */;
CREATE TABLE `mp_customer_revenues` (
  `id` bigint unsigned NOT NULL AUTO_INCREMENT,
  `customer_id` int unsigned DEFAULT NULL,
  `order_id` int unsigned DEFAULT NULL,
  `sub_amount` decimal(15,2) DEFAULT '0.00',
  `fee` decimal(15,2) unsigned DEFAULT '0.00',
  `amount` decimal(15,2) DEFAULT '0.00',
  `current_balance` decimal(15,2) DEFAULT '0.00',
  `currency` varchar(120) CHARACTER SET utf8mb4 COLLATE utf8mb4_unicode_ci DEFAULT NULL,
  `description` text CHARACTER SET utf8mb4 COLLATE utf8mb4_unicode_ci,
  `created_at` timestamp NULL DEFAULT NULL,
  `updated_at` timestamp NULL DEFAULT NULL,
  `user_id` int unsigned NOT NULL DEFAULT '0',
  `type` varchar(60) CHARACTER SET utf8mb4 COLLATE utf8mb4_unicode_ci DEFAULT NULL,
  PRIMARY KEY (`id`)
) ENGINE=InnoDB AUTO_INCREMENT=21 DEFAULT CHARSET=utf8mb4 COLLATE=utf8mb4_unicode_ci;
/*!40101 SET character_set_client = @saved_cs_client */;

--
-- Dumping data for table `mp_customer_revenues`
--

LOCK TABLES `mp_customer_revenues` WRITE;
/*!40000 ALTER TABLE `mp_customer_revenues` DISABLE KEYS */;
INSERT INTO `mp_customer_revenues` VALUES (1,6,1,1798.00,0.00,1798.00,2555.20,'USD',NULL,'2022-04-20 08:19:56','2022-04-20 08:19:56',0,NULL),(2,9,4,172.80,0.00,172.80,1269.40,'USD',NULL,'2022-04-19 04:19:56','2022-04-19 04:19:56',0,NULL),(3,10,6,237.30,0.00,237.30,1597.70,'USD',NULL,'2022-04-20 06:19:56','2022-04-20 06:19:56',0,NULL),(4,2,7,365.80,0.00,365.80,1717.30,'USD',NULL,'2022-04-18 20:19:56','2022-04-18 20:19:56',0,NULL),(5,10,8,262.50,0.00,262.50,1835.00,'USD',NULL,'2022-04-18 14:19:56','2022-04-18 14:19:56',0,NULL),(6,10,11,137.50,0.00,137.50,2097.50,'USD',NULL,'2022-04-15 20:19:57','2022-04-15 20:19:57',0,NULL),(7,9,13,583.80,0.00,583.80,1442.20,'USD',NULL,'2022-04-16 04:19:57','2022-04-16 04:19:57',0,NULL),(8,2,14,685.70,0.00,685.70,2083.10,'USD',NULL,'2022-04-12 02:19:57','2022-04-12 02:19:57',0,NULL),(9,9,22,262.50,0.00,262.50,2026.00,'USD',NULL,'2022-04-18 22:19:57','2022-04-18 22:19:57',0,NULL),(10,2,25,140.80,0.00,140.80,2768.80,'USD',NULL,'2022-04-18 16:19:57','2022-04-18 16:19:57',0,NULL),(11,9,26,79.20,0.00,79.20,2288.50,'USD',NULL,'2022-03-31 14:19:57','2022-03-31 14:19:57',0,NULL),(12,6,29,130.90,0.00,130.90,4353.20,'USD',NULL,'2022-03-26 20:19:57','2022-03-26 20:19:57',0,NULL),(13,10,31,1305.10,0.00,1305.10,2235.00,'USD',NULL,'2022-04-18 04:19:58','2022-04-18 04:19:58',0,NULL),(14,2,34,1306.90,0.00,1306.90,2909.60,'USD',NULL,'2022-04-12 02:19:58','2022-04-12 02:19:58',0,NULL),(15,9,36,151.20,0.00,151.20,2367.70,'USD',NULL,'2022-03-21 00:19:58','2022-03-21 00:19:58',0,NULL),(16,6,38,130.90,0.00,130.90,4484.10,'USD',NULL,'2022-04-14 08:19:58','2022-04-14 08:19:58',0,NULL),(17,10,39,691.30,0.00,691.30,3540.10,'USD',NULL,'2022-03-25 04:19:58','2022-03-25 04:19:58',0,NULL),(18,9,42,223.20,0.00,223.20,2518.90,'USD',NULL,'2022-03-23 04:19:58','2022-03-23 04:19:58',0,NULL),(19,9,44,223.20,0.00,223.20,2742.10,'USD',NULL,'2022-03-25 14:19:58','2022-03-25 14:19:58',0,NULL),(20,10,49,245.30,0.00,245.30,4231.40,'USD',NULL,'2022-03-26 20:19:59','2022-03-26 20:19:59',0,NULL);
/*!40000 ALTER TABLE `mp_customer_revenues` ENABLE KEYS */;
UNLOCK TABLES;

--
-- Table structure for table `mp_customer_withdrawals`
--

DROP TABLE IF EXISTS `mp_customer_withdrawals`;
/*!40101 SET @saved_cs_client     = @@character_set_client */;
/*!50503 SET character_set_client = utf8mb4 */;
CREATE TABLE `mp_customer_withdrawals` (
  `id` bigint unsigned NOT NULL AUTO_INCREMENT,
  `customer_id` int unsigned DEFAULT NULL,
  `fee` decimal(15,2) unsigned DEFAULT '0.00',
  `amount` decimal(15,2) unsigned DEFAULT '0.00',
  `current_balance` decimal(15,2) unsigned DEFAULT '0.00',
  `currency` varchar(120) CHARACTER SET utf8mb4 COLLATE utf8mb4_unicode_ci DEFAULT NULL,
  `description` text CHARACTER SET utf8mb4 COLLATE utf8mb4_unicode_ci,
  `bank_info` text CHARACTER SET utf8mb4 COLLATE utf8mb4_unicode_ci,
  `payment_channel` varchar(60) CHARACTER SET utf8mb4 COLLATE utf8mb4_unicode_ci DEFAULT NULL,
  `user_id` int unsigned NOT NULL DEFAULT '0',
  `status` varchar(60) CHARACTER SET utf8mb4 COLLATE utf8mb4_unicode_ci NOT NULL DEFAULT 'pending',
  `images` text CHARACTER SET utf8mb4 COLLATE utf8mb4_unicode_ci,
  `created_at` timestamp NULL DEFAULT NULL,
  `updated_at` timestamp NULL DEFAULT NULL,
  `transaction_id` varchar(60) CHARACTER SET utf8mb4 COLLATE utf8mb4_unicode_ci DEFAULT NULL,
  PRIMARY KEY (`id`)
) ENGINE=InnoDB AUTO_INCREMENT=14 DEFAULT CHARSET=utf8mb4 COLLATE=utf8mb4_unicode_ci;
/*!40101 SET character_set_client = @saved_cs_client */;

--
-- Dumping data for table `mp_customer_withdrawals`
--

LOCK TABLES `mp_customer_withdrawals` WRITE;
/*!40000 ALTER TABLE `mp_customer_withdrawals` DISABLE KEYS */;
INSERT INTO `mp_customer_withdrawals` VALUES (1,2,0.00,1172.00,4216.50,'USD','','{\"name\":\"Mrs. Iva Harber Jr.\",\"number\":\"+14093752784\",\"full_name\":\"Dr. Jaime Flatley III\",\"description\":\"Easter Mante\"}',NULL,0,'pending',NULL,'2022-04-20 20:19:59','2022-04-20 20:19:59',NULL),(2,2,0.00,751.00,3044.50,'USD','','{\"name\":\"Mrs. Iva Harber Jr.\",\"number\":\"+14093752784\",\"full_name\":\"Dr. Jaime Flatley III\",\"description\":\"Easter Mante\"}',NULL,0,'pending',NULL,'2022-04-20 20:19:59','2022-04-20 20:19:59',NULL),(3,2,0.00,500.00,2293.50,'USD','','{\"name\":\"Mrs. Iva Harber Jr.\",\"number\":\"+14093752784\",\"full_name\":\"Dr. Jaime Flatley III\",\"description\":\"Easter Mante\"}',NULL,0,'pending',NULL,'2022-04-20 20:19:59','2022-04-20 20:19:59',NULL),(4,5,0.00,36.00,364.00,'USD','','{\"name\":\"Prof. Eudora Buckridge\",\"number\":\"+17345894364\",\"full_name\":\"Ophelia Koelpin\",\"description\":\"Ara Osinski\"}',NULL,0,'processing',NULL,'2022-04-20 20:19:59','2022-04-20 20:19:59',NULL),(5,5,0.00,45.00,328.00,'USD','','{\"name\":\"Prof. Eudora Buckridge\",\"number\":\"+17345894364\",\"full_name\":\"Ophelia Koelpin\",\"description\":\"Ara Osinski\"}',NULL,0,'processing',NULL,'2022-04-20 20:19:59','2022-04-20 20:19:59',NULL),(6,6,0.00,1282.00,4615.00,'USD','','{\"name\":\"Prof. Christophe Von III\",\"number\":\"+12408933224\",\"full_name\":\"Payton Lemke\",\"description\":\"Mr. Brannon Nitzsche I\"}',NULL,0,'pending',NULL,'2022-04-20 20:19:59','2022-04-20 20:19:59',NULL),(7,6,0.00,814.00,3333.00,'USD','','{\"name\":\"Prof. Christophe Von III\",\"number\":\"+12408933224\",\"full_name\":\"Payton Lemke\",\"description\":\"Mr. Brannon Nitzsche I\"}',NULL,0,'processing',NULL,'2022-04-20 20:20:00','2022-04-20 20:20:00',NULL),(8,9,0.00,925.00,2965.30,'USD','','{\"name\":\"Ms. Ophelia Abernathy DVM\",\"number\":\"+19088442074\",\"full_name\":\"Cassie O\'Connell\",\"description\":\"Payton Carter\"}',NULL,0,'completed',NULL,'2022-04-20 20:20:00','2022-04-20 20:20:00',NULL),(9,9,0.00,63.00,2040.30,'USD','','{\"name\":\"Ms. Ophelia Abernathy DVM\",\"number\":\"+19088442074\",\"full_name\":\"Cassie O\'Connell\",\"description\":\"Payton Carter\"}',NULL,0,'processing',NULL,'2022-04-20 20:20:00','2022-04-20 20:20:00',NULL),(10,9,0.00,204.00,1977.30,'USD','','{\"name\":\"Ms. Ophelia Abernathy DVM\",\"number\":\"+19088442074\",\"full_name\":\"Cassie O\'Connell\",\"description\":\"Payton Carter\"}',NULL,0,'processing',NULL,'2022-04-20 20:20:00','2022-04-20 20:20:00',NULL),(11,10,0.00,893.00,4476.70,'USD','','{\"name\":\"Prof. Dillan Lubowitz MD\",\"number\":\"+12488518094\",\"full_name\":\"Brianne Mayer\",\"description\":\"Dr. Ross Brekke\"}',NULL,0,'processing',NULL,'2022-04-20 20:20:00','2022-04-20 20:20:00',NULL),(12,10,0.00,1059.00,3583.70,'USD','','{\"name\":\"Prof. Dillan Lubowitz MD\",\"number\":\"+12488518094\",\"full_name\":\"Brianne Mayer\",\"description\":\"Dr. Ross Brekke\"}',NULL,0,'pending',NULL,'2022-04-20 20:20:00','2022-04-20 20:20:00',NULL),(13,10,0.00,105.00,2524.70,'USD','','{\"name\":\"Prof. Dillan Lubowitz MD\",\"number\":\"+12488518094\",\"full_name\":\"Brianne Mayer\",\"description\":\"Dr. Ross Brekke\"}',NULL,0,'completed',NULL,'2022-04-20 20:20:01','2022-04-20 20:20:01',NULL);
/*!40000 ALTER TABLE `mp_customer_withdrawals` ENABLE KEYS */;
UNLOCK TABLES;

--
-- Table structure for table `mp_stores`
--

DROP TABLE IF EXISTS `mp_stores`;
/*!40101 SET @saved_cs_client     = @@character_set_client */;
/*!50503 SET character_set_client = utf8mb4 */;
CREATE TABLE `mp_stores` (
  `id` bigint unsigned NOT NULL AUTO_INCREMENT,
  `name` varchar(255) CHARACTER SET utf8mb4 COLLATE utf8mb4_unicode_ci NOT NULL,
  `email` varchar(60) CHARACTER SET utf8mb4 COLLATE utf8mb4_unicode_ci DEFAULT NULL,
  `phone` varchar(20) CHARACTER SET utf8mb4 COLLATE utf8mb4_unicode_ci DEFAULT NULL,
  `address` varchar(255) CHARACTER SET utf8mb4 COLLATE utf8mb4_unicode_ci DEFAULT NULL,
  `country` varchar(120) CHARACTER SET utf8mb4 COLLATE utf8mb4_unicode_ci DEFAULT NULL,
  `state` varchar(120) CHARACTER SET utf8mb4 COLLATE utf8mb4_unicode_ci DEFAULT NULL,
  `city` varchar(120) CHARACTER SET utf8mb4 COLLATE utf8mb4_unicode_ci DEFAULT NULL,
  `customer_id` int unsigned DEFAULT NULL,
  `logo` varchar(255) CHARACTER SET utf8mb4 COLLATE utf8mb4_unicode_ci DEFAULT NULL,
  `description` varchar(400) CHARACTER SET utf8mb4 COLLATE utf8mb4_unicode_ci DEFAULT NULL,
  `content` longtext CHARACTER SET utf8mb4 COLLATE utf8mb4_unicode_ci,
  `status` varchar(60) CHARACTER SET utf8mb4 COLLATE utf8mb4_unicode_ci NOT NULL DEFAULT 'published',
  `vendor_verified_at` datetime DEFAULT NULL,
  `created_at` timestamp NULL DEFAULT NULL,
  `updated_at` timestamp NULL DEFAULT NULL,
  PRIMARY KEY (`id`)
) ENGINE=InnoDB AUTO_INCREMENT=6 DEFAULT CHARSET=utf8mb4 COLLATE=utf8mb4_unicode_ci;
/*!40101 SET character_set_client = @saved_cs_client */;

--
-- Dumping data for table `mp_stores`
--

LOCK TABLES `mp_stores` WRITE;
/*!40000 ALTER TABLE `mp_stores` DISABLE KEYS */;
INSERT INTO `mp_stores` VALUES (1,'GoPro','oschmeler@example.com','+13312361532','168 Savanah Island Apt. 459','HK','Rhode Island','East Isac',2,'stores/1.png','Commodi in sed sit reprehenderit nisi a.','Cupiditate dolorem sit inventore voluptas laborum culpa omnis. Quas et dolorum incidunt. Quam nobis ducimus consequatur.','published',NULL,'2022-03-16 02:41:49','2022-03-16 02:41:49'),(2,'Global Office','augustus.watsica@example.org','+15614469026','34389 Cummerata Parkway','LI','South Dakota','North Deron',5,'stores/2.png','Voluptatem et repellat dolore quaerat.','Molestias autem et consectetur porro odit quo earum exercitationem. Voluptatum est ducimus quo et.','published',NULL,'2022-03-16 02:41:49','2022-03-16 02:41:49'),(3,'Young Shop','jamir00@example.net','+14636001390','48102 Lincoln Tunnel Apt. 396','LS','Montana','Kristianburgh',6,'stores/3.png','Corporis quibusdam nisi ipsum tenetur.','Distinctio at et dolor tenetur. Fugiat et ullam et maxime consequatur. Molestias possimus tempora illo modi et sunt repellendus ducimus.','published',NULL,'2022-03-16 02:41:49','2022-03-16 02:41:49'),(4,'Global Store','katelynn.roberts@example.net','+14423060645','23439 Sanford Highway Apt. 423','TT','Arizona','Cassinside',9,'stores/4.png','In aut ut sit sed voluptas qui.','Aperiam quam aut consectetur tenetur impedit qui sapiente. Mollitia soluta est natus rerum.','published',NULL,'2022-03-16 02:41:49','2022-03-16 02:41:49'),(5,'Robert’s Store','raynor.skyla@example.org','+18706763345','401 Runolfsdottir Route','SR','Indiana','West Jeradmouth',10,'stores/5.png','Qui quo cumque quo in qui.','Aut omnis possimus et enim quia. Ea fugiat commodi repellat. Alias harum id unde voluptas qui.','published',NULL,'2022-03-16 02:41:49','2022-03-16 02:41:49');
/*!40000 ALTER TABLE `mp_stores` ENABLE KEYS */;
UNLOCK TABLES;

--
-- Table structure for table `mp_vendor_info`
--

DROP TABLE IF EXISTS `mp_vendor_info`;
/*!40101 SET @saved_cs_client     = @@character_set_client */;
/*!50503 SET character_set_client = utf8mb4 */;
CREATE TABLE `mp_vendor_info` (
  `id` bigint unsigned NOT NULL AUTO_INCREMENT,
  `customer_id` int unsigned NOT NULL DEFAULT '0',
  `balance` decimal(15,2) NOT NULL DEFAULT '0.00',
  `total_fee` decimal(15,2) NOT NULL DEFAULT '0.00',
  `total_revenue` decimal(15,2) NOT NULL DEFAULT '0.00',
  `signature` varchar(255) CHARACTER SET utf8mb4 COLLATE utf8mb4_unicode_ci DEFAULT NULL,
  `bank_info` text CHARACTER SET utf8mb4 COLLATE utf8mb4_unicode_ci,
  `created_at` timestamp NULL DEFAULT NULL,
  `updated_at` timestamp NULL DEFAULT NULL,
  PRIMARY KEY (`id`)
) ENGINE=InnoDB AUTO_INCREMENT=6 DEFAULT CHARSET=utf8mb4 COLLATE=utf8mb4_unicode_ci;
/*!40101 SET character_set_client = @saved_cs_client */;

--
-- Dumping data for table `mp_vendor_info`
--

LOCK TABLES `mp_vendor_info` WRITE;
/*!40000 ALTER TABLE `mp_vendor_info` DISABLE KEYS */;
INSERT INTO `mp_vendor_info` VALUES (1,2,1793.50,0.00,7311.50,'$2y$10$XIUFI0jHbg1p1CQt76IGVOGovSo58/dd0lQLvwEX7MR5F0/nJ7iVC','{\"name\":\"Mrs. Iva Harber Jr.\",\"number\":\"+14093752784\",\"full_name\":\"Dr. Jaime Flatley III\",\"description\":\"Easter Mante\"}','2022-03-16 02:41:48','2022-04-20 20:19:59'),(2,5,283.00,0.00,851.00,'$2y$10$Q7eEleIGir/ThcsL4/reuuF3R1.gILHNf.ZKJ3HuaTqpjnEhr3XEC','{\"name\":\"Prof. Eudora Buckridge\",\"number\":\"+17345894364\",\"full_name\":\"Ophelia Koelpin\",\"description\":\"Ara Osinski\"}','2022-03-16 02:41:48','2022-04-20 20:19:59'),(3,6,2519.00,0.00,9508.00,'$2y$10$5mmXAfJZGrPoIcoEAyaQuO3sTzBFD4C5stNqzyxWXhQuOQJW3OgG2','{\"name\":\"Prof. Christophe Von III\",\"number\":\"+12408933224\",\"full_name\":\"Payton Lemke\",\"description\":\"Mr. Brannon Nitzsche I\"}','2022-03-16 02:41:48','2022-04-20 20:20:00'),(4,9,1773.30,0.00,5109.30,'$2y$10$BQP4nzGLdod8nqq2ikl.g.SBDwXsMBCnb4O27XYYsYw4nsBlM2y9m','{\"name\":\"Ms. Ophelia Abernathy DVM\",\"number\":\"+19088442074\",\"full_name\":\"Cassie O\'Connell\",\"description\":\"Payton Carter\"}','2022-03-16 02:41:48','2022-04-20 20:20:00'),(5,10,2419.70,0.00,6349.70,'$2y$10$yV4ijNsEZoJgQEoMmHqgu.lA23cq.nQ3a2.x3FM9jSSSU96kcIJaK','{\"name\":\"Prof. Dillan Lubowitz MD\",\"number\":\"+12488518094\",\"full_name\":\"Brianne Mayer\",\"description\":\"Dr. Ross Brekke\"}','2022-03-16 02:41:49','2022-04-20 20:20:01');
/*!40000 ALTER TABLE `mp_vendor_info` ENABLE KEYS */;
UNLOCK TABLES;

--
-- Table structure for table `newsletters`
--

DROP TABLE IF EXISTS `newsletters`;
/*!40101 SET @saved_cs_client     = @@character_set_client */;
/*!50503 SET character_set_client = utf8mb4 */;
CREATE TABLE `newsletters` (
  `id` bigint unsigned NOT NULL AUTO_INCREMENT,
  `email` varchar(120) CHARACTER SET utf8mb4 COLLATE utf8mb4_unicode_ci NOT NULL,
  `name` varchar(120) CHARACTER SET utf8mb4 COLLATE utf8mb4_unicode_ci DEFAULT NULL,
  `status` varchar(60) CHARACTER SET utf8mb4 COLLATE utf8mb4_unicode_ci NOT NULL DEFAULT 'subscribed',
  `created_at` timestamp NULL DEFAULT NULL,
  `updated_at` timestamp NULL DEFAULT NULL,
  PRIMARY KEY (`id`)
) ENGINE=InnoDB DEFAULT CHARSET=utf8mb4 COLLATE=utf8mb4_unicode_ci;
/*!40101 SET character_set_client = @saved_cs_client */;

--
-- Dumping data for table `newsletters`
--

LOCK TABLES `newsletters` WRITE;
/*!40000 ALTER TABLE `newsletters` DISABLE KEYS */;
/*!40000 ALTER TABLE `newsletters` ENABLE KEYS */;
UNLOCK TABLES;

--
-- Table structure for table `pages`
--

DROP TABLE IF EXISTS `pages`;
/*!40101 SET @saved_cs_client     = @@character_set_client */;
/*!50503 SET character_set_client = utf8mb4 */;
CREATE TABLE `pages` (
  `id` bigint unsigned NOT NULL AUTO_INCREMENT,
  `name` varchar(120) CHARACTER SET utf8mb4 COLLATE utf8mb4_unicode_ci NOT NULL,
  `content` longtext CHARACTER SET utf8mb4 COLLATE utf8mb4_unicode_ci,
  `user_id` int NOT NULL,
  `image` varchar(255) CHARACTER SET utf8mb4 COLLATE utf8mb4_unicode_ci DEFAULT NULL,
  `template` varchar(60) CHARACTER SET utf8mb4 COLLATE utf8mb4_unicode_ci DEFAULT NULL,
  `is_featured` tinyint NOT NULL DEFAULT '0',
  `description` varchar(400) CHARACTER SET utf8mb4 COLLATE utf8mb4_unicode_ci DEFAULT NULL,
  `status` varchar(60) CHARACTER SET utf8mb4 COLLATE utf8mb4_unicode_ci NOT NULL DEFAULT 'published',
  `created_at` timestamp NULL DEFAULT NULL,
  `updated_at` timestamp NULL DEFAULT NULL,
  PRIMARY KEY (`id`)
) ENGINE=InnoDB AUTO_INCREMENT=19 DEFAULT CHARSET=utf8mb4 COLLATE=utf8mb4_unicode_ci;
/*!40101 SET character_set_client = @saved_cs_client */;

--
-- Dumping data for table `pages`
--

LOCK TABLES `pages` WRITE;
/*!40000 ALTER TABLE `pages` DISABLE KEYS */;
INSERT INTO `pages` VALUES (1,'Homepage','<div>[simple-slider key=\"home-slider-1\" show_newsletter_form=\"yes\"][/simple-slider]</div><div>[featured-product-categories title=\"Top Categories\"][/featured-product-categories]</div><div>[theme-ads ads_1=\"IZ6WU8KUALYD\" ads_2=\"ILSFJVYFGCPZ\" ads_3=\"ILSDKVYFGXPH\"][/theme-ads]</div><div>[popular-products title=\"Popular Products\" per_row=\"4\" limit=\"8\"][/popular-products]</div><div>[best-flash-sale title=\"Daily Best Sells\" flash_sale_id=\"6\" ads=\"IZ6WU8KUALYG\"][/best-flash-sale]</div><div>[flash-sale flash_sale_1=\"2\" flash_sale_2=\"3\" flash_sale_3=\"4\" flash_sale_4=\"5\" title=\"Deals Of The Day\" flash_sale_popup_id=\"1\"][/flash-sale]</div><div>[top-products-group tabs=\"top-selling,trending-products,recent-added,top-rated\" top_selling_in_days=\"365\"][/top-products-group]</div>',1,NULL,'homepage',0,NULL,'published','2022-03-16 02:41:33','2022-03-16 02:41:33'),(2,'Homepage 2','<div>[simple-slider key=\"home-slider-2\" ads_1=\"IZ6WU8KUALYH\" show_newsletter_form=\"yes\" cover_image=\"sliders/banner-1.png\"][/simple-slider]</div><div>[theme-ads ads_1=\"IZ6WU8KUALYD\" ads_2=\"ILSFJVYFGCPZ\" ads_3=\"ILSDKVYFGXPH\"][/theme-ads]</div><div>[popular-products title=\"Popular Products\" per_row=\"4\" limit=\"8\"][/popular-products]</div><div>[best-flash-sale title=\"Daily Best Sells\" flash_sale_id=\"6\" ads=\"IZ6WU8KUALYG\"][/best-flash-sale]</div><div>[flash-sale flash_sale_1=\"2\" flash_sale_2=\"3\" flash_sale_3=\"4\" flash_sale_4=\"5\" title=\"Deals Of The Day\" flash_sale_popup_id=\"1\"][/flash-sale]</div><div>[top-products-group tabs=\"top-selling,trending-products,recent-added,top-rated\" top_selling_in_days=\"365\"][/top-products-group]</div><div>[product-categories title=\"Shop by Categories\"][/product-categories]</div>',1,NULL,'homepage',0,NULL,'published','2022-03-16 02:41:33','2022-03-16 02:41:33'),(3,'Homepage 3','<div>[simple-slider key=\"home-slider-1\" show_newsletter_form=\"yes\"][/simple-slider]</div><div>[popular-products title=\"Popular Products\" per_row=\"4\" limit=\"8\"][/popular-products]</div><div>[flash-sale flash_sale_1=\"2\" flash_sale_2=\"3\" flash_sale_3=\"4\" flash_sale_4=\"5\" title=\"Deals Of The Day\" flash_sale_popup_id=\"1\"][/flash-sale]</div><div>[theme-ads ads_1=\"IZ6WU8KUALYD\" ads_2=\"ILSFJVYFGCPZ\" ads_3=\"ILSDKVYFGXPH\"][/theme-ads]</div><div>[product-categories title=\"Shop by Categories\"][/product-categories]</div><div>[top-products-group tabs=\"top-selling,trending-products,recent-added,top-rated\" top_selling_in_days=\"365\"][/top-products-group]</div>',1,NULL,'homepage',0,NULL,'published','2022-03-16 02:41:33','2022-03-16 02:41:33'),(4,'Homepage 4','<div>[simple-slider key=\"home-slider-4\" show_newsletter_form=\"yes\"][/simple-slider]</div><div>[popular-products title=\"Popular Products\" per_row=\"4\" limit=\"8\"][/popular-products]</div><div>[flash-sale flash_sale_1=\"2\" flash_sale_2=\"3\" flash_sale_3=\"4\" flash_sale_4=\"5\" title=\"Deals Of The Day\" flash_sale_popup_id=\"1\"][/flash-sale]</div><div>[theme-ads ads_1=\"IZ6WU8KUALYD\" ads_2=\"ILSFJVYFGCPZ\" ads_3=\"ILSDKVYFGXPH\"][/theme-ads]</div><div>[product-categories title=\"Shop by Categories\"][/product-categories]</div><div>[top-products-group tabs=\"top-selling,trending-products,recent-added,top-rated\" top_selling_in_days=\"365\"][/top-products-group]</div>',1,NULL,'homepage',0,NULL,'published','2022-03-16 02:41:33','2022-03-16 02:41:33'),(5,'Blog','<p>---</p>',1,NULL,'blog-grid',0,NULL,'published','2022-03-16 02:41:33','2022-03-16 02:41:33'),(6,'Contact','<p>[google-map]502 New Street, Brighton VIC, Australia[/google-map]</p><p>[our-offices][/our-offices]</p><p>[contact-form][/contact-form]</p>',1,NULL,'default',0,NULL,'published','2022-03-16 02:41:33','2022-03-16 02:41:33'),(7,'About us','<p>Alice, \'I\'ve often seen them at last, and they all quarrel so dreadfully one can\'t hear oneself speak--and they don\'t give birthday presents like that!\' But she went on, \'I must be really offended. \'We won\'t talk about wasting IT. It\'s HIM.\' \'I don\'t know of any that do,\' Alice said very politely, \'for I can\'t take LESS,\' said the Pigeon; \'but I haven\'t been invited yet.\' \'You\'ll see me there,\' said the others. \'Are their heads down and saying \"Come up again, dear!\" I shall be late!\' (when she.</p><p>Mock Turtle with a sigh: \'he taught Laughing and Grief, they used to say when I got up this morning, but I can\'t put it more clearly,\' Alice replied in a furious passion, and went on just as if it had made. \'He took me for his housemaid,\' she said this last remark. \'Of course they were\', said the Dormouse, who was sitting on a little more conversation with her face like the look of things at all, at all!\' \'Do as I was a little while, however, she went on, \'and most of \'em do.\' \'I don\'t think.</p><p>What WILL become of me?\' Luckily for Alice, the little golden key in the flurry of the same thing as \"I eat what I could say if I only wish it was,\' he said. (Which he certainly did NOT, being made entirely of cardboard.) \'All right, so far,\' said the Knave, \'I didn\'t know how to begin.\' He looked anxiously over his shoulder as he spoke, and added \'It isn\'t directed at all,\' said Alice: \'she\'s so extremely--\' Just then she remembered that she ought not to be listening, so she sat down again.</p><p>NOT be an advantage,\' said Alice, very much confused, \'I don\'t think--\' \'Then you should say what you mean,\' the March Hare moved into the wood for fear of their wits!\' So she called softly after it, never once considering how in the distance, and she thought of herself, \'I don\'t think they play at all what had become of me? They\'re dreadfully fond of beheading people here; the great puzzle!\' And she thought it would,\' said the sage, as he spoke, and added \'It isn\'t directed at all,\' said the.</p>',1,NULL,'right-sidebar',0,NULL,'published','2022-03-16 02:41:33','2022-03-16 02:41:33'),(8,'Cookie Policy','<h3>EU Cookie Consent</h3><p>To use this website we are using Cookies and collecting some data. To be compliant with the EU GDPR we give you to choose if you allow us to use certain Cookies and to collect some Data.</p><h4>Essential Data</h4><p>The Essential Data is needed to run the Site you are visiting technically. You can not deactivate them.</p><p>- Session Cookie: PHP uses a Cookie to identify user sessions. Without this Cookie the Website is not working.</p><p>- XSRF-Token Cookie: Laravel automatically generates a CSRF \"token\" for each active user session managed by the application. This token is used to verify that the authenticated user is the one actually making the requests to the application.</p>',1,NULL,'default',0,NULL,'published','2022-03-16 02:41:33','2022-03-16 02:41:33'),(9,'Terms & Conditions','<p>THAT is--\"Take care of themselves.\"\' \'How fond she is only a pack of cards!\' At this moment the door with his nose Trims his belt and his buttons, and turns out his toes.\' [later editions continued as follows The Panther took pie-crust, and gravy, and meat, While the Owl had the dish as its share of the cattle in the air, mixed up with the glass table and the other ladder?--Why, I hadn\'t gone down that rabbit-hole--and yet--and yet--it\'s rather curious, you know, with oh, such long curly brown.</p><p>However, the Multiplication Table doesn\'t signify: let\'s try the patience of an oyster!\' \'I wish I hadn\'t begun my tea--not above a week or so--and what with the day and night! You see the earth takes twenty-four hours to turn into a tidy little room with a growl, And concluded the banquet--] \'What IS a Caucus-race?\' said Alice; \'but a grin without a cat! It\'s the most confusing thing I ask! It\'s always six o\'clock now.\' A bright idea came into Alice\'s head. \'Is that the Gryphon remarked.</p><p>I do wonder what I like\"!\' \'You might just as well. The twelve jurors were all locked; and when Alice had never heard before, \'Sure then I\'m here! Digging for apples, indeed!\' said the Duchess; \'and that\'s the queerest thing about it.\' \'She\'s in prison,\' the Queen left off, quite out of breath, and said to herself, and once she remembered trying to fix on one, the cook had disappeared. \'Never mind!\' said the King. On this the White Rabbit: it was too much overcome to do that,\' said Alice. \'I\'m.</p><p>Queen never left off when they arrived, with a smile. There was a bright idea came into Alice\'s head. \'Is that all?\' said the Queen in front of them, with her friend. When she got used to read fairy-tales, I fancied that kind of thing that would happen: \'\"Miss Alice! Come here directly, and get ready to ask any more HERE.\' \'But then,\' thought Alice, \'to speak to this last remark. \'Of course it was,\' the March Hare. Visit either you like: they\'re both mad.\' \'But I don\'t like the three.</p>',1,NULL,'default',0,NULL,'published','2022-03-16 02:41:33','2022-03-16 02:41:33'),(10,'Returns & Exchanges','<p>King very decidedly, and the White Rabbit with pink eyes ran close by her. There was exactly one a-piece all round. (It was this last remark that had fallen into the court, by the White Rabbit, trotting slowly back to the law, And argued each case with MINE,\' said the Mock Turtle. \'No, no! The adventures first,\' said the Lory. Alice replied thoughtfully. \'They have their tails in their mouths. So they went on again: \'Twenty-four hours, I THINK; or is it directed to?\' said one of its voice.</p><p>Alice, rather alarmed at the other birds tittered audibly. \'What I was going to dive in among the branches, and every now and then, and holding it to make herself useful, and looking at the cook, to see its meaning. \'And just as I\'d taken the highest tree in front of them, and considered a little, \'From the Queen. \'Never!\' said the King, \'and don\'t be nervous, or I\'ll have you executed on the top with its head, it WOULD twist itself round and get ready for your walk!\" \"Coming in a few minutes.</p><p>Majesty!\' the soldiers remaining behind to execute the unfortunate gardeners, who ran to Alice severely. \'What are you getting on now, my dear?\' it continued, turning to the Dormouse, who seemed to think that will be When they take us up and said, \'So you did, old fellow!\' said the Hatter. \'He won\'t stand beating. Now, if you like,\' said the Hatter, who turned pale and fidgeted. \'Give your evidence,\' said the one who got any advantage from the Queen shouted at the end.\' \'If you can\'t take.</p><p>I should understand that better,\' Alice said very humbly; \'I won\'t indeed!\' said the Queen. \'Their heads are gone, if it makes me grow smaller, I suppose.\' So she sat down at her with large eyes full of the way down one side and then raised himself upon tiptoe, put his mouth close to her: first, because the chimneys were shaped like the look of the guinea-pigs cheered, and was going to give the hedgehog a blow with its wings. \'Serpent!\' screamed the Pigeon. \'I can see you\'re trying to explain.</p>',1,NULL,'default',0,NULL,'published','2022-03-16 02:41:33','2022-03-16 02:41:33'),(11,'Shipping & Delivery','<p>Cat; and this he handed over to the Dormouse, without considering at all like the three gardeners, but she saw maps and pictures hung upon pegs. She took down a jar from one foot to the Duchess: \'what a clear way you can;--but I must be really offended. \'We won\'t talk about her any more questions about it, so she tried to beat time when I sleep\" is the capital of Rome, and Rome--no, THAT\'S all wrong, I\'m certain! I must sugar my hair.\" As a duck with its arms and frowning at the sides of it.</p><p>A little bright-eyed terrier, you know, as we needn\'t try to find quite a chorus of voices asked. \'Why, SHE, of course,\' said the Hatter; \'so I can\'t tell you how it was looking up into a graceful zigzag, and was going to remark myself.\' \'Have you seen the Mock Turtle. \'She can\'t explain MYSELF, I\'m afraid, sir\' said Alice, seriously, \'I\'ll have nothing more to be sure, she had a consultation about this, and she hurried out of breath, and said to the tarts on the other bit. Her chin was.</p><p>Then she went slowly after it: \'I never was so large in the other: he came trotting along in a tone of this rope--Will the roof of the teacups as the door began sneezing all at once. The Dormouse slowly opened his eyes very wide on hearing this; but all he SAID was, \'Why is a raven like a mouse, That he met in the same age as herself, to see some meaning in it,\' said Alice, always ready to play croquet with the grin, which remained some time busily writing in his throat,\' said the Caterpillar.</p><p>Cat\'s head began fading away the moment she felt that this could not help thinking there MUST be more to be two people. \'But it\'s no use in knocking,\' said the Hatter. \'You might just as well as she left her, leaning her head through the doorway; \'and even if my head would go anywhere without a grin,\' thought Alice; \'I daresay it\'s a French mouse, come over with diamonds, and walked off; the Dormouse go on for some way, and the words came very queer indeed:-- \'\'Tis the voice of the water, and.</p>',1,NULL,'default',0,NULL,'published','2022-03-16 02:41:33','2022-03-16 02:41:33'),(12,'Privacy Policy','<p>Suppress him! Pinch him! Off with his knuckles. It was so much already, that it had been. But her sister was reading, but it was neither more nor less than no time to go, for the Dormouse,\' thought Alice; \'I can\'t explain MYSELF, I\'m afraid, sir\' said Alice, rather alarmed at the Caterpillar\'s making such a rule at processions; \'and besides, what would happen next. \'It\'s--it\'s a very interesting dance to watch,\' said Alice, feeling very glad she had never left off when they liked, so that her.</p><p>Alice: he had never before seen a rabbit with either a waistcoat-pocket, or a serpent?\' \'It matters a good deal frightened by this time.) \'You\'re nothing but the Hatter asked triumphantly. Alice did not wish to offend the Dormouse again, so violently, that she tipped over the jury-box with the Gryphon. \'--you advance twice--\' \'Each with a lobster as a partner!\' cried the Mock Turtle yawned and shut his eyes.--\'Tell her about the crumbs,\' said the Mock Turtle drew a long time together.\' \'Which.</p><p>Hatter replied. \'Of course not,\' said Alice very humbly: \'you had got its head impatiently, and walked off; the Dormouse fell asleep instantly, and neither of the country is, you see, Miss, this here ought to be sure; but I shall see it quite plainly through the neighbouring pool--she could hear the name \'Alice!\' CHAPTER XII. Alice\'s Evidence \'Here!\' cried Alice, jumping up and repeat something now. Tell her to speak again. The Mock Turtle went on just as I\'d taken the highest tree in the pool.</p><p>I know I have done just as she could not help bursting out laughing: and when Alice had learnt several things of this was his first speech. \'You should learn not to be rude, so she waited. The Gryphon sat up and down in a languid, sleepy voice. \'Who are YOU?\' said the Gryphon: \'I went to him,\' the Mock Turtle a little before she had read several nice little dog near our house I should be free of them at last, with a kind of serpent, that\'s all the same, the next verse.\' \'But about his toes?\'.</p>',1,NULL,'default',0,NULL,'published','2022-03-16 02:41:33','2022-03-16 02:41:33'),(13,'Blog List','<p>[blog-posts paginate=\"12\"][/blog-posts]</p>',1,NULL,'blog-list',0,NULL,'published','2022-03-16 02:41:33','2022-03-16 02:41:33'),(14,'Blog Big','<p>[blog-posts paginate=\"12\"][/blog-posts]</p>',1,NULL,'blog-big',0,NULL,'published','2022-03-16 02:41:33','2022-03-16 02:41:33'),(15,'Blog Wide','<p>[blog-posts paginate=\"12\"][/blog-posts]</p>',1,NULL,'blog-wide',0,NULL,'published','2022-03-16 02:41:33','2022-03-16 02:41:33'),(16,'Homepage 5','<div>[simple-slider key=\"home-slider-5\" ads_1=\"IZ6WU8KUALYJ\" ads_2=\"IZ6WU8KUALYK\" show_newsletter_form=\"yes\"][/simple-slider]</div><div>[featured-product-categories title=\"Top Categories\"][/featured-product-categories]</div><div>[theme-ads ads_1=\"IZ6WU8KUALYD\" ads_2=\"ILSFJVYFGCPZ\" ads_3=\"ILSDKVYFGXPH\"][/theme-ads]</div><div>[popular-products title=\"Popular Products\" per_row=\"4\" limit=\"8\"][/popular-products]</div><div>[theme-ads ads_1=\"IZ6WU8KUALYL\" ads_2=\"IZ6WU8KUALYM\" ads_3=\"IZ6WU8KUALYN\" ads_4=\"IZ6WU8KUALYO\" style=\"style-5\"][/theme-ads]</div><div>[best-flash-sale title=\"Daily Best Sells\" flash_sale_id=\"6\" ads=\"IZ6WU8KUALYG\"][/best-flash-sale]</div><div>[flash-sale flash_sale_1=\"2\" flash_sale_2=\"3\" flash_sale_3=\"4\" flash_sale_4=\"5\" title=\"Deals Of The Day\" flash_sale_popup_id=\"1\"][/flash-sale]</div><div>[top-products-group tabs=\"top-selling,trending-products,recent-added,top-rated\" top_selling_in_days=\"365\"][/top-products-group]</div>',1,NULL,'homepage',0,NULL,'published','2022-03-16 02:41:33','2022-03-16 02:41:33'),(17,'Homepage 6','<div>[big-banner cover_image=\"general/home-6.jpeg\" show_newsletter_form=\"yes\" number_display_featured_categories=\"4\" title=\"What are you looking for?\"][/big-banner]</div><div>[trending-products title=\"Trending items\" limit=\"20\"][/trending-products]</div><div>[flash-sale flash_sale_1=\"2\" flash_sale_2=\"3\" flash_sale_3=\"4\" flash_sale_4=\"5\" title=\"Deals Of The Day\" flash_sale_popup_id=\"1\"][/flash-sale]</div><div>[top-products-group tabs=\"top-selling,trending-products,recent-added,top-rated\" top_selling_in_days=\"365\"][/top-products-group]</div>',1,NULL,'homepage',0,NULL,'published','2022-03-16 02:41:33','2022-03-16 02:41:33'),(18,'Faq','<div>[faqs][/faqs]</div>',1,NULL,'default',0,NULL,'published','2022-03-16 02:41:33','2022-03-16 02:41:33');
/*!40000 ALTER TABLE `pages` ENABLE KEYS */;
UNLOCK TABLES;

--
-- Table structure for table `pages_translations`
--

DROP TABLE IF EXISTS `pages_translations`;
/*!40101 SET @saved_cs_client     = @@character_set_client */;
/*!50503 SET character_set_client = utf8mb4 */;
CREATE TABLE `pages_translations` (
  `lang_code` varchar(191) CHARACTER SET utf8mb4 COLLATE utf8mb4_unicode_ci NOT NULL,
  `pages_id` int NOT NULL,
  `name` varchar(255) CHARACTER SET utf8mb4 COLLATE utf8mb4_unicode_ci DEFAULT NULL,
  `description` varchar(400) CHARACTER SET utf8mb4 COLLATE utf8mb4_unicode_ci DEFAULT NULL,
  `content` longtext CHARACTER SET utf8mb4 COLLATE utf8mb4_unicode_ci,
  PRIMARY KEY (`lang_code`,`pages_id`)
) ENGINE=InnoDB DEFAULT CHARSET=utf8mb4 COLLATE=utf8mb4_unicode_ci;
/*!40101 SET character_set_client = @saved_cs_client */;

--
-- Dumping data for table `pages_translations`
--

LOCK TABLES `pages_translations` WRITE;
/*!40000 ALTER TABLE `pages_translations` DISABLE KEYS */;
INSERT INTO `pages_translations` VALUES ('vi',1,'Trang chủ',NULL,'<div>[simple-slider key=\"home-slider-1\" show_newsletter_form=\"yes\"][/simple-slider]</div><div>[featured-product-categories title=\"Danh mục nổi bật\"][/featured-product-categories]</div><div>[theme-ads ads_1=\"IZ6WU8KUALYD\" ads_2=\"ILSFJVYFGCPZ\" ads_3=\"ILSDKVYFGXPH\"][/theme-ads]</div><div>[popular-products title=\"Sản phẩm phổ biến\" per_row=\"4\" limit=\"8\"][/popular-products]</div><div>[best-flash-sale title=\"Bán chạy nhất hàng ngày\" flash_sale_id=\"6\" ads=\"IZ6WU8KUALYG\"][/best-flash-sale]</div><div>[flash-sale flash_sale_1=\"2\" flash_sale_2=\"3\" flash_sale_3=\"4\" flash_sale_4=\"5\" title=\"Ưu đãi trong ngày\" flash_sale_popup_id=\"1\"][/flash-sale]</div><div>[top-products-group tabs=\"top-selling,trending-products,recent-added,top-rated\" top_selling_in_days=\"365\"][/top-products-group]</div>'),('vi',2,'Trang chủ 2',NULL,'<div>[simple-slider key=\"home-slider-2\" ads_1=\"IZ6WU8KUALYH\" show_newsletter_form=\"yes\" cover_image=\"sliders/banner-1.png\"][/simple-slider]</div><div>[theme-ads ads_1=\"IZ6WU8KUALYD\" ads_2=\"ILSFJVYFGCPZ\" ads_3=\"ILSDKVYFGXPH\"][/theme-ads]</div><div>[popular-products title=\"Sản phẩm phổ biến\" per_row=\"4\" limit=\"8\"][/popular-products]</div><div>[best-flash-sale title=\"Bán chạy nhất hàng ngày\" flash_sale_id=\"6\" ads=\"IZ6WU8KUALYG\"][/best-flash-sale]</div><div>[flash-sale flash_sale_1=\"2\" flash_sale_2=\"3\" flash_sale_3=\"4\" flash_sale_4=\"5\" title=\"Ưu đãi trong ngày\" flash_sale_popup_id=\"1\"][/flash-sale]</div><div>[top-products-group tabs=\"top-selling,trending-products,recent-added,top-rated\" top_selling_in_days=\"365\"][/top-products-group]</div><div>[product-categories title=\"Mua sắm theo danh mục\"][/product-categories]</div>'),('vi',3,'Trang chủ 3',NULL,'<div>[simple-slider key=\"home-slider-1\" show_newsletter_form=\"yes\"][/simple-slider]</div><div>[popular-products title=\"Sản phẩm phổ biến\" per_row=\"4\" limit=\"8\"][/popular-products]</div><div>[flash-sale flash_sale_1=\"2\" flash_sale_2=\"3\" flash_sale_3=\"4\" flash_sale_4=\"5\" title=\"Ưu đãi trong ngày\" flash_sale_popup_id=\"1\"][/flash-sale]</div><div>[theme-ads ads_1=\"IZ6WU8KUALYD\" ads_2=\"ILSFJVYFGCPZ\" ads_3=\"ILSDKVYFGXPH\"][/theme-ads]</div><div>[product-categories title=\"Mua sắm theo danh mục\"][/product-categories]</div><div>[top-products-group tabs=\"top-selling,trending-products,recent-added,top-rated\" top_selling_in_days=\"365\"][/top-products-group]</div>'),('vi',4,'Trang chủ 4',NULL,'<div>[simple-slider key=\"home-slider-4\" show_newsletter_form=\"yes\"][/simple-slider]</div><div>[popular-products title=\"Sản phẩm phổ biến\" per_row=\"4\" limit=\"8\"][/popular-products]</div><div>[flash-sale flash_sale_1=\"2\" flash_sale_2=\"3\" flash_sale_3=\"4\" flash_sale_4=\"5\" title=\"Ưu đãi trong ngày\" flash_sale_popup_id=\"1\"][/flash-sale]</div><div>[theme-ads ads_1=\"IZ6WU8KUALYD\" ads_2=\"ILSFJVYFGCPZ\" ads_3=\"ILSDKVYFGXPH\"][/theme-ads]</div><div>[product-categories title=\"Mua sắm theo danh mục\"][/product-categories]</div><div>[top-products-group tabs=\"top-selling,trending-products,recent-added,top-rated\" top_selling_in_days=\"365\"][/top-products-group]</div>'),('vi',5,'Tin tức',NULL,'<p>---</p>'),('vi',6,'Liên hệ',NULL,'<p>[google-map]502 New Street, Brighton VIC, Australia[/google-map]</p><p>[our-offices][/our-offices]</p><p>[contact-form][/contact-form]</p>'),('vi',7,'Về chúng tôi',NULL,'<p>Alice in a coaxing tone, and everybody else. \'Leave off that!\' screamed the Pigeon. \'I\'m NOT a serpent, I tell you!\' said Alice. \'I\'m a--I\'m a--\' \'Well! WHAT are you?\' said the youth, \'one would hardly suppose That your eye was as steady as ever; Yet you turned a back-somersault in at the picture.) \'Up, lazy thing!\' said Alice, \'and if it makes me grow large again, for this time it all seemed quite natural to Alice severely. \'What are tarts made of?\' Alice asked in a deep voice, \'What are they.</p><p>Queen ordering off her knowledge, as there was not an encouraging tone. Alice looked at Alice. \'I\'M not a VERY good opportunity for showing off her head!\' the Queen had ordered. They very soon came upon a low voice. \'Not at first, but, after watching it a little nervous about this; \'for it might appear to others that what you were INSIDE, you might knock, and I shall never get to the baby, it was YOUR table,\' said Alice; \'living at the jury-box, and saw that, in her brother\'s Latin Grammar, \'A.</p><p>Indeed, she had brought herself down to her full size by this time, and was coming back to the other side. The further off from England the nearer is to give the hedgehog had unrolled itself, and began smoking again. This time Alice waited a little, half expecting to see it trying in a long, low hall, which was immediately suppressed by the way, was the Rabbit asked. \'No, I didn\'t,\' said Alice: \'she\'s so extremely--\' Just then she walked down the chimney?--Nay, I shan\'t! YOU do it!--That I.</p><p>Mouse, getting up and down looking for them, and was just in time to begin again, it was written to nobody, which isn\'t usual, you know.\' \'I don\'t see how the game began. Alice gave a little while, however, she went on again: \'Twenty-four hours, I THINK; or is it directed to?\' said one of the mushroom, and her eyes anxiously fixed on it, (\'which certainly was not much like keeping so close to her to carry it further. So she swallowed one of the lefthand bit. * * * * * * * * * * * * * * * * * *.</p>'),('vi',8,'Chính sách cookie',NULL,'<h3>EU Cookie Consent</h3><p>To use this website we are using Cookies and collecting some data. To be compliant with the EU GDPR we give you to choose if you allow us to use certain Cookies and to collect some Data.</p><h4>Essential Data</h4><p>The Essential Data is needed to run the Site you are visiting technically. You can not deactivate them.</p><p>- Session Cookie: PHP uses a Cookie to identify user sessions. Without this Cookie the Website is not working.</p><p>- XSRF-Token Cookie: Laravel automatically generates a CSRF \"token\" for each active user session managed by the application. This token is used to verify that the authenticated user is the one actually making the requests to the application.</p>'),('vi',9,'Điều kiện và điều khoản',NULL,'<p>Digging for apples, indeed!\' said Alice, who felt ready to play croquet.\' The Frog-Footman repeated, in the way to change the subject,\' the March Hare,) \'--it was at the righthand bit again, and said, \'That\'s right, Five! Always lay the blame on others!\' \'YOU\'D better not do that again!\' which produced another dead silence. Alice was beginning to think that will be the right size, that it would make with the dream of Wonderland of long ago: and how she was in the distance. \'And yet what a.</p><p>Besides, SHE\'S she, and I\'m sure _I_ shan\'t be able! I shall never get to the heads of the mushroom, and crawled away in the middle, wondering how she would get up and repeat something now. Tell her to carry it further. So she went on eagerly: \'There is such a thing. After a while she remembered trying to find any. And yet you incessantly stand on your head-- Do you think, at your age, it is to France-- Then turn not pale, beloved snail, but come and join the dance. Would not, could not, would.</p><p>King said, with a little animal (she couldn\'t guess of what sort it was) scratching and scrambling about in the schoolroom, and though this was her turn or not. \'Oh, PLEASE mind what you\'re doing!\' cried Alice, quite forgetting in the sun. (IF you don\'t know where Dinn may be,\' said the Cat; and this was of very little use without my shoulders. Oh, how I wish you would seem to come out among the branches, and every now and then, \'we went to school in the air. \'--as far out to be a.</p><p>Alice, thinking it was impossible to say it out to sea!\" But the insolence of his Normans--\" How are you getting on?\' said Alice, always ready to make personal remarks,\' Alice said to Alice, and tried to say whether the blows hurt it or not. \'Oh, PLEASE mind what you\'re doing!\' cried Alice, with a melancholy tone. \'Nobody seems to be otherwise than what you mean,\' said Alice. \'Why not?\' said the Duchess, who seemed ready to make SOME change in my size; and as for the first verse,\' said the.</p>'),('vi',10,'Chính sách trả hàng',NULL,'<p>Alice, and sighing. \'It IS a Caucus-race?\' said Alice; \'living at the Caterpillar\'s making such a capital one for catching mice you can\'t be Mabel, for I know all the party went back to finish his story. CHAPTER IV. The Rabbit started violently, dropped the white kid gloves and the Queen\'s shrill cries to the Classics master, though. He was an old Crab took the cauldron of soup off the mushroom, and crawled away in the direction in which case it would be four thousand miles down, I think--\'.</p><p>Who would not stoop? Soup of the tail, and ending with the glass table as before, \'and things are \"much of a well--\' \'What did they live on?\' said the Queen, \'Really, my dear, and that is rather a hard word, I will just explain to you never even introduced to a lobster--\' (Alice began to cry again, for this time she had been (Before she had finished, her sister sat still just as well say,\' added the Dormouse, without considering at all a pity. I said \"What for?\"\' \'She boxed the Queen\'s voice.</p><p>Come on!\' So they began running about in the wood, \'is to grow larger again, and made another rush at Alice the moment she appeared; but she heard a little bottle on it, or at least one of them hit her in a coaxing tone, and everybody else. \'Leave off that!\' screamed the Gryphon. \'Well, I should understand that better,\' Alice said very humbly; \'I won\'t indeed!\' said Alice, a little startled by seeing the Cheshire Cat: now I shall see it trying in a low, trembling voice. \'There\'s more evidence.</p><p>Pigeon in a voice sometimes choked with sobs, to sing you a present of everything I\'ve said as yet.\' \'A cheap sort of knot, and then raised himself upon tiptoe, put his shoes off. \'Give your evidence,\' the King said, for about the reason of that?\' \'In my youth,\' said his father, \'I took to the voice of the trial.\' \'Stupid things!\' Alice thought to herself. \'Of the mushroom,\' said the King. \'I can\'t help it,\' said the King. \'Nothing whatever,\' said Alice. \'Exactly so,\' said Alice. \'Then you may.</p>'),('vi',11,'Chính sách vận chuyển',NULL,'<p>Hatter: \'it\'s very rude.\' The Hatter was out of a good opportunity for making her escape; so she felt sure it would be only rustling in the air. \'--as far out to the Queen. First came ten soldiers carrying clubs; these were all talking together: she made her feel very uneasy: to be rude, so she helped herself to some tea and bread-and-butter, and then turned to the table to measure herself by it, and yet it was done. They had not the smallest notice of them were animals, and some of them.</p><p>Dormouse crossed the court, \'Bring me the truth: did you manage to do next, when suddenly a White Rabbit put on your shoes and stockings for you now, dears? I\'m sure I have dropped them, I wonder?\' As she said to itself in a languid, sleepy voice. \'Who are YOU?\' Which brought them back again to the heads of the miserable Mock Turtle. \'Certainly not!\' said Alice to herself, and nibbled a little girl or a watch to take MORE than nothing.\' \'Nobody asked YOUR opinion,\' said Alice. \'You are,\' said.</p><p>Shark, But, when the race was over. Alice was not here before,\' said the Gryphon, \'that they WOULD go with the game,\' the Queen jumped up and saying, \'Thank you, sir, for your interesting story,\' but she saw in my time, but never ONE with such a dear little puppy it was!\' said Alice, looking down with her face brightened up again.) \'Please your Majesty,\' he began. \'You\'re a very poor speaker,\' said the King: \'leave out that it led into a large piece out of its mouth, and addressed her in such.</p><p>The Mock Turtle\'s heavy sobs. Lastly, she pictured to herself \'Now I can remember feeling a little ledge of rock, and, as they were IN the well,\' Alice said very politely, \'if I had to sing \"Twinkle, twinkle, little bat! How I wonder what you\'re talking about,\' said Alice. \'I mean what I say,\' the Mock Turtle went on, spreading out the verses to himself: \'\"WE KNOW IT TO BE TRUE--\" that\'s the jury-box,\' thought Alice, \'it\'ll never do to come before that!\' \'Call the first position in dancing.\'.</p>'),('vi',12,'Chính sách bảo mật',NULL,'<p>The Hatter opened his eyes. \'I wasn\'t asleep,\' he said to the law, And argued each case with MINE,\' said the Hatter, and here the conversation a little. \'\'Tis so,\' said Alice. \'Then you shouldn\'t talk,\' said the Mock Turtle to the jury, of course--\"I GAVE HER ONE, THEY GAVE HIM TWO--\" why, that must be getting home; the night-air doesn\'t suit my throat!\' and a crash of broken glass. \'What a curious croquet-ground in her hand, and Alice was a body to cut it off from: that he had to pinch it to.</p><p>Pigeon went on, \'What HAVE you been doing here?\' \'May it please your Majesty,\' the Hatter began, in a natural way again. \'I wonder if I might venture to go on with the Lory, with a sigh: \'he taught Laughing and Grief, they used to say.\' \'So he did, so he did,\' said the Gryphon, before Alice could see her after the rest waited in silence. At last the Mouse, turning to the jury, who instantly made a dreadfully ugly child: but it just at present--at least I mean what I should have liked teaching.</p><p>And it\'ll fetch things when you come to the jury. They were just beginning to end,\' said the Dormouse; \'--well in.\' This answer so confused poor Alice, \'it would be only rustling in the night? Let me see: four times five is twelve, and four times seven is--oh dear! I shall ever see you any more!\' And here poor Alice began in a tone of great dismay, and began picking them up again with a smile. There was no more of it at all. \'But perhaps it was only the pepper that had fluttered down from the.</p><p>I\'d only been the right size to do this, so that altogether, for the rest of the officers: but the tops of the officers: but the Mouse heard this, it turned a back-somersault in at the thought that it might injure the brain; But, now that I\'m perfectly sure I can\'t put it right; \'not that it was all finished, the Owl, as a last resource, she put them into a line along the course, here and there. There was not otherwise than what you had been broken to pieces. \'Please, then,\' said Alice, as she.</p>'),('vi',13,'Blog danh sách',NULL,'<p>[blog-posts paginate=\"12\"][/blog-posts]</p>'),('vi',14,'Blog Lớn',NULL,'<p>[blog-posts paginate=\"12\"][/blog-posts]</p>'),('vi',15,'Blog Rộng',NULL,'<p>[blog-posts paginate=\"12\"][/blog-posts]</p>'),('vi',16,'Trang chủ 5',NULL,'<div>[simple-slider key=\"home-slider-5\" ads_1=\"IZ6WU8KUALYJ\" ads_2=\"IZ6WU8KUALYK\" show_newsletter_form=\"yes\"][/simple-slider]</div><div>[featured-product-categories title=\"Danh mục nổi bật\"][/featured-product-categories]</div><div>[theme-ads ads_1=\"IZ6WU8KUALYD\" ads_2=\"ILSFJVYFGCPZ\" ads_3=\"ILSDKVYFGXPH\"][/theme-ads]</div><div>[popular-products title=\"Sản phẩm phổ biến\" per_row=\"4\" limit=\"8\"][/popular-products]</div><div>[theme-ads ads_1=\"IZ6WU8KUALYL\" ads_2=\"IZ6WU8KUALYM\" ads_3=\"IZ6WU8KUALYN\" ads_4=\"IZ6WU8KUALYO\" style=\"style-5\"][/theme-ads]</div><div>[best-flash-sale title=\"Bán chạy nhất hàng ngày\" flash_sale_id=\"6\" ads=\"IZ6WU8KUALYG\"][/best-flash-sale]</div><div>[flash-sale flash_sale_1=\"2\" flash_sale_2=\"3\" flash_sale_3=\"4\" flash_sale_4=\"5\" title=\"Ưu đãi trong ngày\" flash_sale_popup_id=\"1\"][/flash-sale]</div><div>[top-products-group tabs=\"top-selling,trending-products,recent-added,top-rated\" top_selling_in_days=\"365\"][/top-products-group]</div>'),('vi',17,'Trang chủ 6',NULL,'<div>[big-banner cover_image=\"general/home-6.jpeg\" show_newsletter_form=\"yes\" number_display_featured_categories=\"4\" title=\"Bạn đang tìm kiếm sản phẩm?\"][/big-banner]</div><div>[trending-products title=\"Các mặt hàng thịnh hành\" limit=\"20\"][/trending-products]</div><div>[flash-sale flash_sale_1=\"2\" flash_sale_2=\"3\" flash_sale_3=\"4\" flash_sale_4=\"5\" title=\"Ưu đãi trong ngày\" flash_sale_popup_id=\"1\"][/flash-sale]</div><div>[top-products-group tabs=\"top-selling,trending-products,recent-added,top-rated\" top_selling_in_days=\"365\"][/top-products-group]</div>'),('vi',18,'Câu hỏi thường gặp',NULL,'<div>[faqs][/faqs]</div>');
/*!40000 ALTER TABLE `pages_translations` ENABLE KEYS */;
UNLOCK TABLES;

--
-- Table structure for table `password_resets`
--

DROP TABLE IF EXISTS `password_resets`;
/*!40101 SET @saved_cs_client     = @@character_set_client */;
/*!50503 SET character_set_client = utf8mb4 */;
CREATE TABLE `password_resets` (
  `email` varchar(191) CHARACTER SET utf8mb4 COLLATE utf8mb4_unicode_ci NOT NULL,
  `token` varchar(191) CHARACTER SET utf8mb4 COLLATE utf8mb4_unicode_ci NOT NULL,
  `created_at` timestamp NULL DEFAULT NULL,
  KEY `password_resets_email_index` (`email`)
) ENGINE=InnoDB DEFAULT CHARSET=utf8mb4 COLLATE=utf8mb4_unicode_ci;
/*!40101 SET character_set_client = @saved_cs_client */;

--
-- Dumping data for table `password_resets`
--

LOCK TABLES `password_resets` WRITE;
/*!40000 ALTER TABLE `password_resets` DISABLE KEYS */;
/*!40000 ALTER TABLE `password_resets` ENABLE KEYS */;
UNLOCK TABLES;

--
-- Table structure for table `payments`
--

DROP TABLE IF EXISTS `payments`;
/*!40101 SET @saved_cs_client     = @@character_set_client */;
/*!50503 SET character_set_client = utf8mb4 */;
CREATE TABLE `payments` (
  `id` bigint unsigned NOT NULL AUTO_INCREMENT,
  `currency` varchar(120) CHARACTER SET utf8mb4 COLLATE utf8mb4_unicode_ci DEFAULT NULL,
  `user_id` int unsigned NOT NULL DEFAULT '0',
  `charge_id` varchar(60) CHARACTER SET utf8mb4 COLLATE utf8mb4_unicode_ci DEFAULT NULL,
  `payment_channel` varchar(60) CHARACTER SET utf8mb4 COLLATE utf8mb4_unicode_ci DEFAULT NULL,
  `description` varchar(255) CHARACTER SET utf8mb4 COLLATE utf8mb4_unicode_ci DEFAULT NULL,
  `amount` decimal(15,2) unsigned NOT NULL,
  `order_id` int unsigned DEFAULT NULL,
  `status` varchar(60) CHARACTER SET utf8mb4 COLLATE utf8mb4_unicode_ci DEFAULT 'pending',
  `payment_type` varchar(191) CHARACTER SET utf8mb4 COLLATE utf8mb4_unicode_ci DEFAULT 'confirm',
  `customer_id` int unsigned DEFAULT NULL,
  `refunded_amount` decimal(15,2) unsigned DEFAULT NULL,
  `refund_note` varchar(255) CHARACTER SET utf8mb4 COLLATE utf8mb4_unicode_ci DEFAULT NULL,
  `created_at` timestamp NULL DEFAULT NULL,
  `updated_at` timestamp NULL DEFAULT NULL,
  `customer_type` varchar(255) CHARACTER SET utf8mb4 COLLATE utf8mb4_unicode_ci DEFAULT NULL,
  `metadata` mediumtext CHARACTER SET utf8mb4 COLLATE utf8mb4_unicode_ci,
  PRIMARY KEY (`id`)
) ENGINE=InnoDB AUTO_INCREMENT=51 DEFAULT CHARSET=utf8mb4 COLLATE=utf8mb4_unicode_ci;
/*!40101 SET character_set_client = @saved_cs_client */;

--
-- Dumping data for table `payments`
--

LOCK TABLES `payments` WRITE;
/*!40000 ALTER TABLE `payments` DISABLE KEYS */;
INSERT INTO `payments` VALUES (1,'USD',0,'NMNAMTEZD3','razorpay',NULL,1798.00,1,'completed','confirm',7,NULL,NULL,'2022-04-20 20:19:54','2022-04-20 20:19:54','Botble\\Ecommerce\\Models\\Customer',NULL),(2,'USD',0,'CENRI9P6MR','sslcommerz',NULL,59.40,2,'completed','confirm',7,NULL,NULL,'2022-04-20 20:19:54','2022-04-20 20:19:54','Botble\\Ecommerce\\Models\\Customer',NULL),(3,'USD',0,'0SGQRCPRWZ','bank_transfer',NULL,126.50,3,'pending','confirm',7,NULL,NULL,'2022-04-20 20:19:54','2022-04-20 20:19:54','Botble\\Ecommerce\\Models\\Customer',NULL),(4,'USD',0,'K6ACMS2WJE','paystack',NULL,172.80,4,'completed','confirm',4,NULL,NULL,'2022-04-20 20:19:54','2022-04-20 20:19:54','Botble\\Ecommerce\\Models\\Customer',NULL),(5,'USD',0,'NOLODPPY8C','paystack',NULL,381.30,5,'completed','confirm',4,NULL,NULL,'2022-04-20 20:19:54','2022-04-20 20:19:54','Botble\\Ecommerce\\Models\\Customer',NULL),(6,'USD',0,'67XI1J9IQN','paystack',NULL,237.30,6,'completed','confirm',4,NULL,NULL,'2022-04-20 20:19:54','2022-04-20 20:19:54','Botble\\Ecommerce\\Models\\Customer',NULL),(7,'USD',0,'9EP39MQGTQ','stripe',NULL,365.80,7,'completed','confirm',3,NULL,NULL,'2022-04-20 20:19:54','2022-04-20 20:19:54','Botble\\Ecommerce\\Models\\Customer',NULL),(8,'USD',0,'28XXEYYXX0','paystack',NULL,262.50,8,'completed','confirm',3,NULL,NULL,'2022-04-20 20:19:54','2022-04-20 20:19:54','Botble\\Ecommerce\\Models\\Customer',NULL),(9,'USD',0,'2JQBUTPVQF','paystack',NULL,262.50,9,'completed','confirm',3,NULL,NULL,'2022-04-20 20:19:54','2022-04-20 20:19:54','Botble\\Ecommerce\\Models\\Customer',NULL),(10,'USD',0,'V4RBAJIPPL','bank_transfer',NULL,619.00,10,'pending','confirm',7,NULL,NULL,'2022-04-20 20:19:54','2022-04-20 20:19:54','Botble\\Ecommerce\\Models\\Customer',NULL),(11,'USD',0,'W1AFK8GNFK','paypal',NULL,137.50,11,'completed','confirm',7,NULL,NULL,'2022-04-20 20:19:54','2022-04-20 20:19:54','Botble\\Ecommerce\\Models\\Customer',NULL),(12,'USD',0,'GXJ60BYALQ','cod',NULL,1429.10,12,'pending','confirm',8,NULL,NULL,'2022-04-20 20:19:54','2022-04-20 20:19:54','Botble\\Ecommerce\\Models\\Customer',NULL),(13,'USD',0,'RZSOQQRVOX','sslcommerz',NULL,583.80,13,'completed','confirm',8,NULL,NULL,'2022-04-20 20:19:54','2022-04-20 20:19:54','Botble\\Ecommerce\\Models\\Customer',NULL),(14,'USD',0,'OWH3L6HQXQ','stripe',NULL,685.70,14,'completed','confirm',8,NULL,NULL,'2022-04-20 20:19:54','2022-04-20 20:19:54','Botble\\Ecommerce\\Models\\Customer',NULL),(15,'USD',0,'XBXNVUDEY6','bank_transfer',NULL,583.80,15,'pending','confirm',4,NULL,NULL,'2022-04-20 20:19:54','2022-04-20 20:19:54','Botble\\Ecommerce\\Models\\Customer',NULL),(16,'USD',0,'F2CWIKSXVY','mollie',NULL,372.00,16,'completed','confirm',4,NULL,NULL,'2022-04-20 20:19:54','2022-04-20 20:19:54','Botble\\Ecommerce\\Models\\Customer',NULL),(17,'USD',0,'0PKJWVAFZL','sslcommerz',NULL,356.50,17,'completed','confirm',4,NULL,NULL,'2022-04-20 20:19:54','2022-04-20 20:19:54','Botble\\Ecommerce\\Models\\Customer',NULL),(18,'USD',0,'TNJ9E31PS9','cod',NULL,368.90,18,'pending','confirm',3,NULL,NULL,'2022-04-20 20:19:54','2022-04-20 20:19:54','Botble\\Ecommerce\\Models\\Customer',NULL),(19,'USD',0,'KVJQN2GAOF','razorpay',NULL,341.00,19,'completed','confirm',3,NULL,NULL,'2022-04-20 20:19:54','2022-04-20 20:19:54','Botble\\Ecommerce\\Models\\Customer',NULL),(20,'USD',0,'BBMSU6EUVS','paypal',NULL,273.00,20,'completed','confirm',3,NULL,NULL,'2022-04-20 20:19:54','2022-04-20 20:19:54','Botble\\Ecommerce\\Models\\Customer',NULL),(21,'USD',0,'ADXKDRR7A7','stripe',NULL,520.60,21,'completed','confirm',1,NULL,NULL,'2022-04-20 20:19:54','2022-04-20 20:19:54','Botble\\Ecommerce\\Models\\Customer',NULL),(22,'USD',0,'TCKQLCYXY0','sslcommerz',NULL,262.50,22,'completed','confirm',1,NULL,NULL,'2022-04-20 20:19:54','2022-04-20 20:19:54','Botble\\Ecommerce\\Models\\Customer',NULL),(23,'USD',0,'QTGQK8UWK9','stripe',NULL,356.50,23,'completed','confirm',1,NULL,NULL,'2022-04-20 20:19:54','2022-04-20 20:19:54','Botble\\Ecommerce\\Models\\Customer',NULL),(24,'USD',0,'UJGD8ILNJD','cod',NULL,137.50,24,'pending','confirm',4,NULL,NULL,'2022-04-20 20:19:54','2022-04-20 20:19:54','Botble\\Ecommerce\\Models\\Customer',NULL),(25,'USD',0,'SK4C1U3B8D','paypal',NULL,140.80,25,'completed','confirm',4,NULL,NULL,'2022-04-20 20:19:54','2022-04-20 20:19:54','Botble\\Ecommerce\\Models\\Customer',NULL),(26,'USD',0,'IYWUPHK5QB','razorpay',NULL,79.20,26,'completed','confirm',8,NULL,NULL,'2022-04-20 20:19:54','2022-04-20 20:19:54','Botble\\Ecommerce\\Models\\Customer',NULL),(27,'USD',0,'2CN1FTCQCN','paypal',NULL,247.80,27,'completed','confirm',8,NULL,NULL,'2022-04-20 20:19:54','2022-04-20 20:19:54','Botble\\Ecommerce\\Models\\Customer',NULL),(28,'USD',0,'UEK69GVFZV','paypal',NULL,126.50,28,'completed','confirm',8,NULL,NULL,'2022-04-20 20:19:54','2022-04-20 20:19:54','Botble\\Ecommerce\\Models\\Customer',NULL),(29,'USD',0,'ZEPDEMVORO','mollie',NULL,130.90,29,'completed','confirm',7,NULL,NULL,'2022-04-20 20:19:55','2022-04-20 20:19:55','Botble\\Ecommerce\\Models\\Customer',NULL),(30,'USD',0,'ULSM6COLO3','cod',NULL,356.50,30,'pending','confirm',7,NULL,NULL,'2022-04-20 20:19:55','2022-04-20 20:19:55','Botble\\Ecommerce\\Models\\Customer',NULL),(31,'USD',0,'S7XI3FWKEB','paystack',NULL,1305.10,31,'completed','confirm',4,NULL,NULL,'2022-04-20 20:19:55','2022-04-20 20:19:55','Botble\\Ecommerce\\Models\\Customer',NULL),(32,'USD',0,'DAZ3S6EX9B','paypal',NULL,223.20,32,'completed','confirm',4,NULL,NULL,'2022-04-20 20:19:55','2022-04-20 20:19:55','Botble\\Ecommerce\\Models\\Customer',NULL),(33,'USD',0,'DTVEPH3FO4','cod',NULL,356.50,33,'pending','confirm',4,NULL,NULL,'2022-04-20 20:19:55','2022-04-20 20:19:55','Botble\\Ecommerce\\Models\\Customer',NULL),(34,'USD',0,'ENJHWYR7HP','mollie',NULL,1306.90,34,'completed','confirm',3,NULL,NULL,'2022-04-20 20:19:55','2022-04-20 20:19:55','Botble\\Ecommerce\\Models\\Customer',NULL),(35,'USD',0,'2G7PGBLXU3','cod',NULL,262.50,35,'pending','confirm',3,NULL,NULL,'2022-04-20 20:19:56','2022-04-20 20:19:56','Botble\\Ecommerce\\Models\\Customer',NULL),(36,'USD',0,'KYYISSZZJ5','paystack',NULL,151.20,36,'completed','confirm',7,NULL,NULL,'2022-04-20 20:19:56','2022-04-20 20:19:56','Botble\\Ecommerce\\Models\\Customer',NULL),(37,'USD',0,'LHVDYEBFAX','razorpay',NULL,465.30,37,'completed','confirm',7,NULL,NULL,'2022-04-20 20:19:56','2022-04-20 20:19:56','Botble\\Ecommerce\\Models\\Customer',NULL),(38,'USD',0,'HNDS3FAID9','stripe',NULL,130.90,38,'completed','confirm',7,NULL,NULL,'2022-04-20 20:19:56','2022-04-20 20:19:56','Botble\\Ecommerce\\Models\\Customer',NULL),(39,'USD',0,'TBDRKDGHGP','mollie',NULL,691.30,39,'completed','confirm',8,NULL,NULL,'2022-04-20 20:19:56','2022-04-20 20:19:56','Botble\\Ecommerce\\Models\\Customer',NULL),(40,'USD',0,'1Y2KEIK6Y2','cod',NULL,262.50,40,'pending','confirm',8,NULL,NULL,'2022-04-20 20:19:56','2022-04-20 20:19:56','Botble\\Ecommerce\\Models\\Customer',NULL),(41,'USD',0,'QOPKHD8EBJ','bank_transfer',NULL,241.50,41,'pending','confirm',8,NULL,NULL,'2022-04-20 20:19:56','2022-04-20 20:19:56','Botble\\Ecommerce\\Models\\Customer',NULL),(42,'USD',0,'JKO7FRNGWY','razorpay',NULL,223.20,42,'completed','confirm',7,NULL,NULL,'2022-04-20 20:19:56','2022-04-20 20:19:56','Botble\\Ecommerce\\Models\\Customer',NULL),(43,'USD',0,'B3IKE5QCEB','cod',NULL,365.80,43,'pending','confirm',7,NULL,NULL,'2022-04-20 20:19:56','2022-04-20 20:19:56','Botble\\Ecommerce\\Models\\Customer',NULL),(44,'USD',0,'PTLLJ8PDD7','paypal',NULL,223.20,44,'completed','confirm',8,NULL,NULL,'2022-04-20 20:19:56','2022-04-20 20:19:56','Botble\\Ecommerce\\Models\\Customer',NULL),(45,'USD',0,'5GMCG5SFQW','mollie',NULL,132.00,45,'completed','confirm',8,NULL,NULL,'2022-04-20 20:19:56','2022-04-20 20:19:56','Botble\\Ecommerce\\Models\\Customer',NULL),(46,'USD',0,'HS1SNXSVLN','cod',NULL,130.90,46,'pending','confirm',8,NULL,NULL,'2022-04-20 20:19:56','2022-04-20 20:19:56','Botble\\Ecommerce\\Models\\Customer',NULL),(47,'USD',0,'JAXBSZGCCU','paypal',NULL,223.20,47,'completed','confirm',1,NULL,NULL,'2022-04-20 20:19:56','2022-04-20 20:19:56','Botble\\Ecommerce\\Models\\Customer',NULL),(48,'USD',0,'UWHVCFGDQG','paypal',NULL,676.90,48,'completed','confirm',1,NULL,NULL,'2022-04-20 20:19:56','2022-04-20 20:19:56','Botble\\Ecommerce\\Models\\Customer',NULL),(49,'USD',0,'RX6VJBO5LS','paystack',NULL,245.30,49,'completed','confirm',4,NULL,NULL,'2022-04-20 20:19:56','2022-04-20 20:19:56','Botble\\Ecommerce\\Models\\Customer',NULL),(50,'USD',0,'WXSCZJGYPD','mollie',NULL,962.80,50,'completed','confirm',3,NULL,NULL,'2022-04-20 20:19:56','2022-04-20 20:19:56','Botble\\Ecommerce\\Models\\Customer',NULL);
/*!40000 ALTER TABLE `payments` ENABLE KEYS */;
UNLOCK TABLES;

--
-- Table structure for table `post_categories`
--

DROP TABLE IF EXISTS `post_categories`;
/*!40101 SET @saved_cs_client     = @@character_set_client */;
/*!50503 SET character_set_client = utf8mb4 */;
CREATE TABLE `post_categories` (
  `id` bigint unsigned NOT NULL AUTO_INCREMENT,
  `category_id` int unsigned NOT NULL,
  `post_id` int unsigned NOT NULL,
  PRIMARY KEY (`id`)
) ENGINE=InnoDB AUTO_INCREMENT=23 DEFAULT CHARSET=utf8mb4 COLLATE=utf8mb4_unicode_ci;
/*!40101 SET character_set_client = @saved_cs_client */;

--
-- Dumping data for table `post_categories`
--

LOCK TABLES `post_categories` WRITE;
/*!40000 ALTER TABLE `post_categories` DISABLE KEYS */;
INSERT INTO `post_categories` VALUES (1,2,1),(2,4,1),(3,2,2),(4,3,2),(5,2,3),(6,3,3),(7,1,4),(8,4,4),(9,2,5),(10,3,5),(11,2,6),(12,3,6),(13,1,7),(14,4,7),(15,2,8),(16,4,8),(17,2,9),(18,4,9),(19,1,10),(20,4,10),(21,1,11),(22,3,11);
/*!40000 ALTER TABLE `post_categories` ENABLE KEYS */;
UNLOCK TABLES;

--
-- Table structure for table `post_tags`
--

DROP TABLE IF EXISTS `post_tags`;
/*!40101 SET @saved_cs_client     = @@character_set_client */;
/*!50503 SET character_set_client = utf8mb4 */;
CREATE TABLE `post_tags` (
  `id` bigint unsigned NOT NULL AUTO_INCREMENT,
  `tag_id` int unsigned NOT NULL,
  `post_id` int unsigned NOT NULL,
  PRIMARY KEY (`id`)
) ENGINE=InnoDB AUTO_INCREMENT=56 DEFAULT CHARSET=utf8mb4 COLLATE=utf8mb4_unicode_ci;
/*!40101 SET character_set_client = @saved_cs_client */;

--
-- Dumping data for table `post_tags`
--

LOCK TABLES `post_tags` WRITE;
/*!40000 ALTER TABLE `post_tags` DISABLE KEYS */;
INSERT INTO `post_tags` VALUES (1,1,1),(2,2,1),(3,3,1),(4,4,1),(5,5,1),(6,1,2),(7,2,2),(8,3,2),(9,4,2),(10,5,2),(11,1,3),(12,2,3),(13,3,3),(14,4,3),(15,5,3),(16,1,4),(17,2,4),(18,3,4),(19,4,4),(20,5,4),(21,1,5),(22,2,5),(23,3,5),(24,4,5),(25,5,5),(26,1,6),(27,2,6),(28,3,6),(29,4,6),(30,5,6),(31,1,7),(32,2,7),(33,3,7),(34,4,7),(35,5,7),(36,1,8),(37,2,8),(38,3,8),(39,4,8),(40,5,8),(41,1,9),(42,2,9),(43,3,9),(44,4,9),(45,5,9),(46,1,10),(47,2,10),(48,3,10),(49,4,10),(50,5,10),(51,1,11),(52,2,11),(53,3,11),(54,4,11),(55,5,11);
/*!40000 ALTER TABLE `post_tags` ENABLE KEYS */;
UNLOCK TABLES;

--
-- Table structure for table `posts`
--

DROP TABLE IF EXISTS `posts`;
/*!40101 SET @saved_cs_client     = @@character_set_client */;
/*!50503 SET character_set_client = utf8mb4 */;
CREATE TABLE `posts` (
  `id` bigint unsigned NOT NULL AUTO_INCREMENT,
  `name` varchar(255) CHARACTER SET utf8mb4 COLLATE utf8mb4_unicode_ci NOT NULL,
  `description` varchar(400) CHARACTER SET utf8mb4 COLLATE utf8mb4_unicode_ci DEFAULT NULL,
  `content` longtext CHARACTER SET utf8mb4 COLLATE utf8mb4_unicode_ci,
  `status` varchar(60) CHARACTER SET utf8mb4 COLLATE utf8mb4_unicode_ci NOT NULL DEFAULT 'published',
  `author_id` int NOT NULL,
  `author_type` varchar(255) CHARACTER SET utf8mb4 COLLATE utf8mb4_unicode_ci NOT NULL DEFAULT 'Botble\\ACL\\Models\\User',
  `is_featured` tinyint unsigned NOT NULL DEFAULT '0',
  `image` varchar(255) CHARACTER SET utf8mb4 COLLATE utf8mb4_unicode_ci DEFAULT NULL,
  `views` int unsigned NOT NULL DEFAULT '0',
  `format_type` varchar(30) CHARACTER SET utf8mb4 COLLATE utf8mb4_unicode_ci DEFAULT NULL,
  `created_at` timestamp NULL DEFAULT NULL,
  `updated_at` timestamp NULL DEFAULT NULL,
  PRIMARY KEY (`id`),
  KEY `posts_status_author_id_author_type_created_at_index` (`status`,`author_id`,`author_type`,`created_at`)
) ENGINE=InnoDB AUTO_INCREMENT=12 DEFAULT CHARSET=utf8mb4 COLLATE=utf8mb4_unicode_ci;
/*!40101 SET character_set_client = @saved_cs_client */;

--
-- Dumping data for table `posts`
--

LOCK TABLES `posts` WRITE;
/*!40000 ALTER TABLE `posts` DISABLE KEYS */;
INSERT INTO `posts` VALUES (1,'4 Expert Tips On How To Choose The Right Men’s Wallet','You should pay more attention when you choose your wallets. There are a lot of them on the market with the different designs and styles. When you choose carefully, you would be able to buy a wallet that is catered to your needs. Not to mention that it will help to enhance your style significantly.','<p>I have seen many people underestimating the power of their wallets. To them, they are just a functional item they use to carry. As a result, they often end up with the wallets which are not really suitable for them.</p>\n\n<p>You should pay more attention when you choose your wallets. There are a lot of them on the market with the different designs and styles. When you choose carefully, you would be able to buy a wallet that is catered to your needs. Not to mention that it will help to enhance your style significantly.</p>\n\n<p style=\"text-align:center\"><img alt=\"f4\" src=\"/storage/news/1.png\" /></p>\n\n<p><br />\n&nbsp;</p>\n\n\n\n<p><strong><em>For all of the reason above, here are 7 expert tips to help you pick up the right men&rsquo;s wallet for you:</em></strong></p>\n\n<h4><strong>Number 1: Choose A Neat Wallet</strong></h4>\n\n<p>The wallet is an essential accessory that you should go simple. Simplicity is the best in this case. A simple and neat wallet with the plain color and even&nbsp;<strong>minimalist style</strong>&nbsp;is versatile. It can be used for both formal and casual events. In addition, that wallet will go well with most of the clothes in your wardrobe.</p>\n\n<p>Keep in mind that a wallet will tell other people about your personality and your fashion sense as much as other clothes you put on. Hence, don&rsquo;t go cheesy on your wallet or else people will think that you have a funny and particular style.</p>\n\n<p style=\"text-align:center\"><img alt=\"f5\" src=\"/storage/news/2.png\" /></p>\n\n<p><br />\n&nbsp;</p>\n<hr />\n<h4><strong>Number 2: Choose The Right Size For Your Wallet</strong></h4>\n\n<p>You should avoid having an over-sized wallet. Don&rsquo;t think that you need to buy a big wallet because you have a lot to carry with you. In addition, a fat wallet is very ugly. It will make it harder for you to slide the wallet into your trousers&rsquo; pocket. In addition, it will create a bulge and ruin your look.</p>\n\n<p>Before you go on to buy a new wallet, clean out your wallet and place all of the items from your wallet on a table. Throw away things that you would never need any more such as the old bills or the expired gift cards. Remember to check your wallet on a frequent basis to get rid of all of the old stuff that you don&rsquo;t need anymore.</p>\n\n<p style=\"text-align:center\"><img alt=\"f1\" src=\"/storage/news/3.png\" /></p>\n\n<p><br />\n&nbsp;</p>\n\n<hr />\n<h4><strong>Number 3: Don&rsquo;t Limit Your Options Of Materials</strong></h4>\n\n<p>The types and designs of wallets are not the only things that you should consider when you go out searching for your best wallet. You have more than 1 option of material rather than leather to choose from as well.</p>\n\n<p>You can experiment with other available options such as cotton, polyester and canvas. They all have their own pros and cons. As a result, they will be suitable for different needs and requirements. You should think about them all in order to choose the material which you would like the most.</p>\n\n<p style=\"text-align:center\"><img alt=\"f6\" height=\"375\" src=\"/storage/news/4.png\" /></p>\n\n<p><br />\n&nbsp;</p>\n\n<hr />\n<h4><strong>Number 4: Consider A Wallet As A Long Term Investment</strong></h4>\n\n<p>Your wallet is indeed an investment that you should consider spending a decent amount of time and effort on it. Another factor that you need to consider is how much you want to spend on your wallet. The price ranges of wallets on the market vary a great deal. You can find a wallet which is as cheap as about 5 to 7 dollars. On the other hand, you should expect to pay around 250 to 300 dollars for a high-quality wallet.</p>\n\n<p>In case you need a wallet to use for a long time, it is a good idea that you should invest a decent amount of money on a wallet. A high quality wallet from a reputational brand with the premium quality such as cowhide leather will last for a long time. In addition, it is an accessory to show off your fashion sense and your social status.</p>\n\n<p style=\"text-align:center\"><img alt=\"f2\" height=\"400\" src=\"/storage/news/5.png\" /></p>\n\n<p>&nbsp;</p>\n','published',1,'Botble\\ACL\\Models\\User',1,'news/1.png',822,NULL,'2022-03-16 02:41:33','2022-03-16 02:41:33'),(2,'Sexy Clutches: How to Buy & Wear a Designer Clutch Bag','You should pay more attention when you choose your wallets. There are a lot of them on the market with the different designs and styles. When you choose carefully, you would be able to buy a wallet that is catered to your needs. Not to mention that it will help to enhance your style significantly.','<p>I have seen many people underestimating the power of their wallets. To them, they are just a functional item they use to carry. As a result, they often end up with the wallets which are not really suitable for them.</p>\n\n<p>You should pay more attention when you choose your wallets. There are a lot of them on the market with the different designs and styles. When you choose carefully, you would be able to buy a wallet that is catered to your needs. Not to mention that it will help to enhance your style significantly.</p>\n\n<p style=\"text-align:center\"><img alt=\"f4\" src=\"/storage/news/1.png\" /></p>\n\n<p><br />\n&nbsp;</p>\n\n\n\n<p><strong><em>For all of the reason above, here are 7 expert tips to help you pick up the right men&rsquo;s wallet for you:</em></strong></p>\n\n<h4><strong>Number 1: Choose A Neat Wallet</strong></h4>\n\n<p>The wallet is an essential accessory that you should go simple. Simplicity is the best in this case. A simple and neat wallet with the plain color and even&nbsp;<strong>minimalist style</strong>&nbsp;is versatile. It can be used for both formal and casual events. In addition, that wallet will go well with most of the clothes in your wardrobe.</p>\n\n<p>Keep in mind that a wallet will tell other people about your personality and your fashion sense as much as other clothes you put on. Hence, don&rsquo;t go cheesy on your wallet or else people will think that you have a funny and particular style.</p>\n\n<p style=\"text-align:center\"><img alt=\"f5\" src=\"/storage/news/2.png\" /></p>\n\n<p><br />\n&nbsp;</p>\n<hr />\n<h4><strong>Number 2: Choose The Right Size For Your Wallet</strong></h4>\n\n<p>You should avoid having an over-sized wallet. Don&rsquo;t think that you need to buy a big wallet because you have a lot to carry with you. In addition, a fat wallet is very ugly. It will make it harder for you to slide the wallet into your trousers&rsquo; pocket. In addition, it will create a bulge and ruin your look.</p>\n\n<p>Before you go on to buy a new wallet, clean out your wallet and place all of the items from your wallet on a table. Throw away things that you would never need any more such as the old bills or the expired gift cards. Remember to check your wallet on a frequent basis to get rid of all of the old stuff that you don&rsquo;t need anymore.</p>\n\n<p style=\"text-align:center\"><img alt=\"f1\" src=\"/storage/news/3.png\" /></p>\n\n<p><br />\n&nbsp;</p>\n\n<hr />\n<h4><strong>Number 3: Don&rsquo;t Limit Your Options Of Materials</strong></h4>\n\n<p>The types and designs of wallets are not the only things that you should consider when you go out searching for your best wallet. You have more than 1 option of material rather than leather to choose from as well.</p>\n\n<p>You can experiment with other available options such as cotton, polyester and canvas. They all have their own pros and cons. As a result, they will be suitable for different needs and requirements. You should think about them all in order to choose the material which you would like the most.</p>\n\n<p style=\"text-align:center\"><img alt=\"f6\" height=\"375\" src=\"/storage/news/4.png\" /></p>\n\n<p><br />\n&nbsp;</p>\n\n<hr />\n<h4><strong>Number 4: Consider A Wallet As A Long Term Investment</strong></h4>\n\n<p>Your wallet is indeed an investment that you should consider spending a decent amount of time and effort on it. Another factor that you need to consider is how much you want to spend on your wallet. The price ranges of wallets on the market vary a great deal. You can find a wallet which is as cheap as about 5 to 7 dollars. On the other hand, you should expect to pay around 250 to 300 dollars for a high-quality wallet.</p>\n\n<p>In case you need a wallet to use for a long time, it is a good idea that you should invest a decent amount of money on a wallet. A high quality wallet from a reputational brand with the premium quality such as cowhide leather will last for a long time. In addition, it is an accessory to show off your fashion sense and your social status.</p>\n\n<p style=\"text-align:center\"><img alt=\"f2\" height=\"400\" src=\"/storage/news/5.png\" /></p>\n\n<p>&nbsp;</p>\n','published',1,'Botble\\ACL\\Models\\User',1,'news/2.png',1674,NULL,'2022-03-16 02:41:33','2022-03-16 02:41:33'),(3,'The Top 2020 Handbag Trends to Know','You should pay more attention when you choose your wallets. There are a lot of them on the market with the different designs and styles. When you choose carefully, you would be able to buy a wallet that is catered to your needs. Not to mention that it will help to enhance your style significantly.','<p>I have seen many people underestimating the power of their wallets. To them, they are just a functional item they use to carry. As a result, they often end up with the wallets which are not really suitable for them.</p>\n\n<p>You should pay more attention when you choose your wallets. There are a lot of them on the market with the different designs and styles. When you choose carefully, you would be able to buy a wallet that is catered to your needs. Not to mention that it will help to enhance your style significantly.</p>\n\n<p style=\"text-align:center\"><img alt=\"f4\" src=\"/storage/news/1.png\" /></p>\n\n<p><br />\n&nbsp;</p>\n\n\n\n<p><strong><em>For all of the reason above, here are 7 expert tips to help you pick up the right men&rsquo;s wallet for you:</em></strong></p>\n\n<h4><strong>Number 1: Choose A Neat Wallet</strong></h4>\n\n<p>The wallet is an essential accessory that you should go simple. Simplicity is the best in this case. A simple and neat wallet with the plain color and even&nbsp;<strong>minimalist style</strong>&nbsp;is versatile. It can be used for both formal and casual events. In addition, that wallet will go well with most of the clothes in your wardrobe.</p>\n\n<p>Keep in mind that a wallet will tell other people about your personality and your fashion sense as much as other clothes you put on. Hence, don&rsquo;t go cheesy on your wallet or else people will think that you have a funny and particular style.</p>\n\n<p style=\"text-align:center\"><img alt=\"f5\" src=\"/storage/news/2.png\" /></p>\n\n<p><br />\n&nbsp;</p>\n<hr />\n<h4><strong>Number 2: Choose The Right Size For Your Wallet</strong></h4>\n\n<p>You should avoid having an over-sized wallet. Don&rsquo;t think that you need to buy a big wallet because you have a lot to carry with you. In addition, a fat wallet is very ugly. It will make it harder for you to slide the wallet into your trousers&rsquo; pocket. In addition, it will create a bulge and ruin your look.</p>\n\n<p>Before you go on to buy a new wallet, clean out your wallet and place all of the items from your wallet on a table. Throw away things that you would never need any more such as the old bills or the expired gift cards. Remember to check your wallet on a frequent basis to get rid of all of the old stuff that you don&rsquo;t need anymore.</p>\n\n<p style=\"text-align:center\"><img alt=\"f1\" src=\"/storage/news/3.png\" /></p>\n\n<p><br />\n&nbsp;</p>\n\n<hr />\n<h4><strong>Number 3: Don&rsquo;t Limit Your Options Of Materials</strong></h4>\n\n<p>The types and designs of wallets are not the only things that you should consider when you go out searching for your best wallet. You have more than 1 option of material rather than leather to choose from as well.</p>\n\n<p>You can experiment with other available options such as cotton, polyester and canvas. They all have their own pros and cons. As a result, they will be suitable for different needs and requirements. You should think about them all in order to choose the material which you would like the most.</p>\n\n<p style=\"text-align:center\"><img alt=\"f6\" height=\"375\" src=\"/storage/news/4.png\" /></p>\n\n<p><br />\n&nbsp;</p>\n\n<hr />\n<h4><strong>Number 4: Consider A Wallet As A Long Term Investment</strong></h4>\n\n<p>Your wallet is indeed an investment that you should consider spending a decent amount of time and effort on it. Another factor that you need to consider is how much you want to spend on your wallet. The price ranges of wallets on the market vary a great deal. You can find a wallet which is as cheap as about 5 to 7 dollars. On the other hand, you should expect to pay around 250 to 300 dollars for a high-quality wallet.</p>\n\n<p>In case you need a wallet to use for a long time, it is a good idea that you should invest a decent amount of money on a wallet. A high quality wallet from a reputational brand with the premium quality such as cowhide leather will last for a long time. In addition, it is an accessory to show off your fashion sense and your social status.</p>\n\n<p style=\"text-align:center\"><img alt=\"f2\" height=\"400\" src=\"/storage/news/5.png\" /></p>\n\n<p>&nbsp;</p>\n','published',1,'Botble\\ACL\\Models\\User',1,'news/3.png',1105,NULL,'2022-03-16 02:41:33','2022-03-16 02:41:33'),(4,'How to Match the Color of Your Handbag With an Outfit','You should pay more attention when you choose your wallets. There are a lot of them on the market with the different designs and styles. When you choose carefully, you would be able to buy a wallet that is catered to your needs. Not to mention that it will help to enhance your style significantly.','<p>I have seen many people underestimating the power of their wallets. To them, they are just a functional item they use to carry. As a result, they often end up with the wallets which are not really suitable for them.</p>\n\n<p>You should pay more attention when you choose your wallets. There are a lot of them on the market with the different designs and styles. When you choose carefully, you would be able to buy a wallet that is catered to your needs. Not to mention that it will help to enhance your style significantly.</p>\n\n<p style=\"text-align:center\"><img alt=\"f4\" src=\"/storage/news/1.png\" /></p>\n\n<p><br />\n&nbsp;</p>\n\n[featured-products title=\"Shop The Look\" limit=\"6\"][/featured-products]\n\n<p><strong><em>For all of the reason above, here are 7 expert tips to help you pick up the right men&rsquo;s wallet for you:</em></strong></p>\n\n<h4><strong>Number 1: Choose A Neat Wallet</strong></h4>\n\n<p>The wallet is an essential accessory that you should go simple. Simplicity is the best in this case. A simple and neat wallet with the plain color and even&nbsp;<strong>minimalist style</strong>&nbsp;is versatile. It can be used for both formal and casual events. In addition, that wallet will go well with most of the clothes in your wardrobe.</p>\n\n<p>Keep in mind that a wallet will tell other people about your personality and your fashion sense as much as other clothes you put on. Hence, don&rsquo;t go cheesy on your wallet or else people will think that you have a funny and particular style.</p>\n\n<p style=\"text-align:center\"><img alt=\"f5\" src=\"/storage/news/2.png\" /></p>\n\n<p><br />\n&nbsp;</p>\n<hr />\n<h4><strong>Number 2: Choose The Right Size For Your Wallet</strong></h4>\n\n<p>You should avoid having an over-sized wallet. Don&rsquo;t think that you need to buy a big wallet because you have a lot to carry with you. In addition, a fat wallet is very ugly. It will make it harder for you to slide the wallet into your trousers&rsquo; pocket. In addition, it will create a bulge and ruin your look.</p>\n\n<p>Before you go on to buy a new wallet, clean out your wallet and place all of the items from your wallet on a table. Throw away things that you would never need any more such as the old bills or the expired gift cards. Remember to check your wallet on a frequent basis to get rid of all of the old stuff that you don&rsquo;t need anymore.</p>\n\n<p style=\"text-align:center\"><img alt=\"f1\" src=\"/storage/news/3.png\" /></p>\n\n<p><br />\n&nbsp;</p>\n\n<hr />\n<h4><strong>Number 3: Don&rsquo;t Limit Your Options Of Materials</strong></h4>\n\n<p>The types and designs of wallets are not the only things that you should consider when you go out searching for your best wallet. You have more than 1 option of material rather than leather to choose from as well.</p>\n\n<p>You can experiment with other available options such as cotton, polyester and canvas. They all have their own pros and cons. As a result, they will be suitable for different needs and requirements. You should think about them all in order to choose the material which you would like the most.</p>\n\n<p style=\"text-align:center\"><img alt=\"f6\" height=\"375\" src=\"/storage/news/4.png\" /></p>\n\n<p><br />\n&nbsp;</p>\n\n<hr />\n<h4><strong>Number 4: Consider A Wallet As A Long Term Investment</strong></h4>\n\n<p>Your wallet is indeed an investment that you should consider spending a decent amount of time and effort on it. Another factor that you need to consider is how much you want to spend on your wallet. The price ranges of wallets on the market vary a great deal. You can find a wallet which is as cheap as about 5 to 7 dollars. On the other hand, you should expect to pay around 250 to 300 dollars for a high-quality wallet.</p>\n\n<p>In case you need a wallet to use for a long time, it is a good idea that you should invest a decent amount of money on a wallet. A high quality wallet from a reputational brand with the premium quality such as cowhide leather will last for a long time. In addition, it is an accessory to show off your fashion sense and your social status.</p>\n\n<p style=\"text-align:center\"><img alt=\"f2\" height=\"400\" src=\"/storage/news/5.png\" /></p>\n\n<p>&nbsp;</p>\n','published',1,'Botble\\ACL\\Models\\User',1,'news/4.png',495,NULL,'2022-03-16 02:41:33','2022-03-16 02:41:33'),(5,'How to Care for Leather Bags','You should pay more attention when you choose your wallets. There are a lot of them on the market with the different designs and styles. When you choose carefully, you would be able to buy a wallet that is catered to your needs. Not to mention that it will help to enhance your style significantly.','<p>I have seen many people underestimating the power of their wallets. To them, they are just a functional item they use to carry. As a result, they often end up with the wallets which are not really suitable for them.</p>\n\n<p>You should pay more attention when you choose your wallets. There are a lot of them on the market with the different designs and styles. When you choose carefully, you would be able to buy a wallet that is catered to your needs. Not to mention that it will help to enhance your style significantly.</p>\n\n<p style=\"text-align:center\"><img alt=\"f4\" src=\"/storage/news/1.png\" /></p>\n\n<p><br />\n&nbsp;</p>\n\n\n\n<p><strong><em>For all of the reason above, here are 7 expert tips to help you pick up the right men&rsquo;s wallet for you:</em></strong></p>\n\n<h4><strong>Number 1: Choose A Neat Wallet</strong></h4>\n\n<p>The wallet is an essential accessory that you should go simple. Simplicity is the best in this case. A simple and neat wallet with the plain color and even&nbsp;<strong>minimalist style</strong>&nbsp;is versatile. It can be used for both formal and casual events. In addition, that wallet will go well with most of the clothes in your wardrobe.</p>\n\n<p>Keep in mind that a wallet will tell other people about your personality and your fashion sense as much as other clothes you put on. Hence, don&rsquo;t go cheesy on your wallet or else people will think that you have a funny and particular style.</p>\n\n<p style=\"text-align:center\"><img alt=\"f5\" src=\"/storage/news/2.png\" /></p>\n\n<p><br />\n&nbsp;</p>\n<hr />\n<h4><strong>Number 2: Choose The Right Size For Your Wallet</strong></h4>\n\n<p>You should avoid having an over-sized wallet. Don&rsquo;t think that you need to buy a big wallet because you have a lot to carry with you. In addition, a fat wallet is very ugly. It will make it harder for you to slide the wallet into your trousers&rsquo; pocket. In addition, it will create a bulge and ruin your look.</p>\n\n<p>Before you go on to buy a new wallet, clean out your wallet and place all of the items from your wallet on a table. Throw away things that you would never need any more such as the old bills or the expired gift cards. Remember to check your wallet on a frequent basis to get rid of all of the old stuff that you don&rsquo;t need anymore.</p>\n\n<p style=\"text-align:center\"><img alt=\"f1\" src=\"/storage/news/3.png\" /></p>\n\n<p><br />\n&nbsp;</p>\n\n<hr />\n<h4><strong>Number 3: Don&rsquo;t Limit Your Options Of Materials</strong></h4>\n\n<p>The types and designs of wallets are not the only things that you should consider when you go out searching for your best wallet. You have more than 1 option of material rather than leather to choose from as well.</p>\n\n<p>You can experiment with other available options such as cotton, polyester and canvas. They all have their own pros and cons. As a result, they will be suitable for different needs and requirements. You should think about them all in order to choose the material which you would like the most.</p>\n\n<p style=\"text-align:center\"><img alt=\"f6\" height=\"375\" src=\"/storage/news/4.png\" /></p>\n\n<p><br />\n&nbsp;</p>\n\n<hr />\n<h4><strong>Number 4: Consider A Wallet As A Long Term Investment</strong></h4>\n\n<p>Your wallet is indeed an investment that you should consider spending a decent amount of time and effort on it. Another factor that you need to consider is how much you want to spend on your wallet. The price ranges of wallets on the market vary a great deal. You can find a wallet which is as cheap as about 5 to 7 dollars. On the other hand, you should expect to pay around 250 to 300 dollars for a high-quality wallet.</p>\n\n<p>In case you need a wallet to use for a long time, it is a good idea that you should invest a decent amount of money on a wallet. A high quality wallet from a reputational brand with the premium quality such as cowhide leather will last for a long time. In addition, it is an accessory to show off your fashion sense and your social status.</p>\n\n<p style=\"text-align:center\"><img alt=\"f2\" height=\"400\" src=\"/storage/news/5.png\" /></p>\n\n<p>&nbsp;</p>\n','published',1,'Botble\\ACL\\Models\\User',1,'news/5.png',873,NULL,'2022-03-16 02:41:33','2022-03-16 02:41:33'),(6,'We\'re Crushing Hard on Summer\'s 10 Biggest Bag Trends','You should pay more attention when you choose your wallets. There are a lot of them on the market with the different designs and styles. When you choose carefully, you would be able to buy a wallet that is catered to your needs. Not to mention that it will help to enhance your style significantly.','<p>I have seen many people underestimating the power of their wallets. To them, they are just a functional item they use to carry. As a result, they often end up with the wallets which are not really suitable for them.</p>\n\n<p>You should pay more attention when you choose your wallets. There are a lot of them on the market with the different designs and styles. When you choose carefully, you would be able to buy a wallet that is catered to your needs. Not to mention that it will help to enhance your style significantly.</p>\n\n<p style=\"text-align:center\"><img alt=\"f4\" src=\"/storage/news/1.png\" /></p>\n\n<p><br />\n&nbsp;</p>\n\n\n\n<p><strong><em>For all of the reason above, here are 7 expert tips to help you pick up the right men&rsquo;s wallet for you:</em></strong></p>\n\n<h4><strong>Number 1: Choose A Neat Wallet</strong></h4>\n\n<p>The wallet is an essential accessory that you should go simple. Simplicity is the best in this case. A simple and neat wallet with the plain color and even&nbsp;<strong>minimalist style</strong>&nbsp;is versatile. It can be used for both formal and casual events. In addition, that wallet will go well with most of the clothes in your wardrobe.</p>\n\n<p>Keep in mind that a wallet will tell other people about your personality and your fashion sense as much as other clothes you put on. Hence, don&rsquo;t go cheesy on your wallet or else people will think that you have a funny and particular style.</p>\n\n<p style=\"text-align:center\"><img alt=\"f5\" src=\"/storage/news/2.png\" /></p>\n\n<p><br />\n&nbsp;</p>\n<hr />\n<h4><strong>Number 2: Choose The Right Size For Your Wallet</strong></h4>\n\n<p>You should avoid having an over-sized wallet. Don&rsquo;t think that you need to buy a big wallet because you have a lot to carry with you. In addition, a fat wallet is very ugly. It will make it harder for you to slide the wallet into your trousers&rsquo; pocket. In addition, it will create a bulge and ruin your look.</p>\n\n<p>Before you go on to buy a new wallet, clean out your wallet and place all of the items from your wallet on a table. Throw away things that you would never need any more such as the old bills or the expired gift cards. Remember to check your wallet on a frequent basis to get rid of all of the old stuff that you don&rsquo;t need anymore.</p>\n\n<p style=\"text-align:center\"><img alt=\"f1\" src=\"/storage/news/3.png\" /></p>\n\n<p><br />\n&nbsp;</p>\n\n<hr />\n<h4><strong>Number 3: Don&rsquo;t Limit Your Options Of Materials</strong></h4>\n\n<p>The types and designs of wallets are not the only things that you should consider when you go out searching for your best wallet. You have more than 1 option of material rather than leather to choose from as well.</p>\n\n<p>You can experiment with other available options such as cotton, polyester and canvas. They all have their own pros and cons. As a result, they will be suitable for different needs and requirements. You should think about them all in order to choose the material which you would like the most.</p>\n\n<p style=\"text-align:center\"><img alt=\"f6\" height=\"375\" src=\"/storage/news/4.png\" /></p>\n\n<p><br />\n&nbsp;</p>\n\n<hr />\n<h4><strong>Number 4: Consider A Wallet As A Long Term Investment</strong></h4>\n\n<p>Your wallet is indeed an investment that you should consider spending a decent amount of time and effort on it. Another factor that you need to consider is how much you want to spend on your wallet. The price ranges of wallets on the market vary a great deal. You can find a wallet which is as cheap as about 5 to 7 dollars. On the other hand, you should expect to pay around 250 to 300 dollars for a high-quality wallet.</p>\n\n<p>In case you need a wallet to use for a long time, it is a good idea that you should invest a decent amount of money on a wallet. A high quality wallet from a reputational brand with the premium quality such as cowhide leather will last for a long time. In addition, it is an accessory to show off your fashion sense and your social status.</p>\n\n<p style=\"text-align:center\"><img alt=\"f2\" height=\"400\" src=\"/storage/news/5.png\" /></p>\n\n<p>&nbsp;</p>\n','published',1,'Botble\\ACL\\Models\\User',1,'news/6.png',267,NULL,'2022-03-16 02:41:33','2022-03-16 02:41:33'),(7,'Essential Qualities of Highly Successful Music','You should pay more attention when you choose your wallets. There are a lot of them on the market with the different designs and styles. When you choose carefully, you would be able to buy a wallet that is catered to your needs. Not to mention that it will help to enhance your style significantly.','<p>I have seen many people underestimating the power of their wallets. To them, they are just a functional item they use to carry. As a result, they often end up with the wallets which are not really suitable for them.</p>\n\n<p>You should pay more attention when you choose your wallets. There are a lot of them on the market with the different designs and styles. When you choose carefully, you would be able to buy a wallet that is catered to your needs. Not to mention that it will help to enhance your style significantly.</p>\n\n<p style=\"text-align:center\"><img alt=\"f4\" src=\"/storage/news/1.png\" /></p>\n\n<p><br />\n&nbsp;</p>\n\n\n\n<p><strong><em>For all of the reason above, here are 7 expert tips to help you pick up the right men&rsquo;s wallet for you:</em></strong></p>\n\n<h4><strong>Number 1: Choose A Neat Wallet</strong></h4>\n\n<p>The wallet is an essential accessory that you should go simple. Simplicity is the best in this case. A simple and neat wallet with the plain color and even&nbsp;<strong>minimalist style</strong>&nbsp;is versatile. It can be used for both formal and casual events. In addition, that wallet will go well with most of the clothes in your wardrobe.</p>\n\n<p>Keep in mind that a wallet will tell other people about your personality and your fashion sense as much as other clothes you put on. Hence, don&rsquo;t go cheesy on your wallet or else people will think that you have a funny and particular style.</p>\n\n<p style=\"text-align:center\"><img alt=\"f5\" src=\"/storage/news/2.png\" /></p>\n\n<p><br />\n&nbsp;</p>\n<hr />\n<h4><strong>Number 2: Choose The Right Size For Your Wallet</strong></h4>\n\n<p>You should avoid having an over-sized wallet. Don&rsquo;t think that you need to buy a big wallet because you have a lot to carry with you. In addition, a fat wallet is very ugly. It will make it harder for you to slide the wallet into your trousers&rsquo; pocket. In addition, it will create a bulge and ruin your look.</p>\n\n<p>Before you go on to buy a new wallet, clean out your wallet and place all of the items from your wallet on a table. Throw away things that you would never need any more such as the old bills or the expired gift cards. Remember to check your wallet on a frequent basis to get rid of all of the old stuff that you don&rsquo;t need anymore.</p>\n\n<p style=\"text-align:center\"><img alt=\"f1\" src=\"/storage/news/3.png\" /></p>\n\n<p><br />\n&nbsp;</p>\n\n<hr />\n<h4><strong>Number 3: Don&rsquo;t Limit Your Options Of Materials</strong></h4>\n\n<p>The types and designs of wallets are not the only things that you should consider when you go out searching for your best wallet. You have more than 1 option of material rather than leather to choose from as well.</p>\n\n<p>You can experiment with other available options such as cotton, polyester and canvas. They all have their own pros and cons. As a result, they will be suitable for different needs and requirements. You should think about them all in order to choose the material which you would like the most.</p>\n\n<p style=\"text-align:center\"><img alt=\"f6\" height=\"375\" src=\"/storage/news/4.png\" /></p>\n\n<p><br />\n&nbsp;</p>\n\n<hr />\n<h4><strong>Number 4: Consider A Wallet As A Long Term Investment</strong></h4>\n\n<p>Your wallet is indeed an investment that you should consider spending a decent amount of time and effort on it. Another factor that you need to consider is how much you want to spend on your wallet. The price ranges of wallets on the market vary a great deal. You can find a wallet which is as cheap as about 5 to 7 dollars. On the other hand, you should expect to pay around 250 to 300 dollars for a high-quality wallet.</p>\n\n<p>In case you need a wallet to use for a long time, it is a good idea that you should invest a decent amount of money on a wallet. A high quality wallet from a reputational brand with the premium quality such as cowhide leather will last for a long time. In addition, it is an accessory to show off your fashion sense and your social status.</p>\n\n<p style=\"text-align:center\"><img alt=\"f2\" height=\"400\" src=\"/storage/news/5.png\" /></p>\n\n<p>&nbsp;</p>\n','published',1,'Botble\\ACL\\Models\\User',1,'news/7.png',1743,NULL,'2022-03-16 02:41:33','2022-03-16 02:41:33'),(8,'9 Things I Love About Shaving My Head','You should pay more attention when you choose your wallets. There are a lot of them on the market with the different designs and styles. When you choose carefully, you would be able to buy a wallet that is catered to your needs. Not to mention that it will help to enhance your style significantly.','<p>I have seen many people underestimating the power of their wallets. To them, they are just a functional item they use to carry. As a result, they often end up with the wallets which are not really suitable for them.</p>\n\n<p>You should pay more attention when you choose your wallets. There are a lot of them on the market with the different designs and styles. When you choose carefully, you would be able to buy a wallet that is catered to your needs. Not to mention that it will help to enhance your style significantly.</p>\n\n<p style=\"text-align:center\"><img alt=\"f4\" src=\"/storage/news/1.png\" /></p>\n\n<p><br />\n&nbsp;</p>\n\n\n\n<p><strong><em>For all of the reason above, here are 7 expert tips to help you pick up the right men&rsquo;s wallet for you:</em></strong></p>\n\n<h4><strong>Number 1: Choose A Neat Wallet</strong></h4>\n\n<p>The wallet is an essential accessory that you should go simple. Simplicity is the best in this case. A simple and neat wallet with the plain color and even&nbsp;<strong>minimalist style</strong>&nbsp;is versatile. It can be used for both formal and casual events. In addition, that wallet will go well with most of the clothes in your wardrobe.</p>\n\n<p>Keep in mind that a wallet will tell other people about your personality and your fashion sense as much as other clothes you put on. Hence, don&rsquo;t go cheesy on your wallet or else people will think that you have a funny and particular style.</p>\n\n<p style=\"text-align:center\"><img alt=\"f5\" src=\"/storage/news/2.png\" /></p>\n\n<p><br />\n&nbsp;</p>\n<hr />\n<h4><strong>Number 2: Choose The Right Size For Your Wallet</strong></h4>\n\n<p>You should avoid having an over-sized wallet. Don&rsquo;t think that you need to buy a big wallet because you have a lot to carry with you. In addition, a fat wallet is very ugly. It will make it harder for you to slide the wallet into your trousers&rsquo; pocket. In addition, it will create a bulge and ruin your look.</p>\n\n<p>Before you go on to buy a new wallet, clean out your wallet and place all of the items from your wallet on a table. Throw away things that you would never need any more such as the old bills or the expired gift cards. Remember to check your wallet on a frequent basis to get rid of all of the old stuff that you don&rsquo;t need anymore.</p>\n\n<p style=\"text-align:center\"><img alt=\"f1\" src=\"/storage/news/3.png\" /></p>\n\n<p><br />\n&nbsp;</p>\n\n<hr />\n<h4><strong>Number 3: Don&rsquo;t Limit Your Options Of Materials</strong></h4>\n\n<p>The types and designs of wallets are not the only things that you should consider when you go out searching for your best wallet. You have more than 1 option of material rather than leather to choose from as well.</p>\n\n<p>You can experiment with other available options such as cotton, polyester and canvas. They all have their own pros and cons. As a result, they will be suitable for different needs and requirements. You should think about them all in order to choose the material which you would like the most.</p>\n\n<p style=\"text-align:center\"><img alt=\"f6\" height=\"375\" src=\"/storage/news/4.png\" /></p>\n\n<p><br />\n&nbsp;</p>\n\n<hr />\n<h4><strong>Number 4: Consider A Wallet As A Long Term Investment</strong></h4>\n\n<p>Your wallet is indeed an investment that you should consider spending a decent amount of time and effort on it. Another factor that you need to consider is how much you want to spend on your wallet. The price ranges of wallets on the market vary a great deal. You can find a wallet which is as cheap as about 5 to 7 dollars. On the other hand, you should expect to pay around 250 to 300 dollars for a high-quality wallet.</p>\n\n<p>In case you need a wallet to use for a long time, it is a good idea that you should invest a decent amount of money on a wallet. A high quality wallet from a reputational brand with the premium quality such as cowhide leather will last for a long time. In addition, it is an accessory to show off your fashion sense and your social status.</p>\n\n<p style=\"text-align:center\"><img alt=\"f2\" height=\"400\" src=\"/storage/news/5.png\" /></p>\n\n<p>&nbsp;</p>\n','published',1,'Botble\\ACL\\Models\\User',1,'news/8.png',985,NULL,'2022-03-16 02:41:33','2022-03-16 02:41:33'),(9,'Why Teamwork Really Makes The Dream Work','You should pay more attention when you choose your wallets. There are a lot of them on the market with the different designs and styles. When you choose carefully, you would be able to buy a wallet that is catered to your needs. Not to mention that it will help to enhance your style significantly.','<p>I have seen many people underestimating the power of their wallets. To them, they are just a functional item they use to carry. As a result, they often end up with the wallets which are not really suitable for them.</p>\n\n<p>You should pay more attention when you choose your wallets. There are a lot of them on the market with the different designs and styles. When you choose carefully, you would be able to buy a wallet that is catered to your needs. Not to mention that it will help to enhance your style significantly.</p>\n\n<p style=\"text-align:center\"><img alt=\"f4\" src=\"/storage/news/1.png\" /></p>\n\n<p><br />\n&nbsp;</p>\n\n\n\n<p><strong><em>For all of the reason above, here are 7 expert tips to help you pick up the right men&rsquo;s wallet for you:</em></strong></p>\n\n<h4><strong>Number 1: Choose A Neat Wallet</strong></h4>\n\n<p>The wallet is an essential accessory that you should go simple. Simplicity is the best in this case. A simple and neat wallet with the plain color and even&nbsp;<strong>minimalist style</strong>&nbsp;is versatile. It can be used for both formal and casual events. In addition, that wallet will go well with most of the clothes in your wardrobe.</p>\n\n<p>Keep in mind that a wallet will tell other people about your personality and your fashion sense as much as other clothes you put on. Hence, don&rsquo;t go cheesy on your wallet or else people will think that you have a funny and particular style.</p>\n\n<p style=\"text-align:center\"><img alt=\"f5\" src=\"/storage/news/2.png\" /></p>\n\n<p><br />\n&nbsp;</p>\n<hr />\n<h4><strong>Number 2: Choose The Right Size For Your Wallet</strong></h4>\n\n<p>You should avoid having an over-sized wallet. Don&rsquo;t think that you need to buy a big wallet because you have a lot to carry with you. In addition, a fat wallet is very ugly. It will make it harder for you to slide the wallet into your trousers&rsquo; pocket. In addition, it will create a bulge and ruin your look.</p>\n\n<p>Before you go on to buy a new wallet, clean out your wallet and place all of the items from your wallet on a table. Throw away things that you would never need any more such as the old bills or the expired gift cards. Remember to check your wallet on a frequent basis to get rid of all of the old stuff that you don&rsquo;t need anymore.</p>\n\n<p style=\"text-align:center\"><img alt=\"f1\" src=\"/storage/news/3.png\" /></p>\n\n<p><br />\n&nbsp;</p>\n\n<hr />\n<h4><strong>Number 3: Don&rsquo;t Limit Your Options Of Materials</strong></h4>\n\n<p>The types and designs of wallets are not the only things that you should consider when you go out searching for your best wallet. You have more than 1 option of material rather than leather to choose from as well.</p>\n\n<p>You can experiment with other available options such as cotton, polyester and canvas. They all have their own pros and cons. As a result, they will be suitable for different needs and requirements. You should think about them all in order to choose the material which you would like the most.</p>\n\n<p style=\"text-align:center\"><img alt=\"f6\" height=\"375\" src=\"/storage/news/4.png\" /></p>\n\n<p><br />\n&nbsp;</p>\n\n<hr />\n<h4><strong>Number 4: Consider A Wallet As A Long Term Investment</strong></h4>\n\n<p>Your wallet is indeed an investment that you should consider spending a decent amount of time and effort on it. Another factor that you need to consider is how much you want to spend on your wallet. The price ranges of wallets on the market vary a great deal. You can find a wallet which is as cheap as about 5 to 7 dollars. On the other hand, you should expect to pay around 250 to 300 dollars for a high-quality wallet.</p>\n\n<p>In case you need a wallet to use for a long time, it is a good idea that you should invest a decent amount of money on a wallet. A high quality wallet from a reputational brand with the premium quality such as cowhide leather will last for a long time. In addition, it is an accessory to show off your fashion sense and your social status.</p>\n\n<p style=\"text-align:center\"><img alt=\"f2\" height=\"400\" src=\"/storage/news/5.png\" /></p>\n\n<p>&nbsp;</p>\n','published',1,'Botble\\ACL\\Models\\User',1,'news/9.png',2422,NULL,'2022-03-16 02:41:33','2022-03-16 02:41:33'),(10,'The World Caters to Average People','You should pay more attention when you choose your wallets. There are a lot of them on the market with the different designs and styles. When you choose carefully, you would be able to buy a wallet that is catered to your needs. Not to mention that it will help to enhance your style significantly.','<p>I have seen many people underestimating the power of their wallets. To them, they are just a functional item they use to carry. As a result, they often end up with the wallets which are not really suitable for them.</p>\n\n<p>You should pay more attention when you choose your wallets. There are a lot of them on the market with the different designs and styles. When you choose carefully, you would be able to buy a wallet that is catered to your needs. Not to mention that it will help to enhance your style significantly.</p>\n\n<p style=\"text-align:center\"><img alt=\"f4\" src=\"/storage/news/1.png\" /></p>\n\n<p><br />\n&nbsp;</p>\n\n\n\n<p><strong><em>For all of the reason above, here are 7 expert tips to help you pick up the right men&rsquo;s wallet for you:</em></strong></p>\n\n<h4><strong>Number 1: Choose A Neat Wallet</strong></h4>\n\n<p>The wallet is an essential accessory that you should go simple. Simplicity is the best in this case. A simple and neat wallet with the plain color and even&nbsp;<strong>minimalist style</strong>&nbsp;is versatile. It can be used for both formal and casual events. In addition, that wallet will go well with most of the clothes in your wardrobe.</p>\n\n<p>Keep in mind that a wallet will tell other people about your personality and your fashion sense as much as other clothes you put on. Hence, don&rsquo;t go cheesy on your wallet or else people will think that you have a funny and particular style.</p>\n\n<p style=\"text-align:center\"><img alt=\"f5\" src=\"/storage/news/2.png\" /></p>\n\n<p><br />\n&nbsp;</p>\n<hr />\n<h4><strong>Number 2: Choose The Right Size For Your Wallet</strong></h4>\n\n<p>You should avoid having an over-sized wallet. Don&rsquo;t think that you need to buy a big wallet because you have a lot to carry with you. In addition, a fat wallet is very ugly. It will make it harder for you to slide the wallet into your trousers&rsquo; pocket. In addition, it will create a bulge and ruin your look.</p>\n\n<p>Before you go on to buy a new wallet, clean out your wallet and place all of the items from your wallet on a table. Throw away things that you would never need any more such as the old bills or the expired gift cards. Remember to check your wallet on a frequent basis to get rid of all of the old stuff that you don&rsquo;t need anymore.</p>\n\n<p style=\"text-align:center\"><img alt=\"f1\" src=\"/storage/news/3.png\" /></p>\n\n<p><br />\n&nbsp;</p>\n\n<hr />\n<h4><strong>Number 3: Don&rsquo;t Limit Your Options Of Materials</strong></h4>\n\n<p>The types and designs of wallets are not the only things that you should consider when you go out searching for your best wallet. You have more than 1 option of material rather than leather to choose from as well.</p>\n\n<p>You can experiment with other available options such as cotton, polyester and canvas. They all have their own pros and cons. As a result, they will be suitable for different needs and requirements. You should think about them all in order to choose the material which you would like the most.</p>\n\n<p style=\"text-align:center\"><img alt=\"f6\" height=\"375\" src=\"/storage/news/4.png\" /></p>\n\n<p><br />\n&nbsp;</p>\n\n<hr />\n<h4><strong>Number 4: Consider A Wallet As A Long Term Investment</strong></h4>\n\n<p>Your wallet is indeed an investment that you should consider spending a decent amount of time and effort on it. Another factor that you need to consider is how much you want to spend on your wallet. The price ranges of wallets on the market vary a great deal. You can find a wallet which is as cheap as about 5 to 7 dollars. On the other hand, you should expect to pay around 250 to 300 dollars for a high-quality wallet.</p>\n\n<p>In case you need a wallet to use for a long time, it is a good idea that you should invest a decent amount of money on a wallet. A high quality wallet from a reputational brand with the premium quality such as cowhide leather will last for a long time. In addition, it is an accessory to show off your fashion sense and your social status.</p>\n\n<p style=\"text-align:center\"><img alt=\"f2\" height=\"400\" src=\"/storage/news/5.png\" /></p>\n\n<p>&nbsp;</p>\n','published',1,'Botble\\ACL\\Models\\User',1,'news/10.png',1546,NULL,'2022-03-16 02:41:33','2022-03-16 02:41:33'),(11,'The litigants on the screen are not actors','You should pay more attention when you choose your wallets. There are a lot of them on the market with the different designs and styles. When you choose carefully, you would be able to buy a wallet that is catered to your needs. Not to mention that it will help to enhance your style significantly.','<p>I have seen many people underestimating the power of their wallets. To them, they are just a functional item they use to carry. As a result, they often end up with the wallets which are not really suitable for them.</p>\n\n<p>You should pay more attention when you choose your wallets. There are a lot of them on the market with the different designs and styles. When you choose carefully, you would be able to buy a wallet that is catered to your needs. Not to mention that it will help to enhance your style significantly.</p>\n\n<p style=\"text-align:center\"><img alt=\"f4\" src=\"/storage/news/1.png\" /></p>\n\n<p><br />\n&nbsp;</p>\n\n\n\n<p><strong><em>For all of the reason above, here are 7 expert tips to help you pick up the right men&rsquo;s wallet for you:</em></strong></p>\n\n<h4><strong>Number 1: Choose A Neat Wallet</strong></h4>\n\n<p>The wallet is an essential accessory that you should go simple. Simplicity is the best in this case. A simple and neat wallet with the plain color and even&nbsp;<strong>minimalist style</strong>&nbsp;is versatile. It can be used for both formal and casual events. In addition, that wallet will go well with most of the clothes in your wardrobe.</p>\n\n<p>Keep in mind that a wallet will tell other people about your personality and your fashion sense as much as other clothes you put on. Hence, don&rsquo;t go cheesy on your wallet or else people will think that you have a funny and particular style.</p>\n\n<p style=\"text-align:center\"><img alt=\"f5\" src=\"/storage/news/2.png\" /></p>\n\n<p><br />\n&nbsp;</p>\n<hr />\n<h4><strong>Number 2: Choose The Right Size For Your Wallet</strong></h4>\n\n<p>You should avoid having an over-sized wallet. Don&rsquo;t think that you need to buy a big wallet because you have a lot to carry with you. In addition, a fat wallet is very ugly. It will make it harder for you to slide the wallet into your trousers&rsquo; pocket. In addition, it will create a bulge and ruin your look.</p>\n\n<p>Before you go on to buy a new wallet, clean out your wallet and place all of the items from your wallet on a table. Throw away things that you would never need any more such as the old bills or the expired gift cards. Remember to check your wallet on a frequent basis to get rid of all of the old stuff that you don&rsquo;t need anymore.</p>\n\n<p style=\"text-align:center\"><img alt=\"f1\" src=\"/storage/news/3.png\" /></p>\n\n<p><br />\n&nbsp;</p>\n\n<hr />\n<h4><strong>Number 3: Don&rsquo;t Limit Your Options Of Materials</strong></h4>\n\n<p>The types and designs of wallets are not the only things that you should consider when you go out searching for your best wallet. You have more than 1 option of material rather than leather to choose from as well.</p>\n\n<p>You can experiment with other available options such as cotton, polyester and canvas. They all have their own pros and cons. As a result, they will be suitable for different needs and requirements. You should think about them all in order to choose the material which you would like the most.</p>\n\n<p style=\"text-align:center\"><img alt=\"f6\" height=\"375\" src=\"/storage/news/4.png\" /></p>\n\n<p><br />\n&nbsp;</p>\n\n<hr />\n<h4><strong>Number 4: Consider A Wallet As A Long Term Investment</strong></h4>\n\n<p>Your wallet is indeed an investment that you should consider spending a decent amount of time and effort on it. Another factor that you need to consider is how much you want to spend on your wallet. The price ranges of wallets on the market vary a great deal. You can find a wallet which is as cheap as about 5 to 7 dollars. On the other hand, you should expect to pay around 250 to 300 dollars for a high-quality wallet.</p>\n\n<p>In case you need a wallet to use for a long time, it is a good idea that you should invest a decent amount of money on a wallet. A high quality wallet from a reputational brand with the premium quality such as cowhide leather will last for a long time. In addition, it is an accessory to show off your fashion sense and your social status.</p>\n\n<p style=\"text-align:center\"><img alt=\"f2\" height=\"400\" src=\"/storage/news/5.png\" /></p>\n\n<p>&nbsp;</p>\n','published',1,'Botble\\ACL\\Models\\User',0,'news/11.png',2227,NULL,'2022-03-16 02:41:33','2022-03-16 02:41:33');
/*!40000 ALTER TABLE `posts` ENABLE KEYS */;
UNLOCK TABLES;

--
-- Table structure for table `posts_translations`
--

DROP TABLE IF EXISTS `posts_translations`;
/*!40101 SET @saved_cs_client     = @@character_set_client */;
/*!50503 SET character_set_client = utf8mb4 */;
CREATE TABLE `posts_translations` (
  `lang_code` varchar(191) CHARACTER SET utf8mb4 COLLATE utf8mb4_unicode_ci NOT NULL,
  `posts_id` int NOT NULL,
  `name` varchar(255) CHARACTER SET utf8mb4 COLLATE utf8mb4_unicode_ci DEFAULT NULL,
  `description` varchar(400) CHARACTER SET utf8mb4 COLLATE utf8mb4_unicode_ci DEFAULT NULL,
  `content` longtext CHARACTER SET utf8mb4 COLLATE utf8mb4_unicode_ci,
  PRIMARY KEY (`lang_code`,`posts_id`)
) ENGINE=InnoDB DEFAULT CHARSET=utf8mb4 COLLATE=utf8mb4_unicode_ci;
/*!40101 SET character_set_client = @saved_cs_client */;

--
-- Dumping data for table `posts_translations`
--

LOCK TABLES `posts_translations` WRITE;
/*!40000 ALTER TABLE `posts_translations` DISABLE KEYS */;
INSERT INTO `posts_translations` VALUES ('vi',1,'4 Lời khuyên của Chuyên gia về Cách Chọn Ví Nam Phù hợp','You should pay more attention when you choose your wallets. There are a lot of them on the market with the different designs and styles. When you choose carefully, you would be able to buy a wallet that is catered to your needs. Not to mention that it will help to enhance your style significantly.','<p>I have seen many people underestimating the power of their wallets. To them, they are just a functional item they use to carry. As a result, they often end up with the wallets which are not really suitable for them.</p>\n\n<p>You should pay more attention when you choose your wallets. There are a lot of them on the market with the different designs and styles. When you choose carefully, you would be able to buy a wallet that is catered to your needs. Not to mention that it will help to enhance your style significantly.</p>\n\n<p style=\"text-align:center\"><img alt=\"f4\" src=\"/storage/news/1.png\" /></p>\n\n<p><br />\n&nbsp;</p>\n\n\n\n<p><strong><em>For all of the reason above, here are 7 expert tips to help you pick up the right men&rsquo;s wallet for you:</em></strong></p>\n\n<h4><strong>Number 1: Choose A Neat Wallet</strong></h4>\n\n<p>The wallet is an essential accessory that you should go simple. Simplicity is the best in this case. A simple and neat wallet with the plain color and even&nbsp;<strong>minimalist style</strong>&nbsp;is versatile. It can be used for both formal and casual events. In addition, that wallet will go well with most of the clothes in your wardrobe.</p>\n\n<p>Keep in mind that a wallet will tell other people about your personality and your fashion sense as much as other clothes you put on. Hence, don&rsquo;t go cheesy on your wallet or else people will think that you have a funny and particular style.</p>\n\n<p style=\"text-align:center\"><img alt=\"f5\" src=\"/storage/news/2.png\" /></p>\n\n<p><br />\n&nbsp;</p>\n<hr />\n<h4><strong>Number 2: Choose The Right Size For Your Wallet</strong></h4>\n\n<p>You should avoid having an over-sized wallet. Don&rsquo;t think that you need to buy a big wallet because you have a lot to carry with you. In addition, a fat wallet is very ugly. It will make it harder for you to slide the wallet into your trousers&rsquo; pocket. In addition, it will create a bulge and ruin your look.</p>\n\n<p>Before you go on to buy a new wallet, clean out your wallet and place all of the items from your wallet on a table. Throw away things that you would never need any more such as the old bills or the expired gift cards. Remember to check your wallet on a frequent basis to get rid of all of the old stuff that you don&rsquo;t need anymore.</p>\n\n<p style=\"text-align:center\"><img alt=\"f1\" src=\"/storage/news/3.png\" /></p>\n\n<p><br />\n&nbsp;</p>\n\n<hr />\n<h4><strong>Number 3: Don&rsquo;t Limit Your Options Of Materials</strong></h4>\n\n<p>The types and designs of wallets are not the only things that you should consider when you go out searching for your best wallet. You have more than 1 option of material rather than leather to choose from as well.</p>\n\n<p>You can experiment with other available options such as cotton, polyester and canvas. They all have their own pros and cons. As a result, they will be suitable for different needs and requirements. You should think about them all in order to choose the material which you would like the most.</p>\n\n<p style=\"text-align:center\"><img alt=\"f6\" height=\"375\" src=\"/storage/news/4.png\" /></p>\n\n<p><br />\n&nbsp;</p>\n\n<hr />\n<h4><strong>Number 4: Consider A Wallet As A Long Term Investment</strong></h4>\n\n<p>Your wallet is indeed an investment that you should consider spending a decent amount of time and effort on it. Another factor that you need to consider is how much you want to spend on your wallet. The price ranges of wallets on the market vary a great deal. You can find a wallet which is as cheap as about 5 to 7 dollars. On the other hand, you should expect to pay around 250 to 300 dollars for a high-quality wallet.</p>\n\n<p>In case you need a wallet to use for a long time, it is a good idea that you should invest a decent amount of money on a wallet. A high quality wallet from a reputational brand with the premium quality such as cowhide leather will last for a long time. In addition, it is an accessory to show off your fashion sense and your social status.</p>\n\n<p style=\"text-align:center\"><img alt=\"f2\" height=\"400\" src=\"/storage/news/5.png\" /></p>\n\n<p>&nbsp;</p>\n'),('vi',2,'Sexy Clutches: Cách Mua & Đeo Túi Clutch Thiết kế','You should pay more attention when you choose your wallets. There are a lot of them on the market with the different designs and styles. When you choose carefully, you would be able to buy a wallet that is catered to your needs. Not to mention that it will help to enhance your style significantly.','<p>I have seen many people underestimating the power of their wallets. To them, they are just a functional item they use to carry. As a result, they often end up with the wallets which are not really suitable for them.</p>\n\n<p>You should pay more attention when you choose your wallets. There are a lot of them on the market with the different designs and styles. When you choose carefully, you would be able to buy a wallet that is catered to your needs. Not to mention that it will help to enhance your style significantly.</p>\n\n<p style=\"text-align:center\"><img alt=\"f4\" src=\"/storage/news/1.png\" /></p>\n\n<p><br />\n&nbsp;</p>\n\n\n\n<p><strong><em>For all of the reason above, here are 7 expert tips to help you pick up the right men&rsquo;s wallet for you:</em></strong></p>\n\n<h4><strong>Number 1: Choose A Neat Wallet</strong></h4>\n\n<p>The wallet is an essential accessory that you should go simple. Simplicity is the best in this case. A simple and neat wallet with the plain color and even&nbsp;<strong>minimalist style</strong>&nbsp;is versatile. It can be used for both formal and casual events. In addition, that wallet will go well with most of the clothes in your wardrobe.</p>\n\n<p>Keep in mind that a wallet will tell other people about your personality and your fashion sense as much as other clothes you put on. Hence, don&rsquo;t go cheesy on your wallet or else people will think that you have a funny and particular style.</p>\n\n<p style=\"text-align:center\"><img alt=\"f5\" src=\"/storage/news/2.png\" /></p>\n\n<p><br />\n&nbsp;</p>\n<hr />\n<h4><strong>Number 2: Choose The Right Size For Your Wallet</strong></h4>\n\n<p>You should avoid having an over-sized wallet. Don&rsquo;t think that you need to buy a big wallet because you have a lot to carry with you. In addition, a fat wallet is very ugly. It will make it harder for you to slide the wallet into your trousers&rsquo; pocket. In addition, it will create a bulge and ruin your look.</p>\n\n<p>Before you go on to buy a new wallet, clean out your wallet and place all of the items from your wallet on a table. Throw away things that you would never need any more such as the old bills or the expired gift cards. Remember to check your wallet on a frequent basis to get rid of all of the old stuff that you don&rsquo;t need anymore.</p>\n\n<p style=\"text-align:center\"><img alt=\"f1\" src=\"/storage/news/3.png\" /></p>\n\n<p><br />\n&nbsp;</p>\n\n<hr />\n<h4><strong>Number 3: Don&rsquo;t Limit Your Options Of Materials</strong></h4>\n\n<p>The types and designs of wallets are not the only things that you should consider when you go out searching for your best wallet. You have more than 1 option of material rather than leather to choose from as well.</p>\n\n<p>You can experiment with other available options such as cotton, polyester and canvas. They all have their own pros and cons. As a result, they will be suitable for different needs and requirements. You should think about them all in order to choose the material which you would like the most.</p>\n\n<p style=\"text-align:center\"><img alt=\"f6\" height=\"375\" src=\"/storage/news/4.png\" /></p>\n\n<p><br />\n&nbsp;</p>\n\n<hr />\n<h4><strong>Number 4: Consider A Wallet As A Long Term Investment</strong></h4>\n\n<p>Your wallet is indeed an investment that you should consider spending a decent amount of time and effort on it. Another factor that you need to consider is how much you want to spend on your wallet. The price ranges of wallets on the market vary a great deal. You can find a wallet which is as cheap as about 5 to 7 dollars. On the other hand, you should expect to pay around 250 to 300 dollars for a high-quality wallet.</p>\n\n<p>In case you need a wallet to use for a long time, it is a good idea that you should invest a decent amount of money on a wallet. A high quality wallet from a reputational brand with the premium quality such as cowhide leather will last for a long time. In addition, it is an accessory to show off your fashion sense and your social status.</p>\n\n<p style=\"text-align:center\"><img alt=\"f2\" height=\"400\" src=\"/storage/news/5.png\" /></p>\n\n<p>&nbsp;</p>\n'),('vi',3,'Xu hướng túi xách hàng đầu năm 2020 cần biết','You should pay more attention when you choose your wallets. There are a lot of them on the market with the different designs and styles. When you choose carefully, you would be able to buy a wallet that is catered to your needs. Not to mention that it will help to enhance your style significantly.','<p>I have seen many people underestimating the power of their wallets. To them, they are just a functional item they use to carry. As a result, they often end up with the wallets which are not really suitable for them.</p>\n\n<p>You should pay more attention when you choose your wallets. There are a lot of them on the market with the different designs and styles. When you choose carefully, you would be able to buy a wallet that is catered to your needs. Not to mention that it will help to enhance your style significantly.</p>\n\n<p style=\"text-align:center\"><img alt=\"f4\" src=\"/storage/news/1.png\" /></p>\n\n<p><br />\n&nbsp;</p>\n\n\n\n<p><strong><em>For all of the reason above, here are 7 expert tips to help you pick up the right men&rsquo;s wallet for you:</em></strong></p>\n\n<h4><strong>Number 1: Choose A Neat Wallet</strong></h4>\n\n<p>The wallet is an essential accessory that you should go simple. Simplicity is the best in this case. A simple and neat wallet with the plain color and even&nbsp;<strong>minimalist style</strong>&nbsp;is versatile. It can be used for both formal and casual events. In addition, that wallet will go well with most of the clothes in your wardrobe.</p>\n\n<p>Keep in mind that a wallet will tell other people about your personality and your fashion sense as much as other clothes you put on. Hence, don&rsquo;t go cheesy on your wallet or else people will think that you have a funny and particular style.</p>\n\n<p style=\"text-align:center\"><img alt=\"f5\" src=\"/storage/news/2.png\" /></p>\n\n<p><br />\n&nbsp;</p>\n<hr />\n<h4><strong>Number 2: Choose The Right Size For Your Wallet</strong></h4>\n\n<p>You should avoid having an over-sized wallet. Don&rsquo;t think that you need to buy a big wallet because you have a lot to carry with you. In addition, a fat wallet is very ugly. It will make it harder for you to slide the wallet into your trousers&rsquo; pocket. In addition, it will create a bulge and ruin your look.</p>\n\n<p>Before you go on to buy a new wallet, clean out your wallet and place all of the items from your wallet on a table. Throw away things that you would never need any more such as the old bills or the expired gift cards. Remember to check your wallet on a frequent basis to get rid of all of the old stuff that you don&rsquo;t need anymore.</p>\n\n<p style=\"text-align:center\"><img alt=\"f1\" src=\"/storage/news/3.png\" /></p>\n\n<p><br />\n&nbsp;</p>\n\n<hr />\n<h4><strong>Number 3: Don&rsquo;t Limit Your Options Of Materials</strong></h4>\n\n<p>The types and designs of wallets are not the only things that you should consider when you go out searching for your best wallet. You have more than 1 option of material rather than leather to choose from as well.</p>\n\n<p>You can experiment with other available options such as cotton, polyester and canvas. They all have their own pros and cons. As a result, they will be suitable for different needs and requirements. You should think about them all in order to choose the material which you would like the most.</p>\n\n<p style=\"text-align:center\"><img alt=\"f6\" height=\"375\" src=\"/storage/news/4.png\" /></p>\n\n<p><br />\n&nbsp;</p>\n\n<hr />\n<h4><strong>Number 4: Consider A Wallet As A Long Term Investment</strong></h4>\n\n<p>Your wallet is indeed an investment that you should consider spending a decent amount of time and effort on it. Another factor that you need to consider is how much you want to spend on your wallet. The price ranges of wallets on the market vary a great deal. You can find a wallet which is as cheap as about 5 to 7 dollars. On the other hand, you should expect to pay around 250 to 300 dollars for a high-quality wallet.</p>\n\n<p>In case you need a wallet to use for a long time, it is a good idea that you should invest a decent amount of money on a wallet. A high quality wallet from a reputational brand with the premium quality such as cowhide leather will last for a long time. In addition, it is an accessory to show off your fashion sense and your social status.</p>\n\n<p style=\"text-align:center\"><img alt=\"f2\" height=\"400\" src=\"/storage/news/5.png\" /></p>\n\n<p>&nbsp;</p>\n'),('vi',4,'Cách Phối Màu Túi Xách Của Bạn Với Trang Phục','You should pay more attention when you choose your wallets. There are a lot of them on the market with the different designs and styles. When you choose carefully, you would be able to buy a wallet that is catered to your needs. Not to mention that it will help to enhance your style significantly.','<p>I have seen many people underestimating the power of their wallets. To them, they are just a functional item they use to carry. As a result, they often end up with the wallets which are not really suitable for them.</p>\n\n<p>You should pay more attention when you choose your wallets. There are a lot of them on the market with the different designs and styles. When you choose carefully, you would be able to buy a wallet that is catered to your needs. Not to mention that it will help to enhance your style significantly.</p>\n\n<p style=\"text-align:center\"><img alt=\"f4\" src=\"/storage/news/1.png\" /></p>\n\n<p><br />\n&nbsp;</p>\n\n\n\n<p><strong><em>For all of the reason above, here are 7 expert tips to help you pick up the right men&rsquo;s wallet for you:</em></strong></p>\n\n<h4><strong>Number 1: Choose A Neat Wallet</strong></h4>\n\n<p>The wallet is an essential accessory that you should go simple. Simplicity is the best in this case. A simple and neat wallet with the plain color and even&nbsp;<strong>minimalist style</strong>&nbsp;is versatile. It can be used for both formal and casual events. In addition, that wallet will go well with most of the clothes in your wardrobe.</p>\n\n<p>Keep in mind that a wallet will tell other people about your personality and your fashion sense as much as other clothes you put on. Hence, don&rsquo;t go cheesy on your wallet or else people will think that you have a funny and particular style.</p>\n\n<p style=\"text-align:center\"><img alt=\"f5\" src=\"/storage/news/2.png\" /></p>\n\n<p><br />\n&nbsp;</p>\n<hr />\n<h4><strong>Number 2: Choose The Right Size For Your Wallet</strong></h4>\n\n<p>You should avoid having an over-sized wallet. Don&rsquo;t think that you need to buy a big wallet because you have a lot to carry with you. In addition, a fat wallet is very ugly. It will make it harder for you to slide the wallet into your trousers&rsquo; pocket. In addition, it will create a bulge and ruin your look.</p>\n\n<p>Before you go on to buy a new wallet, clean out your wallet and place all of the items from your wallet on a table. Throw away things that you would never need any more such as the old bills or the expired gift cards. Remember to check your wallet on a frequent basis to get rid of all of the old stuff that you don&rsquo;t need anymore.</p>\n\n<p style=\"text-align:center\"><img alt=\"f1\" src=\"/storage/news/3.png\" /></p>\n\n<p><br />\n&nbsp;</p>\n\n<hr />\n<h4><strong>Number 3: Don&rsquo;t Limit Your Options Of Materials</strong></h4>\n\n<p>The types and designs of wallets are not the only things that you should consider when you go out searching for your best wallet. You have more than 1 option of material rather than leather to choose from as well.</p>\n\n<p>You can experiment with other available options such as cotton, polyester and canvas. They all have their own pros and cons. As a result, they will be suitable for different needs and requirements. You should think about them all in order to choose the material which you would like the most.</p>\n\n<p style=\"text-align:center\"><img alt=\"f6\" height=\"375\" src=\"/storage/news/4.png\" /></p>\n\n<p><br />\n&nbsp;</p>\n\n<hr />\n<h4><strong>Number 4: Consider A Wallet As A Long Term Investment</strong></h4>\n\n<p>Your wallet is indeed an investment that you should consider spending a decent amount of time and effort on it. Another factor that you need to consider is how much you want to spend on your wallet. The price ranges of wallets on the market vary a great deal. You can find a wallet which is as cheap as about 5 to 7 dollars. On the other hand, you should expect to pay around 250 to 300 dollars for a high-quality wallet.</p>\n\n<p>In case you need a wallet to use for a long time, it is a good idea that you should invest a decent amount of money on a wallet. A high quality wallet from a reputational brand with the premium quality such as cowhide leather will last for a long time. In addition, it is an accessory to show off your fashion sense and your social status.</p>\n\n<p style=\"text-align:center\"><img alt=\"f2\" height=\"400\" src=\"/storage/news/5.png\" /></p>\n\n<p>&nbsp;</p>\n'),('vi',5,'Cách Chăm sóc Túi Da','You should pay more attention when you choose your wallets. There are a lot of them on the market with the different designs and styles. When you choose carefully, you would be able to buy a wallet that is catered to your needs. Not to mention that it will help to enhance your style significantly.','<p>I have seen many people underestimating the power of their wallets. To them, they are just a functional item they use to carry. As a result, they often end up with the wallets which are not really suitable for them.</p>\n\n<p>You should pay more attention when you choose your wallets. There are a lot of them on the market with the different designs and styles. When you choose carefully, you would be able to buy a wallet that is catered to your needs. Not to mention that it will help to enhance your style significantly.</p>\n\n<p style=\"text-align:center\"><img alt=\"f4\" src=\"/storage/news/1.png\" /></p>\n\n<p><br />\n&nbsp;</p>\n\n\n\n<p><strong><em>For all of the reason above, here are 7 expert tips to help you pick up the right men&rsquo;s wallet for you:</em></strong></p>\n\n<h4><strong>Number 1: Choose A Neat Wallet</strong></h4>\n\n<p>The wallet is an essential accessory that you should go simple. Simplicity is the best in this case. A simple and neat wallet with the plain color and even&nbsp;<strong>minimalist style</strong>&nbsp;is versatile. It can be used for both formal and casual events. In addition, that wallet will go well with most of the clothes in your wardrobe.</p>\n\n<p>Keep in mind that a wallet will tell other people about your personality and your fashion sense as much as other clothes you put on. Hence, don&rsquo;t go cheesy on your wallet or else people will think that you have a funny and particular style.</p>\n\n<p style=\"text-align:center\"><img alt=\"f5\" src=\"/storage/news/2.png\" /></p>\n\n<p><br />\n&nbsp;</p>\n<hr />\n<h4><strong>Number 2: Choose The Right Size For Your Wallet</strong></h4>\n\n<p>You should avoid having an over-sized wallet. Don&rsquo;t think that you need to buy a big wallet because you have a lot to carry with you. In addition, a fat wallet is very ugly. It will make it harder for you to slide the wallet into your trousers&rsquo; pocket. In addition, it will create a bulge and ruin your look.</p>\n\n<p>Before you go on to buy a new wallet, clean out your wallet and place all of the items from your wallet on a table. Throw away things that you would never need any more such as the old bills or the expired gift cards. Remember to check your wallet on a frequent basis to get rid of all of the old stuff that you don&rsquo;t need anymore.</p>\n\n<p style=\"text-align:center\"><img alt=\"f1\" src=\"/storage/news/3.png\" /></p>\n\n<p><br />\n&nbsp;</p>\n\n<hr />\n<h4><strong>Number 3: Don&rsquo;t Limit Your Options Of Materials</strong></h4>\n\n<p>The types and designs of wallets are not the only things that you should consider when you go out searching for your best wallet. You have more than 1 option of material rather than leather to choose from as well.</p>\n\n<p>You can experiment with other available options such as cotton, polyester and canvas. They all have their own pros and cons. As a result, they will be suitable for different needs and requirements. You should think about them all in order to choose the material which you would like the most.</p>\n\n<p style=\"text-align:center\"><img alt=\"f6\" height=\"375\" src=\"/storage/news/4.png\" /></p>\n\n<p><br />\n&nbsp;</p>\n\n<hr />\n<h4><strong>Number 4: Consider A Wallet As A Long Term Investment</strong></h4>\n\n<p>Your wallet is indeed an investment that you should consider spending a decent amount of time and effort on it. Another factor that you need to consider is how much you want to spend on your wallet. The price ranges of wallets on the market vary a great deal. You can find a wallet which is as cheap as about 5 to 7 dollars. On the other hand, you should expect to pay around 250 to 300 dollars for a high-quality wallet.</p>\n\n<p>In case you need a wallet to use for a long time, it is a good idea that you should invest a decent amount of money on a wallet. A high quality wallet from a reputational brand with the premium quality such as cowhide leather will last for a long time. In addition, it is an accessory to show off your fashion sense and your social status.</p>\n\n<p style=\"text-align:center\"><img alt=\"f2\" height=\"400\" src=\"/storage/news/5.png\" /></p>\n\n<p>&nbsp;</p>\n'),('vi',6,'Chúng tôi đang nghiền ngẫm 10 xu hướng túi lớn nhất của mùa hè','You should pay more attention when you choose your wallets. There are a lot of them on the market with the different designs and styles. When you choose carefully, you would be able to buy a wallet that is catered to your needs. Not to mention that it will help to enhance your style significantly.','<p>I have seen many people underestimating the power of their wallets. To them, they are just a functional item they use to carry. As a result, they often end up with the wallets which are not really suitable for them.</p>\n\n<p>You should pay more attention when you choose your wallets. There are a lot of them on the market with the different designs and styles. When you choose carefully, you would be able to buy a wallet that is catered to your needs. Not to mention that it will help to enhance your style significantly.</p>\n\n<p style=\"text-align:center\"><img alt=\"f4\" src=\"/storage/news/1.png\" /></p>\n\n<p><br />\n&nbsp;</p>\n\n\n\n<p><strong><em>For all of the reason above, here are 7 expert tips to help you pick up the right men&rsquo;s wallet for you:</em></strong></p>\n\n<h4><strong>Number 1: Choose A Neat Wallet</strong></h4>\n\n<p>The wallet is an essential accessory that you should go simple. Simplicity is the best in this case. A simple and neat wallet with the plain color and even&nbsp;<strong>minimalist style</strong>&nbsp;is versatile. It can be used for both formal and casual events. In addition, that wallet will go well with most of the clothes in your wardrobe.</p>\n\n<p>Keep in mind that a wallet will tell other people about your personality and your fashion sense as much as other clothes you put on. Hence, don&rsquo;t go cheesy on your wallet or else people will think that you have a funny and particular style.</p>\n\n<p style=\"text-align:center\"><img alt=\"f5\" src=\"/storage/news/2.png\" /></p>\n\n<p><br />\n&nbsp;</p>\n<hr />\n<h4><strong>Number 2: Choose The Right Size For Your Wallet</strong></h4>\n\n<p>You should avoid having an over-sized wallet. Don&rsquo;t think that you need to buy a big wallet because you have a lot to carry with you. In addition, a fat wallet is very ugly. It will make it harder for you to slide the wallet into your trousers&rsquo; pocket. In addition, it will create a bulge and ruin your look.</p>\n\n<p>Before you go on to buy a new wallet, clean out your wallet and place all of the items from your wallet on a table. Throw away things that you would never need any more such as the old bills or the expired gift cards. Remember to check your wallet on a frequent basis to get rid of all of the old stuff that you don&rsquo;t need anymore.</p>\n\n<p style=\"text-align:center\"><img alt=\"f1\" src=\"/storage/news/3.png\" /></p>\n\n<p><br />\n&nbsp;</p>\n\n<hr />\n<h4><strong>Number 3: Don&rsquo;t Limit Your Options Of Materials</strong></h4>\n\n<p>The types and designs of wallets are not the only things that you should consider when you go out searching for your best wallet. You have more than 1 option of material rather than leather to choose from as well.</p>\n\n<p>You can experiment with other available options such as cotton, polyester and canvas. They all have their own pros and cons. As a result, they will be suitable for different needs and requirements. You should think about them all in order to choose the material which you would like the most.</p>\n\n<p style=\"text-align:center\"><img alt=\"f6\" height=\"375\" src=\"/storage/news/4.png\" /></p>\n\n<p><br />\n&nbsp;</p>\n\n<hr />\n<h4><strong>Number 4: Consider A Wallet As A Long Term Investment</strong></h4>\n\n<p>Your wallet is indeed an investment that you should consider spending a decent amount of time and effort on it. Another factor that you need to consider is how much you want to spend on your wallet. The price ranges of wallets on the market vary a great deal. You can find a wallet which is as cheap as about 5 to 7 dollars. On the other hand, you should expect to pay around 250 to 300 dollars for a high-quality wallet.</p>\n\n<p>In case you need a wallet to use for a long time, it is a good idea that you should invest a decent amount of money on a wallet. A high quality wallet from a reputational brand with the premium quality such as cowhide leather will last for a long time. In addition, it is an accessory to show off your fashion sense and your social status.</p>\n\n<p style=\"text-align:center\"><img alt=\"f2\" height=\"400\" src=\"/storage/news/5.png\" /></p>\n\n<p>&nbsp;</p>\n'),('vi',7,'Những phẩm chất cần thiết của âm nhạc thành công cao','You should pay more attention when you choose your wallets. There are a lot of them on the market with the different designs and styles. When you choose carefully, you would be able to buy a wallet that is catered to your needs. Not to mention that it will help to enhance your style significantly.','<p>I have seen many people underestimating the power of their wallets. To them, they are just a functional item they use to carry. As a result, they often end up with the wallets which are not really suitable for them.</p>\n\n<p>You should pay more attention when you choose your wallets. There are a lot of them on the market with the different designs and styles. When you choose carefully, you would be able to buy a wallet that is catered to your needs. Not to mention that it will help to enhance your style significantly.</p>\n\n<p style=\"text-align:center\"><img alt=\"f4\" src=\"/storage/news/1.png\" /></p>\n\n<p><br />\n&nbsp;</p>\n\n\n\n<p><strong><em>For all of the reason above, here are 7 expert tips to help you pick up the right men&rsquo;s wallet for you:</em></strong></p>\n\n<h4><strong>Number 1: Choose A Neat Wallet</strong></h4>\n\n<p>The wallet is an essential accessory that you should go simple. Simplicity is the best in this case. A simple and neat wallet with the plain color and even&nbsp;<strong>minimalist style</strong>&nbsp;is versatile. It can be used for both formal and casual events. In addition, that wallet will go well with most of the clothes in your wardrobe.</p>\n\n<p>Keep in mind that a wallet will tell other people about your personality and your fashion sense as much as other clothes you put on. Hence, don&rsquo;t go cheesy on your wallet or else people will think that you have a funny and particular style.</p>\n\n<p style=\"text-align:center\"><img alt=\"f5\" src=\"/storage/news/2.png\" /></p>\n\n<p><br />\n&nbsp;</p>\n<hr />\n<h4><strong>Number 2: Choose The Right Size For Your Wallet</strong></h4>\n\n<p>You should avoid having an over-sized wallet. Don&rsquo;t think that you need to buy a big wallet because you have a lot to carry with you. In addition, a fat wallet is very ugly. It will make it harder for you to slide the wallet into your trousers&rsquo; pocket. In addition, it will create a bulge and ruin your look.</p>\n\n<p>Before you go on to buy a new wallet, clean out your wallet and place all of the items from your wallet on a table. Throw away things that you would never need any more such as the old bills or the expired gift cards. Remember to check your wallet on a frequent basis to get rid of all of the old stuff that you don&rsquo;t need anymore.</p>\n\n<p style=\"text-align:center\"><img alt=\"f1\" src=\"/storage/news/3.png\" /></p>\n\n<p><br />\n&nbsp;</p>\n\n<hr />\n<h4><strong>Number 3: Don&rsquo;t Limit Your Options Of Materials</strong></h4>\n\n<p>The types and designs of wallets are not the only things that you should consider when you go out searching for your best wallet. You have more than 1 option of material rather than leather to choose from as well.</p>\n\n<p>You can experiment with other available options such as cotton, polyester and canvas. They all have their own pros and cons. As a result, they will be suitable for different needs and requirements. You should think about them all in order to choose the material which you would like the most.</p>\n\n<p style=\"text-align:center\"><img alt=\"f6\" height=\"375\" src=\"/storage/news/4.png\" /></p>\n\n<p><br />\n&nbsp;</p>\n\n<hr />\n<h4><strong>Number 4: Consider A Wallet As A Long Term Investment</strong></h4>\n\n<p>Your wallet is indeed an investment that you should consider spending a decent amount of time and effort on it. Another factor that you need to consider is how much you want to spend on your wallet. The price ranges of wallets on the market vary a great deal. You can find a wallet which is as cheap as about 5 to 7 dollars. On the other hand, you should expect to pay around 250 to 300 dollars for a high-quality wallet.</p>\n\n<p>In case you need a wallet to use for a long time, it is a good idea that you should invest a decent amount of money on a wallet. A high quality wallet from a reputational brand with the premium quality such as cowhide leather will last for a long time. In addition, it is an accessory to show off your fashion sense and your social status.</p>\n\n<p style=\"text-align:center\"><img alt=\"f2\" height=\"400\" src=\"/storage/news/5.png\" /></p>\n\n<p>&nbsp;</p>\n'),('vi',8,'9 điều tôi thích khi cạo đầu','You should pay more attention when you choose your wallets. There are a lot of them on the market with the different designs and styles. When you choose carefully, you would be able to buy a wallet that is catered to your needs. Not to mention that it will help to enhance your style significantly.','<p>I have seen many people underestimating the power of their wallets. To them, they are just a functional item they use to carry. As a result, they often end up with the wallets which are not really suitable for them.</p>\n\n<p>You should pay more attention when you choose your wallets. There are a lot of them on the market with the different designs and styles. When you choose carefully, you would be able to buy a wallet that is catered to your needs. Not to mention that it will help to enhance your style significantly.</p>\n\n<p style=\"text-align:center\"><img alt=\"f4\" src=\"/storage/news/1.png\" /></p>\n\n<p><br />\n&nbsp;</p>\n\n\n\n<p><strong><em>For all of the reason above, here are 7 expert tips to help you pick up the right men&rsquo;s wallet for you:</em></strong></p>\n\n<h4><strong>Number 1: Choose A Neat Wallet</strong></h4>\n\n<p>The wallet is an essential accessory that you should go simple. Simplicity is the best in this case. A simple and neat wallet with the plain color and even&nbsp;<strong>minimalist style</strong>&nbsp;is versatile. It can be used for both formal and casual events. In addition, that wallet will go well with most of the clothes in your wardrobe.</p>\n\n<p>Keep in mind that a wallet will tell other people about your personality and your fashion sense as much as other clothes you put on. Hence, don&rsquo;t go cheesy on your wallet or else people will think that you have a funny and particular style.</p>\n\n<p style=\"text-align:center\"><img alt=\"f5\" src=\"/storage/news/2.png\" /></p>\n\n<p><br />\n&nbsp;</p>\n<hr />\n<h4><strong>Number 2: Choose The Right Size For Your Wallet</strong></h4>\n\n<p>You should avoid having an over-sized wallet. Don&rsquo;t think that you need to buy a big wallet because you have a lot to carry with you. In addition, a fat wallet is very ugly. It will make it harder for you to slide the wallet into your trousers&rsquo; pocket. In addition, it will create a bulge and ruin your look.</p>\n\n<p>Before you go on to buy a new wallet, clean out your wallet and place all of the items from your wallet on a table. Throw away things that you would never need any more such as the old bills or the expired gift cards. Remember to check your wallet on a frequent basis to get rid of all of the old stuff that you don&rsquo;t need anymore.</p>\n\n<p style=\"text-align:center\"><img alt=\"f1\" src=\"/storage/news/3.png\" /></p>\n\n<p><br />\n&nbsp;</p>\n\n<hr />\n<h4><strong>Number 3: Don&rsquo;t Limit Your Options Of Materials</strong></h4>\n\n<p>The types and designs of wallets are not the only things that you should consider when you go out searching for your best wallet. You have more than 1 option of material rather than leather to choose from as well.</p>\n\n<p>You can experiment with other available options such as cotton, polyester and canvas. They all have their own pros and cons. As a result, they will be suitable for different needs and requirements. You should think about them all in order to choose the material which you would like the most.</p>\n\n<p style=\"text-align:center\"><img alt=\"f6\" height=\"375\" src=\"/storage/news/4.png\" /></p>\n\n<p><br />\n&nbsp;</p>\n\n<hr />\n<h4><strong>Number 4: Consider A Wallet As A Long Term Investment</strong></h4>\n\n<p>Your wallet is indeed an investment that you should consider spending a decent amount of time and effort on it. Another factor that you need to consider is how much you want to spend on your wallet. The price ranges of wallets on the market vary a great deal. You can find a wallet which is as cheap as about 5 to 7 dollars. On the other hand, you should expect to pay around 250 to 300 dollars for a high-quality wallet.</p>\n\n<p>In case you need a wallet to use for a long time, it is a good idea that you should invest a decent amount of money on a wallet. A high quality wallet from a reputational brand with the premium quality such as cowhide leather will last for a long time. In addition, it is an accessory to show off your fashion sense and your social status.</p>\n\n<p style=\"text-align:center\"><img alt=\"f2\" height=\"400\" src=\"/storage/news/5.png\" /></p>\n\n<p>&nbsp;</p>\n'),('vi',9,'Tại sao làm việc theo nhóm thực sự biến giấc mơ thành công','You should pay more attention when you choose your wallets. There are a lot of them on the market with the different designs and styles. When you choose carefully, you would be able to buy a wallet that is catered to your needs. Not to mention that it will help to enhance your style significantly.','<p>I have seen many people underestimating the power of their wallets. To them, they are just a functional item they use to carry. As a result, they often end up with the wallets which are not really suitable for them.</p>\n\n<p>You should pay more attention when you choose your wallets. There are a lot of them on the market with the different designs and styles. When you choose carefully, you would be able to buy a wallet that is catered to your needs. Not to mention that it will help to enhance your style significantly.</p>\n\n<p style=\"text-align:center\"><img alt=\"f4\" src=\"/storage/news/1.png\" /></p>\n\n<p><br />\n&nbsp;</p>\n\n\n\n<p><strong><em>For all of the reason above, here are 7 expert tips to help you pick up the right men&rsquo;s wallet for you:</em></strong></p>\n\n<h4><strong>Number 1: Choose A Neat Wallet</strong></h4>\n\n<p>The wallet is an essential accessory that you should go simple. Simplicity is the best in this case. A simple and neat wallet with the plain color and even&nbsp;<strong>minimalist style</strong>&nbsp;is versatile. It can be used for both formal and casual events. In addition, that wallet will go well with most of the clothes in your wardrobe.</p>\n\n<p>Keep in mind that a wallet will tell other people about your personality and your fashion sense as much as other clothes you put on. Hence, don&rsquo;t go cheesy on your wallet or else people will think that you have a funny and particular style.</p>\n\n<p style=\"text-align:center\"><img alt=\"f5\" src=\"/storage/news/2.png\" /></p>\n\n<p><br />\n&nbsp;</p>\n<hr />\n<h4><strong>Number 2: Choose The Right Size For Your Wallet</strong></h4>\n\n<p>You should avoid having an over-sized wallet. Don&rsquo;t think that you need to buy a big wallet because you have a lot to carry with you. In addition, a fat wallet is very ugly. It will make it harder for you to slide the wallet into your trousers&rsquo; pocket. In addition, it will create a bulge and ruin your look.</p>\n\n<p>Before you go on to buy a new wallet, clean out your wallet and place all of the items from your wallet on a table. Throw away things that you would never need any more such as the old bills or the expired gift cards. Remember to check your wallet on a frequent basis to get rid of all of the old stuff that you don&rsquo;t need anymore.</p>\n\n<p style=\"text-align:center\"><img alt=\"f1\" src=\"/storage/news/3.png\" /></p>\n\n<p><br />\n&nbsp;</p>\n\n<hr />\n<h4><strong>Number 3: Don&rsquo;t Limit Your Options Of Materials</strong></h4>\n\n<p>The types and designs of wallets are not the only things that you should consider when you go out searching for your best wallet. You have more than 1 option of material rather than leather to choose from as well.</p>\n\n<p>You can experiment with other available options such as cotton, polyester and canvas. They all have their own pros and cons. As a result, they will be suitable for different needs and requirements. You should think about them all in order to choose the material which you would like the most.</p>\n\n<p style=\"text-align:center\"><img alt=\"f6\" height=\"375\" src=\"/storage/news/4.png\" /></p>\n\n<p><br />\n&nbsp;</p>\n\n<hr />\n<h4><strong>Number 4: Consider A Wallet As A Long Term Investment</strong></h4>\n\n<p>Your wallet is indeed an investment that you should consider spending a decent amount of time and effort on it. Another factor that you need to consider is how much you want to spend on your wallet. The price ranges of wallets on the market vary a great deal. You can find a wallet which is as cheap as about 5 to 7 dollars. On the other hand, you should expect to pay around 250 to 300 dollars for a high-quality wallet.</p>\n\n<p>In case you need a wallet to use for a long time, it is a good idea that you should invest a decent amount of money on a wallet. A high quality wallet from a reputational brand with the premium quality such as cowhide leather will last for a long time. In addition, it is an accessory to show off your fashion sense and your social status.</p>\n\n<p style=\"text-align:center\"><img alt=\"f2\" height=\"400\" src=\"/storage/news/5.png\" /></p>\n\n<p>&nbsp;</p>\n'),('vi',10,'Thế giới phục vụ cho những người trung bình','You should pay more attention when you choose your wallets. There are a lot of them on the market with the different designs and styles. When you choose carefully, you would be able to buy a wallet that is catered to your needs. Not to mention that it will help to enhance your style significantly.','<p>I have seen many people underestimating the power of their wallets. To them, they are just a functional item they use to carry. As a result, they often end up with the wallets which are not really suitable for them.</p>\n\n<p>You should pay more attention when you choose your wallets. There are a lot of them on the market with the different designs and styles. When you choose carefully, you would be able to buy a wallet that is catered to your needs. Not to mention that it will help to enhance your style significantly.</p>\n\n<p style=\"text-align:center\"><img alt=\"f4\" src=\"/storage/news/1.png\" /></p>\n\n<p><br />\n&nbsp;</p>\n\n\n\n<p><strong><em>For all of the reason above, here are 7 expert tips to help you pick up the right men&rsquo;s wallet for you:</em></strong></p>\n\n<h4><strong>Number 1: Choose A Neat Wallet</strong></h4>\n\n<p>The wallet is an essential accessory that you should go simple. Simplicity is the best in this case. A simple and neat wallet with the plain color and even&nbsp;<strong>minimalist style</strong>&nbsp;is versatile. It can be used for both formal and casual events. In addition, that wallet will go well with most of the clothes in your wardrobe.</p>\n\n<p>Keep in mind that a wallet will tell other people about your personality and your fashion sense as much as other clothes you put on. Hence, don&rsquo;t go cheesy on your wallet or else people will think that you have a funny and particular style.</p>\n\n<p style=\"text-align:center\"><img alt=\"f5\" src=\"/storage/news/2.png\" /></p>\n\n<p><br />\n&nbsp;</p>\n<hr />\n<h4><strong>Number 2: Choose The Right Size For Your Wallet</strong></h4>\n\n<p>You should avoid having an over-sized wallet. Don&rsquo;t think that you need to buy a big wallet because you have a lot to carry with you. In addition, a fat wallet is very ugly. It will make it harder for you to slide the wallet into your trousers&rsquo; pocket. In addition, it will create a bulge and ruin your look.</p>\n\n<p>Before you go on to buy a new wallet, clean out your wallet and place all of the items from your wallet on a table. Throw away things that you would never need any more such as the old bills or the expired gift cards. Remember to check your wallet on a frequent basis to get rid of all of the old stuff that you don&rsquo;t need anymore.</p>\n\n<p style=\"text-align:center\"><img alt=\"f1\" src=\"/storage/news/3.png\" /></p>\n\n<p><br />\n&nbsp;</p>\n\n<hr />\n<h4><strong>Number 3: Don&rsquo;t Limit Your Options Of Materials</strong></h4>\n\n<p>The types and designs of wallets are not the only things that you should consider when you go out searching for your best wallet. You have more than 1 option of material rather than leather to choose from as well.</p>\n\n<p>You can experiment with other available options such as cotton, polyester and canvas. They all have their own pros and cons. As a result, they will be suitable for different needs and requirements. You should think about them all in order to choose the material which you would like the most.</p>\n\n<p style=\"text-align:center\"><img alt=\"f6\" height=\"375\" src=\"/storage/news/4.png\" /></p>\n\n<p><br />\n&nbsp;</p>\n\n<hr />\n<h4><strong>Number 4: Consider A Wallet As A Long Term Investment</strong></h4>\n\n<p>Your wallet is indeed an investment that you should consider spending a decent amount of time and effort on it. Another factor that you need to consider is how much you want to spend on your wallet. The price ranges of wallets on the market vary a great deal. You can find a wallet which is as cheap as about 5 to 7 dollars. On the other hand, you should expect to pay around 250 to 300 dollars for a high-quality wallet.</p>\n\n<p>In case you need a wallet to use for a long time, it is a good idea that you should invest a decent amount of money on a wallet. A high quality wallet from a reputational brand with the premium quality such as cowhide leather will last for a long time. In addition, it is an accessory to show off your fashion sense and your social status.</p>\n\n<p style=\"text-align:center\"><img alt=\"f2\" height=\"400\" src=\"/storage/news/5.png\" /></p>\n\n<p>&nbsp;</p>\n'),('vi',11,'Các đương sự trên màn hình không phải là diễn viên','You should pay more attention when you choose your wallets. There are a lot of them on the market with the different designs and styles. When you choose carefully, you would be able to buy a wallet that is catered to your needs. Not to mention that it will help to enhance your style significantly.','<p>I have seen many people underestimating the power of their wallets. To them, they are just a functional item they use to carry. As a result, they often end up with the wallets which are not really suitable for them.</p>\n\n<p>You should pay more attention when you choose your wallets. There are a lot of them on the market with the different designs and styles. When you choose carefully, you would be able to buy a wallet that is catered to your needs. Not to mention that it will help to enhance your style significantly.</p>\n\n<p style=\"text-align:center\"><img alt=\"f4\" src=\"/storage/news/1.png\" /></p>\n\n<p><br />\n&nbsp;</p>\n\n\n\n<p><strong><em>For all of the reason above, here are 7 expert tips to help you pick up the right men&rsquo;s wallet for you:</em></strong></p>\n\n<h4><strong>Number 1: Choose A Neat Wallet</strong></h4>\n\n<p>The wallet is an essential accessory that you should go simple. Simplicity is the best in this case. A simple and neat wallet with the plain color and even&nbsp;<strong>minimalist style</strong>&nbsp;is versatile. It can be used for both formal and casual events. In addition, that wallet will go well with most of the clothes in your wardrobe.</p>\n\n<p>Keep in mind that a wallet will tell other people about your personality and your fashion sense as much as other clothes you put on. Hence, don&rsquo;t go cheesy on your wallet or else people will think that you have a funny and particular style.</p>\n\n<p style=\"text-align:center\"><img alt=\"f5\" src=\"/storage/news/2.png\" /></p>\n\n<p><br />\n&nbsp;</p>\n<hr />\n<h4><strong>Number 2: Choose The Right Size For Your Wallet</strong></h4>\n\n<p>You should avoid having an over-sized wallet. Don&rsquo;t think that you need to buy a big wallet because you have a lot to carry with you. In addition, a fat wallet is very ugly. It will make it harder for you to slide the wallet into your trousers&rsquo; pocket. In addition, it will create a bulge and ruin your look.</p>\n\n<p>Before you go on to buy a new wallet, clean out your wallet and place all of the items from your wallet on a table. Throw away things that you would never need any more such as the old bills or the expired gift cards. Remember to check your wallet on a frequent basis to get rid of all of the old stuff that you don&rsquo;t need anymore.</p>\n\n<p style=\"text-align:center\"><img alt=\"f1\" src=\"/storage/news/3.png\" /></p>\n\n<p><br />\n&nbsp;</p>\n\n<hr />\n<h4><strong>Number 3: Don&rsquo;t Limit Your Options Of Materials</strong></h4>\n\n<p>The types and designs of wallets are not the only things that you should consider when you go out searching for your best wallet. You have more than 1 option of material rather than leather to choose from as well.</p>\n\n<p>You can experiment with other available options such as cotton, polyester and canvas. They all have their own pros and cons. As a result, they will be suitable for different needs and requirements. You should think about them all in order to choose the material which you would like the most.</p>\n\n<p style=\"text-align:center\"><img alt=\"f6\" height=\"375\" src=\"/storage/news/4.png\" /></p>\n\n<p><br />\n&nbsp;</p>\n\n<hr />\n<h4><strong>Number 4: Consider A Wallet As A Long Term Investment</strong></h4>\n\n<p>Your wallet is indeed an investment that you should consider spending a decent amount of time and effort on it. Another factor that you need to consider is how much you want to spend on your wallet. The price ranges of wallets on the market vary a great deal. You can find a wallet which is as cheap as about 5 to 7 dollars. On the other hand, you should expect to pay around 250 to 300 dollars for a high-quality wallet.</p>\n\n<p>In case you need a wallet to use for a long time, it is a good idea that you should invest a decent amount of money on a wallet. A high quality wallet from a reputational brand with the premium quality such as cowhide leather will last for a long time. In addition, it is an accessory to show off your fashion sense and your social status.</p>\n\n<p style=\"text-align:center\"><img alt=\"f2\" height=\"400\" src=\"/storage/news/5.png\" /></p>\n\n<p>&nbsp;</p>\n');
/*!40000 ALTER TABLE `posts_translations` ENABLE KEYS */;
UNLOCK TABLES;

--
-- Table structure for table `revisions`
--

DROP TABLE IF EXISTS `revisions`;
/*!40101 SET @saved_cs_client     = @@character_set_client */;
/*!50503 SET character_set_client = utf8mb4 */;
CREATE TABLE `revisions` (
  `id` bigint unsigned NOT NULL AUTO_INCREMENT,
  `revisionable_type` varchar(191) CHARACTER SET utf8mb4 COLLATE utf8mb4_unicode_ci NOT NULL,
  `revisionable_id` int NOT NULL,
  `user_id` int DEFAULT NULL,
  `key` varchar(191) CHARACTER SET utf8mb4 COLLATE utf8mb4_unicode_ci NOT NULL,
  `old_value` text CHARACTER SET utf8mb4 COLLATE utf8mb4_unicode_ci,
  `new_value` text CHARACTER SET utf8mb4 COLLATE utf8mb4_unicode_ci,
  `created_at` timestamp NULL DEFAULT NULL,
  `updated_at` timestamp NULL DEFAULT NULL,
  PRIMARY KEY (`id`),
  KEY `revisions_revisionable_id_revisionable_type_index` (`revisionable_id`,`revisionable_type`)
) ENGINE=InnoDB DEFAULT CHARSET=utf8mb4 COLLATE=utf8mb4_unicode_ci;
/*!40101 SET character_set_client = @saved_cs_client */;

--
-- Dumping data for table `revisions`
--

LOCK TABLES `revisions` WRITE;
/*!40000 ALTER TABLE `revisions` DISABLE KEYS */;
/*!40000 ALTER TABLE `revisions` ENABLE KEYS */;
UNLOCK TABLES;

--
-- Table structure for table `role_users`
--

DROP TABLE IF EXISTS `role_users`;
/*!40101 SET @saved_cs_client     = @@character_set_client */;
/*!50503 SET character_set_client = utf8mb4 */;
CREATE TABLE `role_users` (
  `id` bigint unsigned NOT NULL AUTO_INCREMENT,
  `user_id` int unsigned NOT NULL,
  `role_id` int unsigned NOT NULL,
  `created_at` timestamp NULL DEFAULT NULL,
  `updated_at` timestamp NULL DEFAULT NULL,
  PRIMARY KEY (`id`),
  KEY `role_users_user_id_index` (`user_id`),
  KEY `role_users_role_id_index` (`role_id`)
) ENGINE=InnoDB DEFAULT CHARSET=utf8mb4 COLLATE=utf8mb4_unicode_ci;
/*!40101 SET character_set_client = @saved_cs_client */;

--
-- Dumping data for table `role_users`
--

LOCK TABLES `role_users` WRITE;
/*!40000 ALTER TABLE `role_users` DISABLE KEYS */;
/*!40000 ALTER TABLE `role_users` ENABLE KEYS */;
UNLOCK TABLES;

--
-- Table structure for table `roles`
--

DROP TABLE IF EXISTS `roles`;
/*!40101 SET @saved_cs_client     = @@character_set_client */;
/*!50503 SET character_set_client = utf8mb4 */;
CREATE TABLE `roles` (
  `id` bigint unsigned NOT NULL AUTO_INCREMENT,
  `slug` varchar(120) CHARACTER SET utf8mb4 COLLATE utf8mb4_unicode_ci NOT NULL,
  `name` varchar(120) CHARACTER SET utf8mb4 COLLATE utf8mb4_unicode_ci NOT NULL,
  `permissions` text CHARACTER SET utf8mb4 COLLATE utf8mb4_unicode_ci,
  `description` varchar(255) CHARACTER SET utf8mb4 COLLATE utf8mb4_unicode_ci DEFAULT NULL,
  `is_default` tinyint unsigned NOT NULL DEFAULT '0',
  `created_by` int unsigned NOT NULL,
  `updated_by` int unsigned NOT NULL,
  `created_at` timestamp NULL DEFAULT NULL,
  `updated_at` timestamp NULL DEFAULT NULL,
  PRIMARY KEY (`id`),
  UNIQUE KEY `roles_slug_unique` (`slug`),
  KEY `roles_created_by_index` (`created_by`),
  KEY `roles_updated_by_index` (`updated_by`)
) ENGINE=InnoDB DEFAULT CHARSET=utf8mb4 COLLATE=utf8mb4_unicode_ci;
/*!40101 SET character_set_client = @saved_cs_client */;

--
-- Dumping data for table `roles`
--

LOCK TABLES `roles` WRITE;
/*!40000 ALTER TABLE `roles` DISABLE KEYS */;
/*!40000 ALTER TABLE `roles` ENABLE KEYS */;
UNLOCK TABLES;

--
-- Table structure for table `settings`
--

DROP TABLE IF EXISTS `settings`;
/*!40101 SET @saved_cs_client     = @@character_set_client */;
/*!50503 SET character_set_client = utf8mb4 */;
CREATE TABLE `settings` (
  `id` bigint unsigned NOT NULL AUTO_INCREMENT,
  `key` varchar(191) CHARACTER SET utf8mb4 COLLATE utf8mb4_unicode_ci NOT NULL,
  `value` text CHARACTER SET utf8mb4 COLLATE utf8mb4_unicode_ci,
  `created_at` timestamp NULL DEFAULT NULL,
  `updated_at` timestamp NULL DEFAULT NULL,
  PRIMARY KEY (`id`),
  UNIQUE KEY `settings_key_unique` (`key`)
) ENGINE=InnoDB AUTO_INCREMENT=214 DEFAULT CHARSET=utf8mb4 COLLATE=utf8mb4_unicode_ci;
/*!40101 SET character_set_client = @saved_cs_client */;

--
-- Dumping data for table `settings`
--

LOCK TABLES `settings` WRITE;
/*!40000 ALTER TABLE `settings` DISABLE KEYS */;
INSERT INTO `settings` VALUES (1,'activated_plugins','[\"language\",\"language-advanced\",\"ads\",\"analytics\",\"audit-log\",\"backup\",\"blog\",\"captcha\",\"contact\",\"cookie-consent\",\"ecommerce\",\"marketplace\",\"mollie\",\"newsletter\",\"payment\",\"paystack\",\"razorpay\",\"simple-slider\",\"social-login\",\"sslcommerz\",\"translation\",\"faq\",\"location\"]',NULL,NULL),(2,'payment_cod_status','1',NULL,NULL),(3,'payment_bank_transfer_status','1',NULL,NULL),(4,'permalink-botble-blog-models-post','blog',NULL,NULL),(5,'permalink-botble-blog-models-category','blog',NULL,NULL),(6,'permalink-botble-blog-models-tag','tag',NULL,NULL),(7,'payment_cod_description','Please pay money directly to the postman, if you choose cash on delivery method (COD).',NULL,NULL),(8,'payment_bank_transfer_description','Please send money to our bank account: ACB - 1990 404 19.',NULL,NULL),(9,'plugins_ecommerce_customer_new_order_status','0',NULL,NULL),(10,'plugins_ecommerce_admin_new_order_status','0',NULL,NULL),(11,'sale_popup_display_pages','[\"public.index\"]',NULL,NULL),(12,'admin_email','[]',NULL,NULL),(13,'time_zone','UTC',NULL,NULL),(14,'locale_direction','ltr',NULL,NULL),(15,'enable_send_error_reporting_via_email','0',NULL,NULL),(16,'login_screen_backgrounds','[]',NULL,NULL),(17,'admin_title','Laravel',NULL,NULL),(18,'rich_editor','ckeditor',NULL,NULL),(19,'enable_change_admin_theme','0',NULL,NULL),(20,'enable_cache','0',NULL,NULL),(21,'cache_time','10',NULL,NULL),(22,'cache_admin_menu_enable','0',NULL,NULL),(23,'google_site_verification','',NULL,NULL),(24,'cache_time_site_map','3600',NULL,NULL),(25,'show_admin_bar','1',NULL,NULL),(26,'enable_faq_schema','0',NULL,NULL),(27,'google_analytics','',NULL,NULL),(28,'analytics_view_id','',NULL,NULL),(29,'analytics_service_account_credentials','',NULL,NULL),(30,'newsletter_mailchimp_api_key','',NULL,NULL),(31,'newsletter_mailchimp_list_id','',NULL,NULL),(32,'newsletter_sendgrid_api_key','',NULL,NULL),(33,'newsletter_sendgrid_list_id','',NULL,NULL),(34,'enable_captcha','0',NULL,NULL),(35,'captcha_type','v2',NULL,NULL),(36,'captcha_hide_badge','0',NULL,NULL),(37,'captcha_site_key','',NULL,NULL),(38,'captcha_secret','',NULL,NULL),(39,'simple_slider_using_assets','1',NULL,NULL),(40,'locale','en',NULL,NULL),(41,'default_admin_theme','default',NULL,NULL),(42,'admin_locale_direction','ltr',NULL,NULL),(142,'language_hide_default','1',NULL,NULL),(143,'language_switcher_display','dropdown',NULL,NULL),(144,'language_display','all',NULL,NULL),(145,'language_hide_languages','[]',NULL,NULL),(146,'ecommerce_store_name','Nest',NULL,NULL),(147,'ecommerce_store_phone','18006268',NULL,NULL),(148,'ecommerce_store_address','North Link Building, 10 Admiralty Street',NULL,NULL),(149,'ecommerce_store_state','Singapore',NULL,NULL),(150,'ecommerce_store_city','Singapore',NULL,NULL),(151,'ecommerce_store_country','SG',NULL,NULL),(163,'theme','nest',NULL,NULL),(164,'admin_favicon','general/favicon.png',NULL,NULL),(165,'admin_logo','general/logo.png',NULL,NULL),(166,'theme-nest-site_title','Nest - Laravel Multipurpose eCommerce Script',NULL,NULL),(167,'theme-nest-copyright','Copyright © 2021 Nest all rights reserved. Powered by Botble.',NULL,NULL),(168,'theme-nest-favicon','general/favicon.png',NULL,NULL),(169,'theme-nest-logo','general/logo.png',NULL,NULL),(170,'theme-nest-seo_og_image','general/open-graph-image.png',NULL,NULL),(171,'theme-nest-address','562 Wellington Road, Street 32, San Francisco',NULL,NULL),(172,'theme-nest-hotline','1900 - 888',NULL,NULL),(173,'theme-nest-phone','+01 2222 365 /(+91) 01 2345 6789',NULL,NULL),(174,'theme-nest-working_hours','10:00 - 18:00, Mon - Sat',NULL,NULL),(175,'theme-nest-homepage_id','1',NULL,NULL),(176,'theme-nest-blog_page_id','5',NULL,NULL),(177,'theme-nest-cookie_consent_message','Your experience on this site will be improved by allowing cookies ',NULL,NULL),(178,'theme-nest-cookie_consent_learn_more_url','http://nest.test/cookie-policy',NULL,NULL),(179,'theme-nest-cookie_consent_learn_more_text','Cookie Policy',NULL,NULL),(180,'theme-nest-payment_methods','general/payment-methods.png',NULL,NULL),(181,'theme-nest-number_of_cross_sale_products_in_cart_page','4',NULL,NULL),(182,'theme-nest-mobile-header-message','<span>Grand opening, <strong>up to 15%</strong> off all items. Only <strong>3 days</strong> left</span>',NULL,NULL),(183,'theme-nest-blog_page_background','general/header-bg.png',NULL,NULL),(184,'theme-nest-blog_page_icon','general/category-1.png',NULL,NULL),(185,'theme-nest-image_in_login_page','general/login-1.png',NULL,NULL),(186,'theme-nest-number_of_products_per_page','12',NULL,NULL),(187,'theme-nest-preloader_enabled','yes',NULL,NULL),(188,'theme-nest-preloader_version','v2',NULL,NULL),(189,'theme-nest-preloader_image','general/loading.gif',NULL,NULL),(190,'theme-nest-social_links','[[{\"key\":\"social-name\",\"value\":\"Facebook\"},{\"key\":\"social-icon\",\"value\":\"general\\/facebook.png\"},{\"key\":\"social-url\",\"value\":\"https:\\/\\/www.facebook.com\\/\"}],[{\"key\":\"social-name\",\"value\":\"Twitter\"},{\"key\":\"social-icon\",\"value\":\"general\\/twitter.png\"},{\"key\":\"social-url\",\"value\":\"https:\\/\\/www.twitter.com\\/\"}],[{\"key\":\"social-name\",\"value\":\"Instagram\"},{\"key\":\"social-icon\",\"value\":\"general\\/instagram.png\"},{\"key\":\"social-url\",\"value\":\"https:\\/\\/www.instagram.com\\/\"}],[{\"key\":\"social-name\",\"value\":\"Pinterest\"},{\"key\":\"social-icon\",\"value\":\"general\\/pinterest.png\"},{\"key\":\"social-url\",\"value\":\"https:\\/\\/www.pinterest.com\\/\"}],[{\"key\":\"social-name\",\"value\":\"Youtube\"},{\"key\":\"social-icon\",\"value\":\"general\\/youtube.png\"},{\"key\":\"social-url\",\"value\":\"https:\\/\\/www.youtube.com\\/\"}]]',NULL,NULL),(191,'theme-nest-header_messages','[[{\"key\":\"icon\",\"value\":\"fi-rs-bell\"},{\"key\":\"message\",\"value\":\"<b class=\\\"text-success\\\"> Trendy 25<\\/b> silver jewelry, save up 35% off today\"},{\"key\":\"link\",\"value\":\"\\/products\"},{\"key\":\"link_text\",\"value\":\"Shop now\"}],[{\"key\":\"icon\",\"value\":\"fi-rs-asterisk\"},{\"key\":\"message\",\"value\":\"<b class=\\\"text-danger\\\">Supper Value Deals<\\/b> - Save more with coupons\"},{\"key\":\"link\",\"value\":null},{\"key\":\"link_text\",\"value\":null}],[{\"key\":\"icon\",\"value\":\"fi-rs-angle-double-right\"},{\"key\":\"message\",\"value\":\"Get great devices up to 50% off\"},{\"key\":\"link\",\"value\":\"\\/products\"},{\"key\":\"link_text\",\"value\":\"View details\"}]]',NULL,NULL),(192,'theme-nest-contact_info_boxes','[[{\"key\":\"name\",\"value\":\"Head Office\"},{\"key\":\"address\",\"value\":\"205 North Michigan Avenue, Suite 810, Chicago, 60601, USA\"},{\"key\":\"phone\",\"value\":\"(+01) 234 567\"},{\"key\":\"email\",\"value\":\"office@botble.com\"}],[{\"key\":\"name\",\"value\":\"Our Studio\"},{\"key\":\"address\",\"value\":\"205 North Michigan Avenue, Suite 810, Chicago, 60601, USA\"},{\"key\":\"phone\",\"value\":\"(+01) 234 567\"},{\"key\":\"email\",\"value\":\"studio@botble.com\"}],[{\"key\":\"name\",\"value\":\"Our Shop\"},{\"key\":\"address\",\"value\":\"205 North Michigan Avenue, Suite 810, Chicago, 60601, USA\"},{\"key\":\"phone\",\"value\":\"(+01) 234 567\"},{\"key\":\"email\",\"value\":\"shop@botble.com\"}]]',NULL,NULL),(193,'theme-nest-vi-font_text','Roboto Condensed',NULL,NULL),(194,'theme-nest-vi-copyright','Bản quyền © 2021 Nest tất cả quyền đã được bảo hộ. Phát triển bởi Botble.',NULL,NULL),(195,'theme-nest-vi-working_hours','10:00 - 18:00, Thứ Hai - Thứ Bảy',NULL,NULL),(196,'theme-nest-vi-cookie_consent_message','Trải nghiệm của bạn trên trang web này sẽ được cải thiện bằng cách cho phép cookie ',NULL,NULL),(197,'theme-nest-vi-cookie_consent_learn_more_url','http://nest.test/cookie-policy',NULL,NULL),(198,'theme-nest-vi-cookie_consent_learn_more_text','Chính sách cookie',NULL,NULL),(199,'theme-nest-vi-homepage_id','1',NULL,NULL),(200,'theme-nest-vi-blog_page_id','5',NULL,NULL),(201,'theme-nest-vi-header_messages','[[{\"key\":\"icon\",\"value\":\"fi-rs-bell\"},{\"key\":\"message\",\"value\":\"<b class=\\\"text-success\\\">Trang s\\u1ee9c b\\u1ea1c 25 <\\/b> th\\u1eddi th\\u01b0\\u1ee3ng, ti\\u1ebft ki\\u1ec7m \\u0111\\u1ebfn 35%\"},{\"key\":\"link\",\"value\":\"\\/products\"},{\"key\":\"link_text\",\"value\":\"Mua ngay\"}],[{\"key\":\"icon\",\"value\":\"fi-rs-asterisk\"},{\"key\":\"message\",\"value\":\"<b class=\\\"text-danger\\\">\\u01afu \\u0111\\u00e3i si\\u00eau gi\\u00e1 tr\\u1ecb <\\/b> - Ti\\u1ebft ki\\u1ec7m h\\u01a1n v\\u1edbi phi\\u1ebfu th\\u01b0\\u1edfng\"},{\"key\":\"link\",\"value\":null},{\"key\":\"link_text\",\"value\":null}],[{\"key\":\"icon\",\"value\":\"fi-rs-angle-double-right\"},{\"key\":\"message\",\"value\":\"Nh\\u1eadn c\\u00e1c s\\u1ea3n ph\\u1ea9m tuy\\u1ec7t v\\u1eddi gi\\u1ea3m gi\\u00e1 t\\u1edbi 50%\"},{\"key\":\"link\",\"value\":\"\\/products\"},{\"key\":\"link_text\",\"value\":\"Xem chi ti\\u1ebft\"}]]',NULL,NULL),(202,'theme-nest-vi-contact_info_boxes','[[{\"key\":\"name\",\"value\":\"Tr\\u1ee5 s\\u1edf ch\\u00ednh\"},{\"key\":\"address\",\"value\":\"205 North Michigan Avenue, Suite 810, Chicago, 60601, USA\"},{\"key\":\"phone\",\"value\":\"(+01) 234 567\"},{\"key\":\"email\",\"value\":\"office@botble.com\"}],[{\"key\":\"name\",\"value\":\"Gian h\\u00e0ng tr\\u01b0ng b\\u00e0y\"},{\"key\":\"address\",\"value\":\"205 North Michigan Avenue, Suite 810, Chicago, 60601, USA\"},{\"key\":\"phone\",\"value\":\"(+01) 234 567\"},{\"key\":\"email\",\"value\":\"studio@botble.com\"}],[{\"key\":\"name\",\"value\":\"C\\u1eeda h\\u00e0ng\"},{\"key\":\"address\",\"value\":\"205 North Michigan Avenue, Suite 810, Chicago, 60601, USA\"},{\"key\":\"phone\",\"value\":\"(+01) 234 567\"},{\"key\":\"email\",\"value\":\"shop@botble.com\"}]]',NULL,NULL),(203,'media_random_hash','ff524eeef69b1d365d4c62b08ae14e4a',NULL,NULL);
/*!40000 ALTER TABLE `settings` ENABLE KEYS */;
UNLOCK TABLES;

--
-- Table structure for table `simple_slider_items`
--

DROP TABLE IF EXISTS `simple_slider_items`;
/*!40101 SET @saved_cs_client     = @@character_set_client */;
/*!50503 SET character_set_client = utf8mb4 */;
CREATE TABLE `simple_slider_items` (
  `id` bigint unsigned NOT NULL AUTO_INCREMENT,
  `simple_slider_id` int unsigned NOT NULL,
  `title` varchar(255) CHARACTER SET utf8mb4 COLLATE utf8mb4_unicode_ci DEFAULT NULL,
  `image` varchar(255) CHARACTER SET utf8mb4 COLLATE utf8mb4_unicode_ci NOT NULL,
  `link` varchar(255) CHARACTER SET utf8mb4 COLLATE utf8mb4_unicode_ci DEFAULT NULL,
  `description` text CHARACTER SET utf8mb4 COLLATE utf8mb4_unicode_ci,
  `order` int unsigned NOT NULL DEFAULT '0',
  `created_at` timestamp NULL DEFAULT NULL,
  `updated_at` timestamp NULL DEFAULT NULL,
  PRIMARY KEY (`id`)
) ENGINE=InnoDB AUTO_INCREMENT=35 DEFAULT CHARSET=utf8mb4 COLLATE=utf8mb4_unicode_ci;
/*!40101 SET character_set_client = @saved_cs_client */;

--
-- Dumping data for table `simple_slider_items`
--

LOCK TABLES `simple_slider_items` WRITE;
/*!40000 ALTER TABLE `simple_slider_items` DISABLE KEYS */;
INSERT INTO `simple_slider_items` VALUES (1,1,'Don’t miss amazing<br /> grocery deals','sliders/1-1.png','/products','Sign up for the daily newsletter',1,'2022-03-16 02:41:23','2022-03-16 02:41:23'),(2,1,'Fresh Vegetables<br />\n										Big discount','sliders/1-2.png','/products','Save up to 50% off on your first order',2,'2022-03-16 02:41:23','2022-03-16 02:41:23'),(3,2,'Don’t miss amazing<br /> grocery deals','sliders/2-1.png','/products','Sign up for the daily newsletter',1,'2022-03-16 02:41:23','2022-03-16 02:41:23'),(4,2,'Fresh Vegetables<br />\n										Big discount','sliders/2-2.png','/products','Save up to 50% off on your first order',2,'2022-03-16 02:41:23','2022-03-16 02:41:23'),(5,3,'Don’t miss amazing<br /> grocery deals','sliders/3-1.png','/products','Sign up for the daily newsletter',1,'2022-03-16 02:41:23','2022-03-16 02:41:23'),(6,3,'Fresh Vegetables<br />\n										Big discount','sliders/3-2.png','/products','Save up to 50% off on your first order',2,'2022-03-16 02:41:23','2022-03-16 02:41:23'),(7,4,'Don’t miss amazing<br /> grocery deals','sliders/4-1.png','/products','Sign up for the daily newsletter',1,'2022-03-16 02:41:23','2022-03-16 02:41:23'),(8,4,'Fresh Vegetables<br />\n										Big discount','sliders/4-2.png','/products','Save up to 50% off on your first order',2,'2022-03-16 02:41:23','2022-03-16 02:41:23'),(9,5,'Don’t miss amazing<br /> grocery deals','sliders/5-1.png','/products','Sign up for the daily newsletter',1,'2022-03-16 02:41:23','2022-03-16 02:41:23'),(10,5,'Fresh Vegetables<br />\n										Big discount','sliders/5-2.png','/products','Save up to 50% off on your first order',2,'2022-03-16 02:41:23','2022-03-16 02:41:23'),(11,6,'Don’t miss amazing<br /> grocery deals','sliders/6-1.png','/products','Sign up for the daily newsletter',1,'2022-03-16 02:41:23','2022-03-16 02:41:23'),(12,7,NULL,'sliders/thumbnail-1.jpg',NULL,NULL,1,'2022-03-16 02:41:23','2022-03-16 02:41:23'),(13,7,NULL,'sliders/thumbnail-2.jpg',NULL,NULL,2,'2022-03-16 02:41:23','2022-03-16 02:41:23'),(14,7,NULL,'sliders/thumbnail-3.jpg',NULL,NULL,3,'2022-03-16 02:41:23','2022-03-16 02:41:23'),(15,7,NULL,'sliders/thumbnail-4.jpg',NULL,NULL,4,'2022-03-16 02:41:23','2022-03-16 02:41:23'),(16,7,NULL,'sliders/thumbnail-5.jpg',NULL,NULL,5,'2022-03-16 02:41:23','2022-03-16 02:41:23'),(17,7,NULL,'sliders/thumbnail-6.jpg',NULL,NULL,6,'2022-03-16 02:41:23','2022-03-16 02:41:23'),(18,8,'Đừng bỏ lỡ <br /> tuyệt vời giao dịch hàng tạp hóa','sliders/1-1.png','/products','Tiết kiệm hơn với mã giảm giá 70%',1,'2022-03-16 02:41:23','2022-03-16 02:41:23'),(19,8,'Rau tươi <br />Giảm giá lớn','sliders/1-2.png','/products','Tiết kiệm đến 50% cho đơn đặt hàng đầu tiên của bạn',2,'2022-03-16 02:41:23','2022-03-16 02:41:23'),(20,9,'Đừng bỏ lỡ <br /> tuyệt vời giao dịch hàng tạp hóa','sliders/2-1.png','/products','Tiết kiệm hơn với mã giảm giá 70%',1,'2022-03-16 02:41:23','2022-03-16 02:41:23'),(21,9,'Rau tươi <br />Giảm giá lớn','sliders/2-2.png','/products','Tiết kiệm đến 50% cho đơn đặt hàng đầu tiên của bạn',2,'2022-03-16 02:41:23','2022-03-16 02:41:23'),(22,10,'Đừng bỏ lỡ <br /> tuyệt vời giao dịch hàng tạp hóa','sliders/3-1.png','/products','Tiết kiệm hơn với mã giảm giá 70%',1,'2022-03-16 02:41:23','2022-03-16 02:41:23'),(23,10,'Rau tươi <br />Giảm giá lớn','sliders/3-2.png','/products','Tiết kiệm đến 50% cho đơn đặt hàng đầu tiên của bạn',2,'2022-03-16 02:41:23','2022-03-16 02:41:23'),(24,11,'Đừng bỏ lỡ <br /> tuyệt vời giao dịch hàng tạp hóa','sliders/4-1.png','/products','Tiết kiệm hơn với mã giảm giá 70%',1,'2022-03-16 02:41:23','2022-03-16 02:41:23'),(25,11,'Rau tươi <br />Giảm giá lớn','sliders/4-2.png','/products','Tiết kiệm đến 50% cho đơn đặt hàng đầu tiên của bạn',2,'2022-03-16 02:41:23','2022-03-16 02:41:23'),(26,12,'Đừng bỏ lỡ <br /> tuyệt vời giao dịch hàng tạp hóa','sliders/5-1.png','/products','Tiết kiệm hơn với mã giảm giá 70%',1,'2022-03-16 02:41:23','2022-03-16 02:41:23'),(27,12,'Rau tươi <br />Giảm giá lớn','sliders/5-2.png','/products','Tiết kiệm đến 50% cho đơn đặt hàng đầu tiên của bạn',2,'2022-03-16 02:41:23','2022-03-16 02:41:23'),(28,13,'Đừng bỏ lỡ <br /> tuyệt vời giao dịch hàng tạp hóa','sliders/6-1.png','/products','Tiết kiệm hơn với mã giảm giá 70%',1,'2022-03-16 02:41:23','2022-03-16 02:41:23'),(29,14,NULL,'sliders/thumbnail-1.jpg',NULL,NULL,1,'2022-03-16 02:41:23','2022-03-16 02:41:23'),(30,14,NULL,'sliders/thumbnail-2.jpg',NULL,NULL,2,'2022-03-16 02:41:23','2022-03-16 02:41:23'),(31,14,NULL,'sliders/thumbnail-3.jpg',NULL,NULL,3,'2022-03-16 02:41:23','2022-03-16 02:41:23'),(32,14,NULL,'sliders/thumbnail-4.jpg',NULL,NULL,4,'2022-03-16 02:41:23','2022-03-16 02:41:23'),(33,14,NULL,'sliders/thumbnail-5.jpg',NULL,NULL,5,'2022-03-16 02:41:23','2022-03-16 02:41:23'),(34,14,NULL,'sliders/thumbnail-6.jpg',NULL,NULL,6,'2022-03-16 02:41:23','2022-03-16 02:41:23');
/*!40000 ALTER TABLE `simple_slider_items` ENABLE KEYS */;
UNLOCK TABLES;

--
-- Table structure for table `simple_sliders`
--

DROP TABLE IF EXISTS `simple_sliders`;
/*!40101 SET @saved_cs_client     = @@character_set_client */;
/*!50503 SET character_set_client = utf8mb4 */;
CREATE TABLE `simple_sliders` (
  `id` bigint unsigned NOT NULL AUTO_INCREMENT,
  `name` varchar(120) CHARACTER SET utf8mb4 COLLATE utf8mb4_unicode_ci NOT NULL,
  `key` varchar(120) CHARACTER SET utf8mb4 COLLATE utf8mb4_unicode_ci NOT NULL,
  `description` varchar(255) CHARACTER SET utf8mb4 COLLATE utf8mb4_unicode_ci DEFAULT NULL,
  `status` varchar(60) CHARACTER SET utf8mb4 COLLATE utf8mb4_unicode_ci NOT NULL DEFAULT 'published',
  `created_at` timestamp NULL DEFAULT NULL,
  `updated_at` timestamp NULL DEFAULT NULL,
  PRIMARY KEY (`id`)
) ENGINE=InnoDB AUTO_INCREMENT=15 DEFAULT CHARSET=utf8mb4 COLLATE=utf8mb4_unicode_ci;
/*!40101 SET character_set_client = @saved_cs_client */;

--
-- Dumping data for table `simple_sliders`
--

LOCK TABLES `simple_sliders` WRITE;
/*!40000 ALTER TABLE `simple_sliders` DISABLE KEYS */;
INSERT INTO `simple_sliders` VALUES (1,'Home slider 1','home-slider-1',NULL,'published','2022-03-16 02:41:23','2022-03-16 02:41:23'),(2,'Home slider 2','home-slider-2',NULL,'published','2022-03-16 02:41:23','2022-03-16 02:41:23'),(3,'Home slider 3','home-slider-3',NULL,'published','2022-03-16 02:41:23','2022-03-16 02:41:23'),(4,'Home slider 4','home-slider-4',NULL,'published','2022-03-16 02:41:23','2022-03-16 02:41:23'),(5,'Home slider 5','home-slider-5',NULL,'published','2022-03-16 02:41:23','2022-03-16 02:41:23'),(6,'Home slider 6','home-slider-6',NULL,'published','2022-03-16 02:41:23','2022-03-16 02:41:23'),(7,'Blog slider 1','blog-slider-1',NULL,'published','2022-03-16 02:41:23','2022-03-16 02:41:23'),(8,'Slider trang chủ 1','slider-trang-chu-1',NULL,'published','2022-03-16 02:41:23','2022-03-16 02:41:23'),(9,'Slider trang chủ 2','slider-trang-chu-2',NULL,'published','2022-03-16 02:41:23','2022-03-16 02:41:23'),(10,'Slider trang chủ 3','slider-trang-chu-3',NULL,'published','2022-03-16 02:41:23','2022-03-16 02:41:23'),(11,'Slider trang chủ 4','slider-trang-chu-4',NULL,'published','2022-03-16 02:41:23','2022-03-16 02:41:23'),(12,'Slider trang chủ 5','slider-trang-chu-5',NULL,'published','2022-03-16 02:41:23','2022-03-16 02:41:23'),(13,'Slider trang chủ 6','slider-trang-chu-6',NULL,'published','2022-03-16 02:41:23','2022-03-16 02:41:23'),(14,'Slider blog 1','slider-blog-1',NULL,'published','2022-03-16 02:41:23','2022-03-16 02:41:23');
/*!40000 ALTER TABLE `simple_sliders` ENABLE KEYS */;
UNLOCK TABLES;

--
-- Table structure for table `slugs`
--

DROP TABLE IF EXISTS `slugs`;
/*!40101 SET @saved_cs_client     = @@character_set_client */;
/*!50503 SET character_set_client = utf8mb4 */;
CREATE TABLE `slugs` (
  `id` bigint unsigned NOT NULL AUTO_INCREMENT,
  `key` varchar(255) CHARACTER SET utf8mb4 COLLATE utf8mb4_unicode_ci NOT NULL,
  `reference_id` int unsigned NOT NULL,
  `reference_type` varchar(255) CHARACTER SET utf8mb4 COLLATE utf8mb4_unicode_ci NOT NULL,
  `prefix` varchar(120) CHARACTER SET utf8mb4 COLLATE utf8mb4_unicode_ci DEFAULT '',
  `created_at` timestamp NULL DEFAULT NULL,
  `updated_at` timestamp NULL DEFAULT NULL,
  PRIMARY KEY (`id`)
) ENGINE=InnoDB AUTO_INCREMENT=94 DEFAULT CHARSET=utf8mb4 COLLATE=utf8mb4_unicode_ci;
/*!40101 SET character_set_client = @saved_cs_client */;

--
-- Dumping data for table `slugs`
--

LOCK TABLES `slugs` WRITE;
/*!40000 ALTER TABLE `slugs` DISABLE KEYS */;
INSERT INTO `slugs` VALUES (1,'perxsion',1,'Botble\\Ecommerce\\Models\\Brand','brands','2022-03-16 02:40:43','2022-03-16 02:40:43'),(2,'hiching',2,'Botble\\Ecommerce\\Models\\Brand','brands','2022-03-16 02:40:43','2022-03-16 02:40:43'),(3,'kepslo',3,'Botble\\Ecommerce\\Models\\Brand','brands','2022-03-16 02:40:43','2022-03-16 02:40:43'),(4,'groneba',4,'Botble\\Ecommerce\\Models\\Brand','brands','2022-03-16 02:40:43','2022-03-16 02:40:43'),(5,'babian',5,'Botble\\Ecommerce\\Models\\Brand','brands','2022-03-16 02:40:43','2022-03-16 02:40:43'),(6,'valorant',6,'Botble\\Ecommerce\\Models\\Brand','brands','2022-03-16 02:40:43','2022-03-16 02:40:43'),(7,'pure',7,'Botble\\Ecommerce\\Models\\Brand','brands','2022-03-16 02:40:43','2022-03-16 02:40:43'),(8,'milks-and-dairies',1,'Botble\\Ecommerce\\Models\\ProductCategory','product-categories','2022-03-16 02:40:48','2022-03-16 02:40:48'),(9,'clothing-beauty',2,'Botble\\Ecommerce\\Models\\ProductCategory','product-categories','2022-03-16 02:40:48','2022-03-16 02:40:48'),(10,'pet-toy',3,'Botble\\Ecommerce\\Models\\ProductCategory','product-categories','2022-03-16 02:40:48','2022-03-16 02:40:48'),(11,'baking-material',4,'Botble\\Ecommerce\\Models\\ProductCategory','product-categories','2022-03-16 02:40:48','2022-03-16 02:40:48'),(12,'fresh-fruit',5,'Botble\\Ecommerce\\Models\\ProductCategory','product-categories','2022-03-16 02:40:48','2022-03-16 02:40:48'),(13,'wines-drinks',6,'Botble\\Ecommerce\\Models\\ProductCategory','product-categories','2022-03-16 02:40:48','2022-03-16 02:40:48'),(14,'fresh-seafood',7,'Botble\\Ecommerce\\Models\\ProductCategory','product-categories','2022-03-16 02:40:48','2022-03-16 02:40:48'),(15,'fast-food',8,'Botble\\Ecommerce\\Models\\ProductCategory','product-categories','2022-03-16 02:40:48','2022-03-16 02:40:48'),(16,'vegetables',9,'Botble\\Ecommerce\\Models\\ProductCategory','product-categories','2022-03-16 02:40:48','2022-03-16 02:40:48'),(17,'bread-and-juice',10,'Botble\\Ecommerce\\Models\\ProductCategory','product-categories','2022-03-16 02:40:48','2022-03-16 02:40:48'),(18,'cake-milk',11,'Botble\\Ecommerce\\Models\\ProductCategory','product-categories','2022-03-16 02:40:48','2022-03-16 02:40:48'),(19,'coffee-teas',12,'Botble\\Ecommerce\\Models\\ProductCategory','product-categories','2022-03-16 02:40:48','2022-03-16 02:40:48'),(20,'pet-foods',13,'Botble\\Ecommerce\\Models\\ProductCategory','product-categories','2022-03-16 02:40:48','2022-03-16 02:40:48'),(21,'diet-foods',14,'Botble\\Ecommerce\\Models\\ProductCategory','product-categories','2022-03-16 02:40:48','2022-03-16 02:40:48'),(22,'wallet',1,'Botble\\Ecommerce\\Models\\ProductTag','product-tags','2022-03-16 02:40:48','2022-03-16 02:40:48'),(23,'bags',2,'Botble\\Ecommerce\\Models\\ProductTag','product-tags','2022-03-16 02:40:48','2022-03-16 02:40:48'),(24,'shoes',3,'Botble\\Ecommerce\\Models\\ProductTag','product-tags','2022-03-16 02:40:48','2022-03-16 02:40:48'),(25,'clothes',4,'Botble\\Ecommerce\\Models\\ProductTag','product-tags','2022-03-16 02:40:48','2022-03-16 02:40:48'),(26,'hand-bag',5,'Botble\\Ecommerce\\Models\\ProductTag','product-tags','2022-03-16 02:40:48','2022-03-16 02:40:48'),(27,'seeds-of-change-organic-quinoe',1,'Botble\\Ecommerce\\Models\\Product','products','2022-03-16 02:41:04','2022-03-16 02:41:04'),(28,'all-natural-italian-style-chicken-meatballs',2,'Botble\\Ecommerce\\Models\\Product','products','2022-03-16 02:41:04','2022-03-16 02:41:04'),(29,'angies-boomchickapop-sweet-salty-kettle-corn',3,'Botble\\Ecommerce\\Models\\Product','products','2022-03-16 02:41:04','2022-03-16 02:41:04'),(30,'foster-farms-takeout-crispy-classic',4,'Botble\\Ecommerce\\Models\\Product','products','2022-03-16 02:41:04','2022-03-16 02:41:04'),(31,'blue-diamond-almonds-lightly',5,'Botble\\Ecommerce\\Models\\Product','products','2022-03-16 02:41:04','2022-03-16 02:41:04'),(32,'chobani-complete-vanilla-greek',6,'Botble\\Ecommerce\\Models\\Product','products','2022-03-16 02:41:04','2022-03-16 02:41:04'),(33,'canada-dry-ginger-ale-2-l-bottle',7,'Botble\\Ecommerce\\Models\\Product','products','2022-03-16 02:41:04','2022-03-16 02:41:04'),(34,'encore-seafoods-stuffed-alaskan',8,'Botble\\Ecommerce\\Models\\Product','products','2022-03-16 02:41:04','2022-03-16 02:41:04'),(35,'gortons-beer-battered-fish-fillets',9,'Botble\\Ecommerce\\Models\\Product','products','2022-03-16 02:41:04','2022-03-16 02:41:04'),(36,'haagen-dazs-caramel-cone-ice-cream',10,'Botble\\Ecommerce\\Models\\Product','products','2022-03-16 02:41:04','2022-03-16 02:41:04'),(37,'nestle-original-coffee-mate-coffee-creamer',11,'Botble\\Ecommerce\\Models\\Product','products','2022-03-16 02:41:04','2022-03-16 02:41:04'),(38,'naturally-flavored-cinnamon-vanilla-light-roast-coffee',12,'Botble\\Ecommerce\\Models\\Product','products','2022-03-16 02:41:04','2022-03-16 02:41:04'),(39,'pepperidge-farm-farmhouse-hearty-white-bread',13,'Botble\\Ecommerce\\Models\\Product','products','2022-03-16 02:41:04','2022-03-16 02:41:04'),(40,'organic-frozen-triple-berry-blend',14,'Botble\\Ecommerce\\Models\\Product','products','2022-03-16 02:41:04','2022-03-16 02:41:04'),(41,'oroweat-country-buttermilk-bread',15,'Botble\\Ecommerce\\Models\\Product','products','2022-03-16 02:41:04','2022-03-16 02:41:04'),(42,'foster-farms-takeout-crispy-classic-buffalo-wings',16,'Botble\\Ecommerce\\Models\\Product','products','2022-03-16 02:41:04','2022-03-16 02:41:04'),(43,'angies-boomchickapop-sweet-salty-kettle-corn',17,'Botble\\Ecommerce\\Models\\Product','products','2022-03-16 02:41:04','2022-03-16 02:41:04'),(44,'all-natural-italian-style-chicken-meatballs',18,'Botble\\Ecommerce\\Models\\Product','products','2022-03-16 02:41:04','2022-03-16 02:41:04'),(45,'simply-lemonade-with-raspberry-juice',19,'Botble\\Ecommerce\\Models\\Product','products','2022-03-16 02:41:04','2022-03-16 02:41:04'),(46,'perdue-simply-smart-organics-gluten-free',20,'Botble\\Ecommerce\\Models\\Product','products','2022-03-16 02:41:04','2022-03-16 02:41:04'),(47,'chen-watermelon',21,'Botble\\Ecommerce\\Models\\Product','products','2022-03-16 02:41:04','2022-03-16 02:41:04'),(48,'organic-cage-free-grade-a-large-brown-eggs',22,'Botble\\Ecommerce\\Models\\Product','products','2022-03-16 02:41:04','2022-03-16 02:41:04'),(49,'colorful-banana',23,'Botble\\Ecommerce\\Models\\Product','products','2022-03-16 02:41:04','2022-03-16 02:41:04'),(50,'signature-wood-fired-mushroom-and-caramelized',24,'Botble\\Ecommerce\\Models\\Product','products','2022-03-16 02:41:04','2022-03-16 02:41:04'),(51,'ecommerce',1,'Botble\\Blog\\Models\\Category','blog','2022-03-16 02:41:33','2022-03-22 19:31:53'),(52,'fashion',2,'Botble\\Blog\\Models\\Category','blog','2022-03-16 02:41:33','2022-03-22 19:31:53'),(53,'electronic',3,'Botble\\Blog\\Models\\Category','blog','2022-03-16 02:41:33','2022-03-22 19:31:53'),(54,'commercial',4,'Botble\\Blog\\Models\\Category','blog','2022-03-16 02:41:33','2022-03-22 19:31:53'),(55,'general',1,'Botble\\Blog\\Models\\Tag','tag','2022-03-16 02:41:33','2022-03-22 19:31:53'),(56,'design',2,'Botble\\Blog\\Models\\Tag','tag','2022-03-16 02:41:33','2022-03-22 19:31:53'),(57,'fashion',3,'Botble\\Blog\\Models\\Tag','tag','2022-03-16 02:41:33','2022-03-22 19:31:53'),(58,'branding',4,'Botble\\Blog\\Models\\Tag','tag','2022-03-16 02:41:33','2022-03-22 19:31:53'),(59,'modern',5,'Botble\\Blog\\Models\\Tag','tag','2022-03-16 02:41:33','2022-03-22 19:31:53'),(60,'4-expert-tips-on-how-to-choose-the-right-mens-wallet',1,'Botble\\Blog\\Models\\Post','blog','2022-03-16 02:41:33','2022-03-22 19:31:53'),(61,'sexy-clutches-how-to-buy-wear-a-designer-clutch-bag',2,'Botble\\Blog\\Models\\Post','blog','2022-03-16 02:41:33','2022-03-22 19:31:53'),(62,'the-top-2020-handbag-trends-to-know',3,'Botble\\Blog\\Models\\Post','blog','2022-03-16 02:41:33','2022-03-22 19:31:53'),(63,'how-to-match-the-color-of-your-handbag-with-an-outfit',4,'Botble\\Blog\\Models\\Post','blog','2022-03-16 02:41:33','2022-03-22 19:31:53'),(64,'how-to-care-for-leather-bags',5,'Botble\\Blog\\Models\\Post','blog','2022-03-16 02:41:33','2022-03-22 19:31:53'),(65,'were-crushing-hard-on-summers-10-biggest-bag-trends',6,'Botble\\Blog\\Models\\Post','blog','2022-03-16 02:41:33','2022-03-22 19:31:53'),(66,'essential-qualities-of-highly-successful-music',7,'Botble\\Blog\\Models\\Post','blog','2022-03-16 02:41:33','2022-03-22 19:31:53'),(67,'9-things-i-love-about-shaving-my-head',8,'Botble\\Blog\\Models\\Post','blog','2022-03-16 02:41:33','2022-03-22 19:31:53'),(68,'why-teamwork-really-makes-the-dream-work',9,'Botble\\Blog\\Models\\Post','blog','2022-03-16 02:41:33','2022-03-22 19:31:53'),(69,'the-world-caters-to-average-people',10,'Botble\\Blog\\Models\\Post','blog','2022-03-16 02:41:33','2022-03-22 19:31:53'),(70,'the-litigants-on-the-screen-are-not-actors',11,'Botble\\Blog\\Models\\Post','blog','2022-03-16 02:41:33','2022-03-22 19:31:53'),(71,'homepage',1,'Botble\\Page\\Models\\Page','','2022-03-16 02:41:33','2022-03-16 02:41:33'),(72,'homepage-2',2,'Botble\\Page\\Models\\Page','','2022-03-16 02:41:33','2022-03-16 02:41:33'),(73,'homepage-3',3,'Botble\\Page\\Models\\Page','','2022-03-16 02:41:33','2022-03-16 02:41:33'),(74,'homepage-4',4,'Botble\\Page\\Models\\Page','','2022-03-16 02:41:33','2022-03-16 02:41:33'),(75,'blog',5,'Botble\\Page\\Models\\Page','','2022-03-16 02:41:33','2022-03-16 02:41:33'),(76,'contact',6,'Botble\\Page\\Models\\Page','','2022-03-16 02:41:33','2022-03-16 02:41:33'),(77,'about-us',7,'Botble\\Page\\Models\\Page','','2022-03-16 02:41:33','2022-03-16 02:41:33'),(78,'cookie-policy',8,'Botble\\Page\\Models\\Page','','2022-03-16 02:41:33','2022-03-16 02:41:33'),(79,'terms-conditions',9,'Botble\\Page\\Models\\Page','','2022-03-16 02:41:33','2022-03-16 02:41:33'),(80,'returns-exchanges',10,'Botble\\Page\\Models\\Page','','2022-03-16 02:41:33','2022-03-16 02:41:33'),(81,'shipping-delivery',11,'Botble\\Page\\Models\\Page','','2022-03-16 02:41:33','2022-03-16 02:41:33'),(82,'privacy-policy',12,'Botble\\Page\\Models\\Page','','2022-03-16 02:41:33','2022-03-16 02:41:33'),(83,'blog-list',13,'Botble\\Page\\Models\\Page','','2022-03-16 02:41:33','2022-03-16 02:41:33'),(84,'blog-big',14,'Botble\\Page\\Models\\Page','','2022-03-16 02:41:33','2022-03-16 02:41:33'),(85,'blog-wide',15,'Botble\\Page\\Models\\Page','','2022-03-16 02:41:33','2022-03-16 02:41:33'),(86,'homepage-5',16,'Botble\\Page\\Models\\Page','','2022-03-16 02:41:33','2022-03-16 02:41:33'),(87,'homepage-6',17,'Botble\\Page\\Models\\Page','','2022-03-16 02:41:33','2022-03-16 02:41:33'),(88,'faq',18,'Botble\\Page\\Models\\Page','','2022-03-16 02:41:33','2022-03-16 02:41:33'),(89,'gopro',1,'Botble\\Marketplace\\Models\\Store','stores','2022-03-16 02:41:49','2022-03-16 02:41:49'),(90,'global-office',2,'Botble\\Marketplace\\Models\\Store','stores','2022-03-16 02:41:49','2022-03-16 02:41:49'),(91,'young-shop',3,'Botble\\Marketplace\\Models\\Store','stores','2022-03-16 02:41:49','2022-03-16 02:41:49'),(92,'global-store',4,'Botble\\Marketplace\\Models\\Store','stores','2022-03-16 02:41:49','2022-03-16 02:41:49'),(93,'roberts-store',5,'Botble\\Marketplace\\Models\\Store','stores','2022-03-16 02:41:49','2022-03-16 02:41:49');
/*!40000 ALTER TABLE `slugs` ENABLE KEYS */;
UNLOCK TABLES;

--
-- Table structure for table `states`
--

DROP TABLE IF EXISTS `states`;
/*!40101 SET @saved_cs_client     = @@character_set_client */;
/*!50503 SET character_set_client = utf8mb4 */;
CREATE TABLE `states` (
  `id` bigint unsigned NOT NULL AUTO_INCREMENT,
  `name` varchar(120) CHARACTER SET utf8mb4 COLLATE utf8mb4_unicode_ci NOT NULL,
  `abbreviation` varchar(2) CHARACTER SET utf8mb4 COLLATE utf8mb4_unicode_ci DEFAULT NULL,
  `country_id` int unsigned DEFAULT NULL,
  `order` tinyint NOT NULL DEFAULT '0',
  `is_default` tinyint unsigned NOT NULL DEFAULT '0',
  `status` varchar(60) CHARACTER SET utf8mb4 COLLATE utf8mb4_unicode_ci NOT NULL DEFAULT 'published',
  `created_at` timestamp NULL DEFAULT NULL,
  `updated_at` timestamp NULL DEFAULT NULL,
  PRIMARY KEY (`id`)
) ENGINE=InnoDB DEFAULT CHARSET=utf8mb4 COLLATE=utf8mb4_unicode_ci;
/*!40101 SET character_set_client = @saved_cs_client */;

--
-- Dumping data for table `states`
--

LOCK TABLES `states` WRITE;
/*!40000 ALTER TABLE `states` DISABLE KEYS */;
/*!40000 ALTER TABLE `states` ENABLE KEYS */;
UNLOCK TABLES;

--
-- Table structure for table `states_backup`
--

DROP TABLE IF EXISTS `states_backup`;
/*!40101 SET @saved_cs_client     = @@character_set_client */;
/*!50503 SET character_set_client = utf8mb4 */;
CREATE TABLE `states_backup` (
  `id` bigint unsigned NOT NULL AUTO_INCREMENT,
  `name` varchar(120) CHARACTER SET utf8mb4 COLLATE utf8mb4_unicode_ci NOT NULL,
  `abbreviation` varchar(2) CHARACTER SET utf8mb4 COLLATE utf8mb4_unicode_ci DEFAULT NULL,
  `country_id` int unsigned DEFAULT NULL,
  `order` tinyint NOT NULL DEFAULT '0',
  `is_default` tinyint unsigned NOT NULL DEFAULT '0',
  `status` varchar(60) CHARACTER SET utf8mb4 COLLATE utf8mb4_unicode_ci NOT NULL DEFAULT 'published',
  `created_at` timestamp NULL DEFAULT NULL,
  `updated_at` timestamp NULL DEFAULT NULL,
  PRIMARY KEY (`id`)
) ENGINE=InnoDB DEFAULT CHARSET=utf8mb4 COLLATE=utf8mb4_unicode_ci;
/*!40101 SET character_set_client = @saved_cs_client */;

--
-- Dumping data for table `states_backup`
--

LOCK TABLES `states_backup` WRITE;
/*!40000 ALTER TABLE `states_backup` DISABLE KEYS */;
/*!40000 ALTER TABLE `states_backup` ENABLE KEYS */;
UNLOCK TABLES;

--
-- Table structure for table `states_translations`
--

DROP TABLE IF EXISTS `states_translations`;
/*!40101 SET @saved_cs_client     = @@character_set_client */;
/*!50503 SET character_set_client = utf8mb4 */;
CREATE TABLE `states_translations` (
  `lang_code` varchar(191) CHARACTER SET utf8mb4 COLLATE utf8mb4_unicode_ci NOT NULL,
  `states_id` int NOT NULL,
  `name` varchar(120) CHARACTER SET utf8mb4 COLLATE utf8mb4_unicode_ci DEFAULT NULL,
  `abbreviation` varchar(2) CHARACTER SET utf8mb4 COLLATE utf8mb4_unicode_ci DEFAULT NULL,
  PRIMARY KEY (`lang_code`,`states_id`)
) ENGINE=InnoDB DEFAULT CHARSET=utf8mb4 COLLATE=utf8mb4_unicode_ci;
/*!40101 SET character_set_client = @saved_cs_client */;

--
-- Dumping data for table `states_translations`
--

LOCK TABLES `states_translations` WRITE;
/*!40000 ALTER TABLE `states_translations` DISABLE KEYS */;
/*!40000 ALTER TABLE `states_translations` ENABLE KEYS */;
UNLOCK TABLES;

--
-- Table structure for table `tags`
--

DROP TABLE IF EXISTS `tags`;
/*!40101 SET @saved_cs_client     = @@character_set_client */;
/*!50503 SET character_set_client = utf8mb4 */;
CREATE TABLE `tags` (
  `id` bigint unsigned NOT NULL AUTO_INCREMENT,
  `name` varchar(120) CHARACTER SET utf8mb4 COLLATE utf8mb4_unicode_ci NOT NULL,
  `author_id` int NOT NULL,
  `author_type` varchar(255) CHARACTER SET utf8mb4 COLLATE utf8mb4_unicode_ci NOT NULL DEFAULT 'Botble\\ACL\\Models\\User',
  `description` varchar(400) CHARACTER SET utf8mb4 COLLATE utf8mb4_unicode_ci DEFAULT '',
  `status` varchar(60) CHARACTER SET utf8mb4 COLLATE utf8mb4_unicode_ci NOT NULL DEFAULT 'published',
  `created_at` timestamp NULL DEFAULT NULL,
  `updated_at` timestamp NULL DEFAULT NULL,
  PRIMARY KEY (`id`)
) ENGINE=InnoDB AUTO_INCREMENT=6 DEFAULT CHARSET=utf8mb4 COLLATE=utf8mb4_unicode_ci;
/*!40101 SET character_set_client = @saved_cs_client */;

--
-- Dumping data for table `tags`
--

LOCK TABLES `tags` WRITE;
/*!40000 ALTER TABLE `tags` DISABLE KEYS */;
INSERT INTO `tags` VALUES (1,'General',1,'Botble\\ACL\\Models\\User','','published','2022-03-16 02:41:33','2022-03-16 02:41:33'),(2,'Design',1,'Botble\\ACL\\Models\\User','','published','2022-03-16 02:41:33','2022-03-16 02:41:33'),(3,'Fashion',1,'Botble\\ACL\\Models\\User','','published','2022-03-16 02:41:33','2022-03-16 02:41:33'),(4,'Branding',1,'Botble\\ACL\\Models\\User','','published','2022-03-16 02:41:33','2022-03-16 02:41:33'),(5,'Modern',1,'Botble\\ACL\\Models\\User','','published','2022-03-16 02:41:33','2022-03-16 02:41:33');
/*!40000 ALTER TABLE `tags` ENABLE KEYS */;
UNLOCK TABLES;

--
-- Table structure for table `tags_translations`
--

DROP TABLE IF EXISTS `tags_translations`;
/*!40101 SET @saved_cs_client     = @@character_set_client */;
/*!50503 SET character_set_client = utf8mb4 */;
CREATE TABLE `tags_translations` (
  `lang_code` varchar(191) CHARACTER SET utf8mb4 COLLATE utf8mb4_unicode_ci NOT NULL,
  `tags_id` int NOT NULL,
  `name` varchar(255) CHARACTER SET utf8mb4 COLLATE utf8mb4_unicode_ci DEFAULT NULL,
  `description` varchar(400) CHARACTER SET utf8mb4 COLLATE utf8mb4_unicode_ci DEFAULT NULL,
  PRIMARY KEY (`lang_code`,`tags_id`)
) ENGINE=InnoDB DEFAULT CHARSET=utf8mb4 COLLATE=utf8mb4_unicode_ci;
/*!40101 SET character_set_client = @saved_cs_client */;

--
-- Dumping data for table `tags_translations`
--

LOCK TABLES `tags_translations` WRITE;
/*!40000 ALTER TABLE `tags_translations` DISABLE KEYS */;
INSERT INTO `tags_translations` VALUES ('vi',1,'Chung',NULL),('vi',2,'Thiết kế',NULL),('vi',3,'Thời trang',NULL),('vi',4,'Thương hiệu',NULL),('vi',5,'Hiện đại',NULL);
/*!40000 ALTER TABLE `tags_translations` ENABLE KEYS */;
UNLOCK TABLES;

--
-- Table structure for table `translations`
--

DROP TABLE IF EXISTS `translations`;
/*!40101 SET @saved_cs_client     = @@character_set_client */;
/*!50503 SET character_set_client = utf8mb4 */;
CREATE TABLE `translations` (
  `id` bigint unsigned NOT NULL AUTO_INCREMENT,
  `status` int NOT NULL DEFAULT '0',
  `locale` varchar(191) CHARACTER SET utf8mb4 COLLATE utf8mb4_unicode_ci NOT NULL,
  `group` varchar(191) CHARACTER SET utf8mb4 COLLATE utf8mb4_unicode_ci NOT NULL,
  `key` varchar(191) CHARACTER SET utf8mb4 COLLATE utf8mb4_unicode_ci NOT NULL,
  `value` text CHARACTER SET utf8mb4 COLLATE utf8mb4_unicode_ci,
  `created_at` timestamp NULL DEFAULT NULL,
  `updated_at` timestamp NULL DEFAULT NULL,
  PRIMARY KEY (`id`)
) ENGINE=InnoDB AUTO_INCREMENT=4322 DEFAULT CHARSET=utf8mb4 COLLATE=utf8mb4_unicode_ci;
/*!40101 SET character_set_client = @saved_cs_client */;

--
-- Dumping data for table `translations`
--

LOCK TABLES `translations` WRITE;
/*!40000 ALTER TABLE `translations` DISABLE KEYS */;
INSERT INTO `translations` VALUES (1,0,'en','auth','failed','These credentials do not match our records.','2022-04-20 20:01:06','2022-04-20 20:19:45'),(2,0,'en','auth','password','The provided password is incorrect.','2022-04-20 20:01:06','2022-04-20 20:19:45'),(3,0,'en','auth','throttle','Too many login attempts. Please try again in :seconds seconds.','2022-04-20 20:01:06','2022-04-20 20:19:45'),(4,0,'en','pagination','previous','&laquo; Previous','2022-04-20 20:01:06','2022-04-20 20:19:45'),(5,0,'en','pagination','next','Next &raquo;','2022-04-20 20:01:06','2022-04-20 20:19:45'),(6,0,'en','passwords','reset','Your password has been reset!','2022-04-20 20:01:06','2022-04-20 20:19:45'),(7,0,'en','passwords','sent','We have emailed your password reset link!','2022-04-20 20:01:06','2022-04-20 20:19:45'),(8,0,'en','passwords','throttled','Please wait before retrying.','2022-04-20 20:01:06','2022-04-20 20:19:45'),(9,0,'en','passwords','token','This password reset token is invalid.','2022-04-20 20:01:06','2022-04-20 20:19:45'),(10,0,'en','passwords','user','We can\'t find a user with that email address.','2022-04-20 20:01:06','2022-04-20 20:19:45'),(11,0,'en','validation','accepted','The :attribute must be accepted.','2022-04-20 20:01:06','2022-04-20 20:19:45'),(12,0,'en','validation','accepted_if','The :attribute must be accepted when :other is :value.','2022-04-20 20:01:06','2022-04-20 20:19:45'),(13,0,'en','validation','active_url','The :attribute is not a valid URL.','2022-04-20 20:01:06','2022-04-20 20:19:45'),(14,0,'en','validation','after','The :attribute must be a date after :date.','2022-04-20 20:01:06','2022-04-20 20:19:45'),(15,0,'en','validation','after_or_equal','The :attribute must be a date after or equal to :date.','2022-04-20 20:01:06','2022-04-20 20:19:45'),(16,0,'en','validation','alpha','The :attribute must only contain letters.','2022-04-20 20:01:06','2022-04-20 20:19:45'),(17,0,'en','validation','alpha_dash','The :attribute must only contain letters, numbers, dashes and underscores.','2022-04-20 20:01:06','2022-04-20 20:19:45'),(18,0,'en','validation','alpha_num','The :attribute must only contain letters and numbers.','2022-04-20 20:01:06','2022-04-20 20:19:45'),(19,0,'en','validation','array','The :attribute must be an array.','2022-04-20 20:01:06','2022-04-20 20:19:45'),(20,0,'en','validation','before','The :attribute must be a date before :date.','2022-04-20 20:01:06','2022-04-20 20:19:45'),(21,0,'en','validation','before_or_equal','The :attribute must be a date before or equal to :date.','2022-04-20 20:01:06','2022-04-20 20:19:45'),(22,0,'en','validation','between.numeric','The :attribute must be between :min and :max.','2022-04-20 20:01:06','2022-04-20 20:19:45'),(23,0,'en','validation','between.file','The :attribute must be between :min and :max kilobytes.','2022-04-20 20:01:06','2022-04-20 20:19:45'),(24,0,'en','validation','between.string','The :attribute must be between :min and :max characters.','2022-04-20 20:01:06','2022-04-20 20:19:45'),(25,0,'en','validation','between.array','The :attribute must have between :min and :max items.','2022-04-20 20:01:06','2022-04-20 20:19:45'),(26,0,'en','validation','boolean','The :attribute field must be true or false.','2022-04-20 20:01:06','2022-04-20 20:19:45'),(27,0,'en','validation','confirmed','The :attribute confirmation does not match.','2022-04-20 20:01:06','2022-04-20 20:19:45'),(28,0,'en','validation','current_password','The password is incorrect.','2022-04-20 20:01:06','2022-04-20 20:19:45'),(29,0,'en','validation','date','The :attribute is not a valid date.','2022-04-20 20:01:06','2022-04-20 20:19:45'),(30,0,'en','validation','date_equals','The :attribute must be a date equal to :date.','2022-04-20 20:01:06','2022-04-20 20:19:45'),(31,0,'en','validation','date_format','The :attribute does not match the format :format.','2022-04-20 20:01:06','2022-04-20 20:19:45'),(32,0,'en','validation','declined','The :attribute must be declined.','2022-04-20 20:01:06','2022-04-20 20:19:45'),(33,0,'en','validation','declined_if','The :attribute must be declined when :other is :value.','2022-04-20 20:01:06','2022-04-20 20:19:45'),(34,0,'en','validation','different','The :attribute and :other must be different.','2022-04-20 20:01:06','2022-04-20 20:19:45'),(35,0,'en','validation','digits','The :attribute must be :digits digits.','2022-04-20 20:01:06','2022-04-20 20:19:45'),(36,0,'en','validation','digits_between','The :attribute must be between :min and :max digits.','2022-04-20 20:01:06','2022-04-20 20:19:45'),(37,0,'en','validation','dimensions','The :attribute has invalid image dimensions.','2022-04-20 20:01:06','2022-04-20 20:19:45'),(38,0,'en','validation','distinct','The :attribute field has a duplicate value.','2022-04-20 20:01:06','2022-04-20 20:19:45'),(39,0,'en','validation','email','The :attribute must be a valid email address.','2022-04-20 20:01:06','2022-04-20 20:19:45'),(40,0,'en','validation','ends_with','The :attribute must end with one of the following: :values.','2022-04-20 20:01:06','2022-04-20 20:19:45'),(41,0,'en','validation','enum','The selected :attribute is invalid.','2022-04-20 20:01:06','2022-04-20 20:19:45'),(42,0,'en','validation','exists','The selected :attribute is invalid.','2022-04-20 20:01:06','2022-04-20 20:19:45'),(43,0,'en','validation','file','The :attribute must be a file.','2022-04-20 20:01:06','2022-04-20 20:19:45'),(44,0,'en','validation','filled','The :attribute field must have a value.','2022-04-20 20:01:06','2022-04-20 20:19:45'),(45,0,'en','validation','gt.numeric','The :attribute must be greater than :value.','2022-04-20 20:01:06','2022-04-20 20:19:45'),(46,0,'en','validation','gt.file','The :attribute must be greater than :value kilobytes.','2022-04-20 20:01:06','2022-04-20 20:19:45'),(47,0,'en','validation','gt.string','The :attribute must be greater than :value characters.','2022-04-20 20:01:06','2022-04-20 20:19:45'),(48,0,'en','validation','gt.array','The :attribute must have more than :value items.','2022-04-20 20:01:06','2022-04-20 20:19:45'),(49,0,'en','validation','gte.numeric','The :attribute must be greater than or equal to :value.','2022-04-20 20:01:06','2022-04-20 20:19:45'),(50,0,'en','validation','gte.file','The :attribute must be greater than or equal to :value kilobytes.','2022-04-20 20:01:06','2022-04-20 20:19:45'),(51,0,'en','validation','gte.string','The :attribute must be greater than or equal to :value characters.','2022-04-20 20:01:06','2022-04-20 20:19:45'),(52,0,'en','validation','gte.array','The :attribute must have :value items or more.','2022-04-20 20:01:06','2022-04-20 20:19:45'),(53,0,'en','validation','image','The :attribute must be an image.','2022-04-20 20:01:06','2022-04-20 20:19:45'),(54,0,'en','validation','in','The selected :attribute is invalid.','2022-04-20 20:01:06','2022-04-20 20:19:45'),(55,0,'en','validation','in_array','The :attribute field does not exist in :other.','2022-04-20 20:01:06','2022-04-20 20:19:45'),(56,0,'en','validation','integer','The :attribute must be an integer.','2022-04-20 20:01:06','2022-04-20 20:19:45'),(57,0,'en','validation','ip','The :attribute must be a valid IP address.','2022-04-20 20:01:06','2022-04-20 20:19:45'),(58,0,'en','validation','ipv4','The :attribute must be a valid IPv4 address.','2022-04-20 20:01:06','2022-04-20 20:19:45'),(59,0,'en','validation','ipv6','The :attribute must be a valid IPv6 address.','2022-04-20 20:01:06','2022-04-20 20:19:45'),(60,0,'en','validation','json','The :attribute must be a valid JSON string.','2022-04-20 20:01:06','2022-04-20 20:19:45'),(61,0,'en','validation','lt.numeric','The :attribute must be less than :value.','2022-04-20 20:01:06','2022-04-20 20:19:45'),(62,0,'en','validation','lt.file','The :attribute must be less than :value kilobytes.','2022-04-20 20:01:06','2022-04-20 20:19:45'),(63,0,'en','validation','lt.string','The :attribute must be less than :value characters.','2022-04-20 20:01:06','2022-04-20 20:19:45'),(64,0,'en','validation','lt.array','The :attribute must have less than :value items.','2022-04-20 20:01:06','2022-04-20 20:19:45'),(65,0,'en','validation','lte.numeric','The :attribute must be less than or equal to :value.','2022-04-20 20:01:06','2022-04-20 20:19:45'),(66,0,'en','validation','lte.file','The :attribute must be less than or equal to :value kilobytes.','2022-04-20 20:01:06','2022-04-20 20:19:45'),(67,0,'en','validation','lte.string','The :attribute must be less than or equal to :value characters.','2022-04-20 20:01:06','2022-04-20 20:19:45'),(68,0,'en','validation','lte.array','The :attribute must not have more than :value items.','2022-04-20 20:01:06','2022-04-20 20:19:45'),(69,0,'en','validation','mac_address','The :attribute must be a valid MAC address.','2022-04-20 20:01:06','2022-04-20 20:19:45'),(70,0,'en','validation','max.numeric','The :attribute must not be greater than :max.','2022-04-20 20:01:06','2022-04-20 20:19:45'),(71,0,'en','validation','max.file','The :attribute must not be greater than :max kilobytes.','2022-04-20 20:01:06','2022-04-20 20:19:45'),(72,0,'en','validation','max.string','The :attribute must not be greater than :max characters.','2022-04-20 20:01:06','2022-04-20 20:19:45'),(73,0,'en','validation','max.array','The :attribute must not have more than :max items.','2022-04-20 20:01:06','2022-04-20 20:19:45'),(74,0,'en','validation','mimes','The :attribute must be a file of type: :values.','2022-04-20 20:01:06','2022-04-20 20:19:45'),(75,0,'en','validation','mimetypes','The :attribute must be a file of type: :values.','2022-04-20 20:01:06','2022-04-20 20:19:45'),(76,0,'en','validation','min.numeric','The :attribute must be at least :min.','2022-04-20 20:01:06','2022-04-20 20:19:45'),(77,0,'en','validation','min.file','The :attribute must be at least :min kilobytes.','2022-04-20 20:01:06','2022-04-20 20:19:45'),(78,0,'en','validation','min.string','The :attribute must be at least :min characters.','2022-04-20 20:01:06','2022-04-20 20:19:45'),(79,0,'en','validation','min.array','The :attribute must have at least :min items.','2022-04-20 20:01:06','2022-04-20 20:19:45'),(80,0,'en','validation','multiple_of','The :attribute must be a multiple of :value.','2022-04-20 20:01:06','2022-04-20 20:19:45'),(81,0,'en','validation','not_in','The selected :attribute is invalid.','2022-04-20 20:01:06','2022-04-20 20:19:45'),(82,0,'en','validation','not_regex','The :attribute format is invalid.','2022-04-20 20:01:06','2022-04-20 20:19:45'),(83,0,'en','validation','numeric','The :attribute must be a number.','2022-04-20 20:01:06','2022-04-20 20:19:45'),(84,0,'en','validation','password','The password is incorrect.','2022-04-20 20:01:06','2022-04-20 20:19:45'),(85,0,'en','validation','present','The :attribute field must be present.','2022-04-20 20:01:06','2022-04-20 20:19:45'),(86,0,'en','validation','prohibited','The :attribute field is prohibited.','2022-04-20 20:01:06','2022-04-20 20:19:45'),(87,0,'en','validation','prohibited_if','The :attribute field is prohibited when :other is :value.','2022-04-20 20:01:06','2022-04-20 20:19:45'),(88,0,'en','validation','prohibited_unless','The :attribute field is prohibited unless :other is in :values.','2022-04-20 20:01:06','2022-04-20 20:19:45'),(89,0,'en','validation','prohibits','The :attribute field prohibits :other from being present.','2022-04-20 20:01:06','2022-04-20 20:19:45'),(90,0,'en','validation','regex','The :attribute format is invalid.','2022-04-20 20:01:06','2022-04-20 20:19:45'),(91,0,'en','validation','required','The :attribute field is required.','2022-04-20 20:01:06','2022-04-20 20:19:45'),(92,0,'en','validation','required_array_keys','The :attribute field must contain entries for: :values.','2022-04-20 20:01:06','2022-04-20 20:19:45'),(93,0,'en','validation','required_if','The :attribute field is required when :other is :value.','2022-04-20 20:01:06','2022-04-20 20:19:45'),(94,0,'en','validation','required_unless','The :attribute field is required unless :other is in :values.','2022-04-20 20:01:06','2022-04-20 20:19:45'),(95,0,'en','validation','required_with','The :attribute field is required when :values is present.','2022-04-20 20:01:06','2022-04-20 20:19:45'),(96,0,'en','validation','required_with_all','The :attribute field is required when :values are present.','2022-04-20 20:01:06','2022-04-20 20:19:45'),(97,0,'en','validation','required_without','The :attribute field is required when :values is not present.','2022-04-20 20:01:06','2022-04-20 20:19:45'),(98,0,'en','validation','required_without_all','The :attribute field is required when none of :values are present.','2022-04-20 20:01:06','2022-04-20 20:19:45'),(99,0,'en','validation','same','The :attribute and :other must match.','2022-04-20 20:01:06','2022-04-20 20:19:45'),(100,0,'en','validation','size.numeric','The :attribute must be :size.','2022-04-20 20:01:06','2022-04-20 20:19:45'),(101,0,'en','validation','size.file','The :attribute must be :size kilobytes.','2022-04-20 20:01:06','2022-04-20 20:19:45'),(102,0,'en','validation','size.string','The :attribute must be :size characters.','2022-04-20 20:01:06','2022-04-20 20:19:45'),(103,0,'en','validation','size.array','The :attribute must contain :size items.','2022-04-20 20:01:06','2022-04-20 20:19:45'),(104,0,'en','validation','starts_with','The :attribute must start with one of the following: :values.','2022-04-20 20:01:06','2022-04-20 20:19:45'),(105,0,'en','validation','string','The :attribute must be a string.','2022-04-20 20:01:06','2022-04-20 20:19:45'),(106,0,'en','validation','timezone','The :attribute must be a valid timezone.','2022-04-20 20:01:06','2022-04-20 20:19:45'),(107,0,'en','validation','unique','The :attribute has already been taken.','2022-04-20 20:01:06','2022-04-20 20:19:45'),(108,0,'en','validation','uploaded','The :attribute failed to upload.','2022-04-20 20:01:06','2022-04-20 20:19:45'),(109,0,'en','validation','url','The :attribute must be a valid URL.','2022-04-20 20:01:06','2022-04-20 20:19:45'),(110,0,'en','validation','uuid','The :attribute must be a valid UUID.','2022-04-20 20:01:06','2022-04-20 20:19:45'),(111,0,'en','validation','custom.attribute-name.rule-name','custom-message','2022-04-20 20:01:06','2022-04-20 20:19:45'),(112,0,'en','core/acl/api','api_clients','API Clients','2022-04-20 20:01:06','2022-04-20 20:19:45'),(113,0,'en','core/acl/api','create_new_client','Create new client','2022-04-20 20:01:06','2022-04-20 20:19:45'),(114,0,'en','core/acl/api','create_new_client_success','Create new client successfully!','2022-04-20 20:01:06','2022-04-20 20:19:45'),(115,0,'en','core/acl/api','edit_client','Edit client \":name\"','2022-04-20 20:01:06','2022-04-20 20:19:45'),(116,0,'en','core/acl/api','edit_client_success','Updated client successfully!','2022-04-20 20:01:06','2022-04-20 20:19:45'),(117,0,'en','core/acl/api','delete_success','Deleted client successfully!','2022-04-20 20:01:06','2022-04-20 20:19:45'),(118,0,'en','core/acl/api','confirm_delete_title','Confirm delete client \":name\"','2022-04-20 20:01:06','2022-04-20 20:19:45'),(119,0,'en','core/acl/api','confirm_delete_description','Do you really want to delete client \":name\"?','2022-04-20 20:01:06','2022-04-20 20:19:45'),(120,0,'en','core/acl/api','cancel_delete','No','2022-04-20 20:01:06','2022-04-20 20:19:45'),(121,0,'en','core/acl/api','continue_delete','Yes, let\'s delete it!','2022-04-20 20:01:06','2022-04-20 20:19:45'),(122,0,'en','core/acl/api','name','Name','2022-04-20 20:01:06','2022-04-20 20:19:45'),(123,0,'en','core/acl/api','cancel','Cancel','2022-04-20 20:01:06','2022-04-20 20:19:45'),(124,0,'en','core/acl/api','save','Save','2022-04-20 20:01:06','2022-04-20 20:19:45'),(125,0,'en','core/acl/api','edit','Edit','2022-04-20 20:01:06','2022-04-20 20:19:45'),(126,0,'en','core/acl/api','delete','Delete','2022-04-20 20:01:06','2022-04-20 20:19:45'),(127,0,'en','core/acl/api','client_id','Client ID','2022-04-20 20:01:06','2022-04-20 20:19:45'),(128,0,'en','core/acl/api','secret','Secret','2022-04-20 20:01:06','2022-04-20 20:19:45'),(129,0,'en','core/acl/auth','login.username','Email/Username','2022-04-20 20:01:06','2022-04-20 20:19:45'),(130,0,'en','core/acl/auth','login.email','Email','2022-04-20 20:01:06','2022-04-20 20:19:45'),(131,0,'en','core/acl/auth','login.password','Password','2022-04-20 20:01:06','2022-04-20 20:19:45'),(132,0,'en','core/acl/auth','login.title','User Login','2022-04-20 20:01:06','2022-04-20 20:19:45'),(133,0,'en','core/acl/auth','login.remember','Remember me?','2022-04-20 20:01:06','2022-04-20 20:19:45'),(134,0,'en','core/acl/auth','login.login','Sign in','2022-04-20 20:01:06','2022-04-20 20:19:45'),(135,0,'en','core/acl/auth','login.placeholder.username','Please enter your username','2022-04-20 20:01:06','2022-04-20 20:19:45'),(136,0,'en','core/acl/auth','login.placeholder.email','Please enter your email','2022-04-20 20:01:06','2022-04-20 20:19:45'),(137,0,'en','core/acl/auth','login.success','Login successfully!','2022-04-20 20:01:06','2022-04-20 20:19:45'),(138,0,'en','core/acl/auth','login.fail','Wrong username or password.','2022-04-20 20:01:06','2022-04-20 20:19:45'),(139,0,'en','core/acl/auth','login.not_active','Your account has not been activated yet!','2022-04-20 20:01:06','2022-04-20 20:19:45'),(140,0,'en','core/acl/auth','login.banned','This account is banned.','2022-04-20 20:01:06','2022-04-20 20:19:45'),(141,0,'en','core/acl/auth','login.logout_success','Logout successfully!','2022-04-20 20:01:06','2022-04-20 20:19:45'),(142,0,'en','core/acl/auth','login.dont_have_account','You don\'t have account on this system, please contact administrator for more information!','2022-04-20 20:01:06','2022-04-20 20:19:45'),(143,0,'en','core/acl/auth','forgot_password.title','Forgot Password','2022-04-20 20:01:06','2022-04-20 20:19:45'),(144,0,'en','core/acl/auth','forgot_password.message','<p>Have you forgotten your password?</p><p>Please enter your email account. System will send a email with active link to reset your password.</p>','2022-04-20 20:01:06','2022-04-20 20:19:45'),(145,0,'en','core/acl/auth','forgot_password.submit','Submit','2022-04-20 20:01:06','2022-04-20 20:19:45'),(146,0,'en','core/acl/auth','reset.new_password','New password','2022-04-20 20:01:06','2022-04-20 20:19:45'),(147,0,'en','core/acl/auth','reset.password_confirmation','Confirm new password','2022-04-20 20:01:06','2022-04-20 20:19:45'),(148,0,'en','core/acl/auth','reset.email','Email','2022-04-20 20:01:06','2022-04-20 20:19:45'),(149,0,'en','core/acl/auth','reset.title','Reset your password','2022-04-20 20:01:06','2022-04-20 20:19:45'),(150,0,'en','core/acl/auth','reset.update','Update','2022-04-20 20:01:06','2022-04-20 20:19:45'),(151,0,'en','core/acl/auth','reset.wrong_token','This link is invalid or expired. Please try using reset form again.','2022-04-20 20:01:06','2022-04-20 20:19:45'),(152,0,'en','core/acl/auth','reset.user_not_found','This username is not exist.','2022-04-20 20:01:06','2022-04-20 20:19:45'),(153,0,'en','core/acl/auth','reset.success','Reset password successfully!','2022-04-20 20:01:06','2022-04-20 20:19:45'),(154,0,'en','core/acl/auth','reset.fail','Token is invalid, the reset password link has been expired!','2022-04-20 20:01:06','2022-04-20 20:19:45'),(155,0,'en','core/acl/auth','reset.reset.title','Email reset password','2022-04-20 20:01:06','2022-04-20 20:19:45'),(156,0,'en','core/acl/auth','reset.send.success','A email was sent to your email account. Please check and complete this action.','2022-04-20 20:01:06','2022-04-20 20:19:45'),(157,0,'en','core/acl/auth','reset.send.fail','Can not send email in this time. Please try again later.','2022-04-20 20:01:06','2022-04-20 20:19:45'),(158,0,'en','core/acl/auth','reset.new-password','New password','2022-04-20 20:01:06','2022-04-20 20:19:45'),(159,0,'en','core/acl/auth','email.reminder.title','Email reset password','2022-04-20 20:01:06','2022-04-20 20:19:45'),(160,0,'en','core/acl/auth','password_confirmation','Password confirm','2022-04-20 20:01:06','2022-04-20 20:19:45'),(161,0,'en','core/acl/auth','failed','Failed','2022-04-20 20:01:06','2022-04-20 20:19:45'),(162,0,'en','core/acl/auth','throttle','Throttle','2022-04-20 20:01:06','2022-04-20 20:19:45'),(163,0,'en','core/acl/auth','not_member','Not a member yet?','2022-04-20 20:01:06','2022-04-20 20:19:45'),(164,0,'en','core/acl/auth','register_now','Register now','2022-04-20 20:01:06','2022-04-20 20:19:45'),(165,0,'en','core/acl/auth','lost_your_password','Lost your password?','2022-04-20 20:01:06','2022-04-20 20:19:45'),(166,0,'en','core/acl/auth','login_title','Admin','2022-04-20 20:01:06','2022-04-20 20:19:45'),(167,0,'en','core/acl/auth','login_via_social','Login with social networks','2022-04-20 20:01:06','2022-04-20 20:19:45'),(168,0,'en','core/acl/auth','back_to_login','Back to login page','2022-04-20 20:01:06','2022-04-20 20:19:45'),(169,0,'en','core/acl/auth','sign_in_below','Sign In Below','2022-04-20 20:01:06','2022-04-20 20:19:45'),(170,0,'en','core/acl/auth','languages','Languages','2022-04-20 20:01:06','2022-04-20 20:19:45'),(171,0,'en','core/acl/auth','reset_password','Reset Password','2022-04-20 20:01:06','2022-04-20 20:19:45'),(172,0,'en','core/acl/auth','settings.email.title','ACL','2022-04-20 20:01:06','2022-04-20 20:19:45'),(173,0,'en','core/acl/auth','settings.email.description','ACL email configuration','2022-04-20 20:01:06','2022-04-20 20:19:45'),(174,0,'en','core/acl/permissions','notices.role_in_use','Cannot delete this role, it is still in use!','2022-04-20 20:01:06','2022-04-20 20:19:45'),(175,0,'en','core/acl/permissions','notices.role_delete_belong_user','You are not able to delete this role; it belongs to someone else!','2022-04-20 20:01:06','2022-04-20 20:19:45'),(176,0,'en','core/acl/permissions','notices.role_edit_belong_user','You are not able to edit this role; it belongs to someone else!','2022-04-20 20:01:06','2022-04-20 20:19:45'),(177,0,'en','core/acl/permissions','notices.delete_global_role','You are not allowed to delete global roles!','2022-04-20 20:01:06','2022-04-20 20:19:45'),(178,0,'en','core/acl/permissions','notices.delete_success','The selected role was deleted successfully!','2022-04-20 20:01:06','2022-04-20 20:19:45'),(179,0,'en','core/acl/permissions','notices.modified_success','The selected role was modified successfully!','2022-04-20 20:01:06','2022-04-20 20:19:45'),(180,0,'en','core/acl/permissions','notices.create_success','The new role was successfully created','2022-04-20 20:01:06','2022-04-20 20:19:45'),(181,0,'en','core/acl/permissions','notices.duplicated_success','The selected role was duplicated successfully','2022-04-20 20:01:06','2022-04-20 20:19:45'),(182,0,'en','core/acl/permissions','notices.no_select','Please select at least one record to take this action!','2022-04-20 20:01:06','2022-04-20 20:19:45'),(183,0,'en','core/acl/permissions','notices.not_found','Role not found','2022-04-20 20:01:06','2022-04-20 20:19:45'),(184,0,'en','core/acl/permissions','name','Name','2022-04-20 20:01:06','2022-04-20 20:19:45'),(185,0,'en','core/acl/permissions','current_role','Current Role','2022-04-20 20:01:06','2022-04-20 20:19:45'),(186,0,'en','core/acl/permissions','no_role_assigned','No role assigned','2022-04-20 20:01:06','2022-04-20 20:19:45'),(187,0,'en','core/acl/permissions','role_assigned','Assigned Role','2022-04-20 20:01:06','2022-04-20 20:19:45'),(188,0,'en','core/acl/permissions','create_role','Create New Role','2022-04-20 20:01:06','2022-04-20 20:19:45'),(189,0,'en','core/acl/permissions','role_name','Name','2022-04-20 20:01:06','2022-04-20 20:19:45'),(190,0,'en','core/acl/permissions','role_description','Description','2022-04-20 20:01:06','2022-04-20 20:19:45'),(191,0,'en','core/acl/permissions','permission_flags','Permission Flags','2022-04-20 20:01:06','2022-04-20 20:19:45'),(192,0,'en','core/acl/permissions','cancel','Cancel','2022-04-20 20:01:06','2022-04-20 20:19:45'),(193,0,'en','core/acl/permissions','reset','Reset','2022-04-20 20:01:06','2022-04-20 20:19:45'),(194,0,'en','core/acl/permissions','save','Save','2022-04-20 20:01:06','2022-04-20 20:19:45'),(195,0,'en','core/acl/permissions','global_role_msg','This is a global role and cannot be modified.  You can use the Duplicate button to make a copy of this role that you can then modify.','2022-04-20 20:01:06','2022-04-20 20:19:45'),(196,0,'en','core/acl/permissions','details','Details','2022-04-20 20:01:06','2022-04-20 20:19:45'),(197,0,'en','core/acl/permissions','duplicate','Duplicate','2022-04-20 20:01:06','2022-04-20 20:19:45'),(198,0,'en','core/acl/permissions','all','All Permissions','2022-04-20 20:01:06','2022-04-20 20:19:45'),(199,0,'en','core/acl/permissions','list_role','List Roles','2022-04-20 20:01:06','2022-04-20 20:19:45'),(200,0,'en','core/acl/permissions','created_on','Created On','2022-04-20 20:01:06','2022-04-20 20:19:45'),(201,0,'en','core/acl/permissions','created_by','Created By','2022-04-20 20:01:06','2022-04-20 20:19:45'),(202,0,'en','core/acl/permissions','actions','Actions','2022-04-20 20:01:06','2022-04-20 20:19:45'),(203,0,'en','core/acl/permissions','role_in_use','Cannot delete this role, it is still in use!','2022-04-20 20:01:06','2022-04-20 20:19:45'),(204,0,'en','core/acl/permissions','role_delete_belong_user','You are not able to delete this role; it belongs to someone else!','2022-04-20 20:01:06','2022-04-20 20:19:45'),(205,0,'en','core/acl/permissions','delete_global_role','Can not delete global role','2022-04-20 20:01:06','2022-04-20 20:19:45'),(206,0,'en','core/acl/permissions','delete_success','Delete role successfully','2022-04-20 20:01:06','2022-04-20 20:19:45'),(207,0,'en','core/acl/permissions','no_select','Please select at least one role to take this action!','2022-04-20 20:01:06','2022-04-20 20:19:45'),(208,0,'en','core/acl/permissions','not_found','No role found!','2022-04-20 20:01:06','2022-04-20 20:19:45'),(209,0,'en','core/acl/permissions','role_edit_belong_user','You are not able to edit this role; it belongs to someone else!','2022-04-20 20:01:06','2022-04-20 20:19:45'),(210,0,'en','core/acl/permissions','modified_success','Modified successfully','2022-04-20 20:01:06','2022-04-20 20:19:45'),(211,0,'en','core/acl/permissions','create_success','Create successfully','2022-04-20 20:01:06','2022-04-20 20:19:45'),(212,0,'en','core/acl/permissions','duplicated_success','Duplicated successfully','2022-04-20 20:01:06','2022-04-20 20:19:45'),(213,0,'en','core/acl/permissions','options','Options','2022-04-20 20:01:06','2022-04-20 20:19:45'),(214,0,'en','core/acl/permissions','access_denied_message','You are not allowed to do this action','2022-04-20 20:01:06','2022-04-20 20:19:45'),(215,0,'en','core/acl/permissions','roles','Roles','2022-04-20 20:01:06','2022-04-20 20:19:45'),(216,0,'en','core/acl/permissions','role_permission','Roles and Permissions','2022-04-20 20:01:06','2022-04-20 20:19:45'),(217,0,'en','core/acl/permissions','user_management','User Management','2022-04-20 20:01:06','2022-04-20 20:19:45'),(218,0,'en','core/acl/permissions','super_user_management','Super User Management','2022-04-20 20:01:06','2022-04-20 20:19:45'),(219,0,'en','core/acl/permissions','action_unauthorized','This action is unauthorized.','2022-04-20 20:01:06','2022-04-20 20:19:45'),(220,0,'en','core/acl/reminders','password','Passwords must be at least six characters and match the confirmation.','2022-04-20 20:01:06','2022-04-20 20:19:45'),(221,0,'en','core/acl/reminders','user','We can\'t find a user with that e-mail address.','2022-04-20 20:01:06','2022-04-20 20:19:45'),(222,0,'en','core/acl/reminders','token','This password reset token is invalid.','2022-04-20 20:01:06','2022-04-20 20:19:45'),(223,0,'en','core/acl/reminders','sent','Password reminder sent!','2022-04-20 20:01:06','2022-04-20 20:19:45'),(224,0,'en','core/acl/reminders','reset','Password has been reset!','2022-04-20 20:01:06','2022-04-20 20:19:45'),(225,0,'en','core/acl/users','delete_user_logged_in','Can\'t delete this user. This user is logged on!','2022-04-20 20:01:06','2022-04-20 20:19:45'),(226,0,'en','core/acl/users','no_select','Please select at least one record to take this action!','2022-04-20 20:01:06','2022-04-20 20:19:45'),(227,0,'en','core/acl/users','lock_user_logged_in','Can\'t lock this user. This user is logged on!','2022-04-20 20:01:06','2022-04-20 20:19:45'),(228,0,'en','core/acl/users','update_success','Update status successfully!','2022-04-20 20:01:06','2022-04-20 20:19:45'),(229,0,'en','core/acl/users','save_setting_failed','Something went wrong when save your setting','2022-04-20 20:01:06','2022-04-20 20:19:45'),(230,0,'en','core/acl/users','not_found','User not found','2022-04-20 20:01:06','2022-04-20 20:19:45'),(231,0,'en','core/acl/users','email_exist','That email address already belongs to an existing account','2022-04-20 20:01:06','2022-04-20 20:19:45'),(232,0,'en','core/acl/users','username_exist','That username address already belongs to an existing account','2022-04-20 20:01:06','2022-04-20 20:19:45'),(233,0,'en','core/acl/users','update_profile_success','Your profile changes were successfully saved','2022-04-20 20:01:06','2022-04-20 20:19:45'),(234,0,'en','core/acl/users','password_update_success','Password successfully changed','2022-04-20 20:01:06','2022-04-20 20:19:45'),(235,0,'en','core/acl/users','current_password_not_valid','Current password is not valid','2022-04-20 20:01:06','2022-04-20 20:19:45'),(236,0,'en','core/acl/users','user_exist_in','User is already a member','2022-04-20 20:01:06','2022-04-20 20:19:45'),(237,0,'en','core/acl/users','email','Email','2022-04-20 20:01:06','2022-04-20 20:19:45'),(238,0,'en','core/acl/users','role','Role','2022-04-20 20:01:06','2022-04-20 20:19:45'),(239,0,'en','core/acl/users','username','Username','2022-04-20 20:01:06','2022-04-20 20:19:45'),(240,0,'en','core/acl/users','last_name','Last Name','2022-04-20 20:01:06','2022-04-20 20:19:45'),(241,0,'en','core/acl/users','first_name','First Name','2022-04-20 20:01:06','2022-04-20 20:19:45'),(242,0,'en','core/acl/users','message','Message','2022-04-20 20:01:06','2022-04-20 20:19:45'),(243,0,'en','core/acl/users','cancel_btn','Cancel','2022-04-20 20:01:06','2022-04-20 20:19:45'),(244,0,'en','core/acl/users','change_password','Change password','2022-04-20 20:01:06','2022-04-20 20:19:45'),(245,0,'en','core/acl/users','current_password','Current password','2022-04-20 20:01:06','2022-04-20 20:19:45'),(246,0,'en','core/acl/users','new_password','New Password','2022-04-20 20:01:06','2022-04-20 20:19:45'),(247,0,'en','core/acl/users','confirm_new_password','Confirm New Password','2022-04-20 20:01:06','2022-04-20 20:19:45'),(248,0,'en','core/acl/users','password','Password','2022-04-20 20:01:06','2022-04-20 20:19:45'),(249,0,'en','core/acl/users','save','Save','2022-04-20 20:01:06','2022-04-20 20:19:45'),(250,0,'en','core/acl/users','cannot_delete','User could not be deleted','2022-04-20 20:01:06','2022-04-20 20:19:45'),(251,0,'en','core/acl/users','deleted','User deleted','2022-04-20 20:01:06','2022-04-20 20:19:45'),(252,0,'en','core/acl/users','last_login','Last Login','2022-04-20 20:01:06','2022-04-20 20:19:45'),(253,0,'en','core/acl/users','error_update_profile_image','Error when update profile image','2022-04-20 20:01:06','2022-04-20 20:19:45'),(254,0,'en','core/acl/users','email_reminder_template','<h3>Hello :name</h3><p>The system has received a request to restore the password for your account, to complete this task please click the link below.</p><p><a href=\":link\">Reset password now</a></p><p>If not you ask recover password, please ignore this email.</p><p>This email is valid for 60 minutes after receiving the email.</p>','2022-04-20 20:01:06','2022-04-20 20:19:45'),(255,0,'en','core/acl/users','change_profile_image','Change Profile Image','2022-04-20 20:01:06','2022-04-20 20:19:45'),(256,0,'en','core/acl/users','new_image','New Image','2022-04-20 20:01:06','2022-04-20 20:19:45'),(257,0,'en','core/acl/users','loading','Loading','2022-04-20 20:01:06','2022-04-20 20:19:45'),(258,0,'en','core/acl/users','close','Close','2022-04-20 20:01:06','2022-04-20 20:19:45'),(259,0,'en','core/acl/users','update','Update','2022-04-20 20:01:06','2022-04-20 20:19:45'),(260,0,'en','core/acl/users','read_image_failed','Failed to read the image file','2022-04-20 20:01:06','2022-04-20 20:19:45'),(261,0,'en','core/acl/users','users','Users','2022-04-20 20:01:06','2022-04-20 20:19:45'),(262,0,'en','core/acl/users','update_avatar_success','Update profile image successfully!','2022-04-20 20:01:06','2022-04-20 20:19:45'),(263,0,'en','core/acl/users','info.title','User profile','2022-04-20 20:01:06','2022-04-20 20:19:45'),(264,0,'en','core/acl/users','info.first_name','First Name','2022-04-20 20:01:06','2022-04-20 20:19:45'),(265,0,'en','core/acl/users','info.last_name','Last Name','2022-04-20 20:01:06','2022-04-20 20:19:45'),(266,0,'en','core/acl/users','info.email','Email','2022-04-20 20:01:06','2022-04-20 20:19:45'),(267,0,'en','core/acl/users','info.second_email','Secondary Email','2022-04-20 20:01:06','2022-04-20 20:19:45'),(268,0,'en','core/acl/users','info.address','Address','2022-04-20 20:01:06','2022-04-20 20:19:45'),(269,0,'en','core/acl/users','info.second_address','Secondary Address','2022-04-20 20:01:06','2022-04-20 20:19:45'),(270,0,'en','core/acl/users','info.birth_day','Date of birth','2022-04-20 20:01:06','2022-04-20 20:19:45'),(271,0,'en','core/acl/users','info.job','Job Position','2022-04-20 20:01:06','2022-04-20 20:19:45'),(272,0,'en','core/acl/users','info.mobile_number','Mobile Number','2022-04-20 20:01:06','2022-04-20 20:19:45'),(273,0,'en','core/acl/users','info.second_mobile_number','Secondary Phone','2022-04-20 20:01:06','2022-04-20 20:19:45'),(274,0,'en','core/acl/users','info.interes','Interests','2022-04-20 20:01:06','2022-04-20 20:19:45'),(275,0,'en','core/acl/users','info.about','About','2022-04-20 20:01:06','2022-04-20 20:19:45'),(276,0,'en','core/acl/users','gender.title','Gender','2022-04-20 20:01:06','2022-04-20 20:19:45'),(277,0,'en','core/acl/users','gender.male','Male','2022-04-20 20:01:06','2022-04-20 20:19:45'),(278,0,'en','core/acl/users','gender.female','Female','2022-04-20 20:01:06','2022-04-20 20:19:45'),(279,0,'en','core/acl/users','total_users','Total users','2022-04-20 20:01:06','2022-04-20 20:19:45'),(280,0,'en','core/acl/users','statuses.activated','Activated','2022-04-20 20:01:06','2022-04-20 20:19:45'),(281,0,'en','core/acl/users','statuses.deactivated','Deactivated','2022-04-20 20:01:06','2022-04-20 20:19:45'),(282,0,'en','core/acl/users','make_super','Make super','2022-04-20 20:01:06','2022-04-20 20:19:45'),(283,0,'en','core/acl/users','remove_super','Remove super','2022-04-20 20:01:06','2022-04-20 20:19:45'),(284,0,'en','core/acl/users','is_super','Is super?','2022-04-20 20:01:06','2022-04-20 20:19:45'),(285,0,'en','core/acl/users','email_placeholder','Ex: example@gmail.com','2022-04-20 20:01:06','2022-04-20 20:19:45'),(286,0,'en','core/acl/users','password_confirmation','Re-type password','2022-04-20 20:01:06','2022-04-20 20:19:45'),(287,0,'en','core/acl/users','select_role','Select role','2022-04-20 20:01:06','2022-04-20 20:19:45'),(288,0,'en','core/acl/users','create_new_user','Create a new user','2022-04-20 20:01:06','2022-04-20 20:19:45'),(289,0,'en','core/acl/users','cannot_delete_super_user','Permission denied. Cannot delete a super user!','2022-04-20 20:01:06','2022-04-20 20:19:45'),(290,0,'en','core/acl/users','assigned_role','Assigned Role','2022-04-20 20:01:06','2022-04-20 20:19:45'),(291,0,'en','core/acl/users','no_role_assigned','No role assigned','2022-04-20 20:01:06','2022-04-20 20:19:45'),(292,0,'en','core/acl/users','view_user_profile','View user\'s profile','2022-04-20 20:01:06','2022-04-20 20:19:45'),(293,0,'vi','core/acl/auth','login.username','Tên truy cập','2022-04-20 20:01:06','2022-04-20 20:19:45'),(294,0,'vi','core/acl/auth','login.password','Mật khẩu','2022-04-20 20:01:06','2022-04-20 20:19:45'),(295,0,'vi','core/acl/auth','login.title','Đăng nhập vào quản trị','2022-04-20 20:01:06','2022-04-20 20:19:45'),(296,0,'vi','core/acl/auth','login.remember','Nhớ mật khẩu?','2022-04-20 20:01:06','2022-04-20 20:19:45'),(297,0,'vi','core/acl/auth','login.login','Đăng nhập','2022-04-20 20:01:06','2022-04-20 20:19:45'),(298,0,'vi','core/acl/auth','login.placeholder.username','Vui lòng nhập tên truy cập','2022-04-20 20:01:06','2022-04-20 20:19:45'),(299,0,'vi','core/acl/auth','login.placeholder.email','Vui lòng nhập email','2022-04-20 20:01:06','2022-04-20 20:19:45'),(300,0,'vi','core/acl/auth','login.success','Đăng nhập thành công!','2022-04-20 20:01:06','2022-04-20 20:19:45'),(301,0,'vi','core/acl/auth','login.fail','Sai tên truy cập hoặc mật khẩu.','2022-04-20 20:01:06','2022-04-20 20:19:45'),(302,0,'vi','core/acl/auth','login.not_active','Tài khoản của bạn chưa được kích hoạt!','2022-04-20 20:01:06','2022-04-20 20:19:45'),(303,0,'vi','core/acl/auth','login.banned','Tài khoản này đã bị khóa.','2022-04-20 20:01:06','2022-04-20 20:19:45'),(304,0,'vi','core/acl/auth','login.logout_success','Đăng xuất thành công!','2022-04-20 20:01:06','2022-04-20 20:19:45'),(305,0,'vi','core/acl/auth','login.dont_have_account','Bạn không có tài khoản trong hệ thống, vui lòng liên hệ quản trị viên!','2022-04-20 20:01:06','2022-04-20 20:19:45'),(306,0,'vi','core/acl/auth','login.email','Email','2022-04-20 20:01:06','2022-04-20 20:19:45'),(307,0,'vi','core/acl/auth','forgot_password.title','Quên mật khẩu','2022-04-20 20:01:06','2022-04-20 20:19:45'),(308,0,'vi','core/acl/auth','forgot_password.message','<p>Quên mật khẩu?</p><p>Vui lòng nhập email đăng nhập tài khoản của bạn để hệ thống gửi liên kết khôi phục mật khẩu.</p>','2022-04-20 20:01:06','2022-04-20 20:19:45'),(309,0,'vi','core/acl/auth','forgot_password.submit','Hoàn tất','2022-04-20 20:01:06','2022-04-20 20:19:45'),(310,0,'vi','core/acl/auth','reset.new_password','Mật khẩu mới','2022-04-20 20:01:06','2022-04-20 20:19:45'),(311,0,'vi','core/acl/auth','reset.title','Khôi phục mật khẩu','2022-04-20 20:01:06','2022-04-20 20:19:45'),(312,0,'vi','core/acl/auth','reset.update','Cập nhật','2022-04-20 20:01:06','2022-04-20 20:19:45'),(313,0,'vi','core/acl/auth','reset.wrong_token','Liên kết này không chính xác hoặc đã hết hiệu lực, vui lòng yêu cầu khôi phục mật khẩu lại!','2022-04-20 20:01:06','2022-04-20 20:19:45'),(314,0,'vi','core/acl/auth','reset.user_not_found','Tên đăng nhập không tồn tại.','2022-04-20 20:01:06','2022-04-20 20:19:45'),(315,0,'vi','core/acl/auth','reset.success','Khôi phục mật khẩu thành công!','2022-04-20 20:01:06','2022-04-20 20:19:45'),(316,0,'vi','core/acl/auth','reset.fail','Token không hợp lệ hoặc liên kết khôi phục mật khẩu đã hết thời gian hiệu lực!','2022-04-20 20:01:06','2022-04-20 20:19:45'),(317,0,'vi','core/acl/auth','reset.reset.title','Email khôi phục mật khẩu','2022-04-20 20:01:06','2022-04-20 20:19:45'),(318,0,'vi','core/acl/auth','reset.send.success','Một email khôi phục mật khẩu đã được gửi tới email của bạn, vui lòng kiểm tra và hoàn tất yêu cầu.','2022-04-20 20:01:06','2022-04-20 20:19:45'),(319,0,'vi','core/acl/auth','reset.send.fail','Không thể gửi email trong lúc này. Vui lòng thực hiện lại sau.','2022-04-20 20:01:06','2022-04-20 20:19:45'),(320,0,'vi','core/acl/auth','reset.new-password','Mật khẩu mới','2022-04-20 20:01:06','2022-04-20 20:19:45'),(321,0,'vi','core/acl/auth','reset.email','Email','2022-04-20 20:01:06','2022-04-20 20:19:45'),(322,0,'vi','core/acl/auth','email.reminder.title','Email khôi phục mật khẩu','2022-04-20 20:01:06','2022-04-20 20:19:45'),(323,0,'vi','core/acl/auth','failed','Không thành công','2022-04-20 20:01:06','2022-04-20 20:19:45'),(324,0,'vi','core/acl/auth','throttle','Throttle','2022-04-20 20:01:06','2022-04-20 20:19:45'),(325,0,'vi','core/acl/auth','back_to_login','Quay lại trang đăng nhập','2022-04-20 20:01:07','2022-04-20 20:19:45'),(326,0,'vi','core/acl/auth','login_title','Đăng nhập vào quản trị','2022-04-20 20:01:07','2022-04-20 20:19:45'),(327,0,'vi','core/acl/auth','login_via_social','Đăng nhập thông qua mạng xã hội','2022-04-20 20:01:07','2022-04-20 20:19:45'),(328,0,'vi','core/acl/auth','lost_your_password','Quên mật khẩu?','2022-04-20 20:01:07','2022-04-20 20:19:45'),(329,0,'vi','core/acl/auth','not_member','Chưa là thành viên?','2022-04-20 20:01:07','2022-04-20 20:19:45'),(330,0,'vi','core/acl/auth','register_now','Đăng ký ngay','2022-04-20 20:01:07','2022-04-20 20:19:45'),(331,0,'vi','core/acl/permissions','notices.role_in_use','Không thể xóa quyền người dùng này vì nó đang được sử dụng!','2022-04-20 20:01:07','2022-04-20 20:19:45'),(332,0,'vi','core/acl/permissions','notices.role_delete_belong_user','Không thể xóa quyền hạn này vì nó thuộc về người khác!','2022-04-20 20:01:07','2022-04-20 20:19:45'),(333,0,'vi','core/acl/permissions','notices.role_edit_belong_user','Bạn không được phép sửa quyền này vì nó thuộc về người khác','2022-04-20 20:01:07','2022-04-20 20:19:45'),(334,0,'vi','core/acl/permissions','notices.delete_global_role','Bạn không thể xóa quyền người dùng hệ thống!','2022-04-20 20:01:07','2022-04-20 20:19:45'),(335,0,'vi','core/acl/permissions','notices.delete_success','Quyền người dùng đã được xóa!','2022-04-20 20:01:07','2022-04-20 20:19:45'),(336,0,'vi','core/acl/permissions','notices.modified_success','Quyền người dùng đã được cập nhật thành công!','2022-04-20 20:01:07','2022-04-20 20:19:45'),(337,0,'vi','core/acl/permissions','notices.create_success','Quyền người dùng mới đã được tạo thành công!','2022-04-20 20:01:07','2022-04-20 20:19:45'),(338,0,'vi','core/acl/permissions','notices.duplicated_success','Quyền người dùng đã được sao chép thành công!','2022-04-20 20:01:07','2022-04-20 20:19:45'),(339,0,'vi','core/acl/permissions','notices.no_select','Hãy chọn ít nhất một quyền người dùng để thực hiện hành động này!','2022-04-20 20:01:07','2022-04-20 20:19:45'),(340,0,'vi','core/acl/permissions','notices.not_found','Không tìm thấy quyền người dùng này','2022-04-20 20:01:07','2022-04-20 20:19:45'),(341,0,'vi','core/acl/permissions','name','Tên','2022-04-20 20:01:07','2022-04-20 20:19:45'),(342,0,'vi','core/acl/permissions','current_role','Quyền hiện tại','2022-04-20 20:01:07','2022-04-20 20:19:45'),(343,0,'vi','core/acl/permissions','no_role_assigned','Không có quyền hạn nào','2022-04-20 20:01:07','2022-04-20 20:19:45'),(344,0,'vi','core/acl/permissions','role_assigned','Quyền đã được gán','2022-04-20 20:01:07','2022-04-20 20:19:45'),(345,0,'vi','core/acl/permissions','create_role','Tạo quyền mới','2022-04-20 20:01:07','2022-04-20 20:19:45'),(346,0,'vi','core/acl/permissions','role_name','Tên','2022-04-20 20:01:07','2022-04-20 20:19:45'),(347,0,'vi','core/acl/permissions','role_description','Mô tả','2022-04-20 20:01:07','2022-04-20 20:19:45'),(348,0,'vi','core/acl/permissions','permission_flags','Cờ đánh dấu quyền hạn','2022-04-20 20:01:07','2022-04-20 20:19:45'),(349,0,'vi','core/acl/permissions','cancel','Hủy bỏ','2022-04-20 20:01:07','2022-04-20 20:19:45'),(350,0,'vi','core/acl/permissions','reset','Làm lại','2022-04-20 20:01:07','2022-04-20 20:19:45'),(351,0,'vi','core/acl/permissions','save','Lưu','2022-04-20 20:01:07','2022-04-20 20:19:45'),(352,0,'vi','core/acl/permissions','global_role_msg','Đây là một phân quyền toàn cục và không thể thay đổi.  Bạn có thể sử dụng nút \"Nhân bản\" để tạo một bản sao chép cho phân quyền này và chỉnh sửa.','2022-04-20 20:01:07','2022-04-20 20:19:45'),(353,0,'vi','core/acl/permissions','details','Chi tiết','2022-04-20 20:01:07','2022-04-20 20:19:45'),(354,0,'vi','core/acl/permissions','duplicate','Nhân bản','2022-04-20 20:01:07','2022-04-20 20:19:45'),(355,0,'vi','core/acl/permissions','all','Tất cả phân quyền','2022-04-20 20:01:07','2022-04-20 20:19:45'),(356,0,'vi','core/acl/permissions','list_role','Danh sách quyền','2022-04-20 20:01:07','2022-04-20 20:19:45'),(357,0,'vi','core/acl/permissions','created_on','Ngày tạo','2022-04-20 20:01:07','2022-04-20 20:19:45'),(358,0,'vi','core/acl/permissions','created_by','Được tạo bởi','2022-04-20 20:01:07','2022-04-20 20:19:45'),(359,0,'vi','core/acl/permissions','actions','Tác vụ','2022-04-20 20:01:07','2022-04-20 20:19:45'),(360,0,'vi','core/acl/permissions','create_success','Tạo thành công!','2022-04-20 20:01:07','2022-04-20 20:19:45'),(361,0,'vi','core/acl/permissions','delete_global_role','Không thể xóa quyền hệ thống','2022-04-20 20:01:07','2022-04-20 20:19:45'),(362,0,'vi','core/acl/permissions','delete_success','Xóa quyền thành công','2022-04-20 20:01:07','2022-04-20 20:19:45'),(363,0,'vi','core/acl/permissions','duplicated_success','Nhân bản thành công','2022-04-20 20:01:07','2022-04-20 20:19:45'),(364,0,'vi','core/acl/permissions','modified_success','Sửa thành công','2022-04-20 20:01:07','2022-04-20 20:19:45'),(365,0,'vi','core/acl/permissions','no_select','Hãy chọn ít nhất một quyền để thực hiện hành động này!','2022-04-20 20:01:07','2022-04-20 20:19:45'),(366,0,'vi','core/acl/permissions','not_found','Không tìm thấy quyền thành viên nào!','2022-04-20 20:01:07','2022-04-20 20:19:45'),(367,0,'vi','core/acl/permissions','options','Tùy chọn','2022-04-20 20:01:07','2022-04-20 20:19:45'),(368,0,'vi','core/acl/permissions','role_delete_belong_user','Không thể xóa quyền hạn này vì nó thuộc về người khác!','2022-04-20 20:01:07','2022-04-20 20:19:45'),(369,0,'vi','core/acl/permissions','role_edit_belong_user','Bạn không được phép sửa quyền này vì nó thuộc về người khác','2022-04-20 20:01:07','2022-04-20 20:19:45'),(370,0,'vi','core/acl/permissions','role_in_use','Không thể xóa quyền người dùng này vì nó đang được sử dụng!','2022-04-20 20:01:07','2022-04-20 20:19:45'),(371,0,'vi','core/acl/permissions','access_denied_message','Bạn không có quyền sử dụng chức năng này!','2022-04-20 20:01:07','2022-04-20 20:19:45'),(372,0,'vi','core/acl/permissions','roles','Quyền','2022-04-20 20:01:07','2022-04-20 20:19:45'),(373,0,'vi','core/acl/permissions','role_permission','Nhóm và phân quyền','2022-04-20 20:01:07','2022-04-20 20:19:45'),(374,0,'vi','core/acl/permissions','user_management','Quản lý người dùng hệ thống','2022-04-20 20:01:07','2022-04-20 20:19:45'),(375,0,'vi','core/acl/permissions','super_user_management','Quản lý người dùng cấp cao','2022-04-20 20:01:07','2022-04-20 20:19:45'),(376,0,'vi','core/acl/reminders','password','Mật khẩu phải ít nhất 6 kí tự và trùng khớp với mật khẩu xác nhận.','2022-04-20 20:01:07','2022-04-20 20:19:45'),(377,0,'vi','core/acl/reminders','user','Hệ thống không thể tìm thấy tài khoản với email này.','2022-04-20 20:01:07','2022-04-20 20:19:45'),(378,0,'vi','core/acl/reminders','token','Mã khôi phục mật khẩu này không hợp lệ.','2022-04-20 20:01:07','2022-04-20 20:19:45'),(379,0,'vi','core/acl/reminders','sent','Liên kết khôi phục mật khẩu đã được gửi!','2022-04-20 20:01:07','2022-04-20 20:19:45'),(380,0,'vi','core/acl/reminders','reset','Mật khẩu đã được thay đổi!','2022-04-20 20:01:07','2022-04-20 20:19:45'),(381,0,'vi','core/acl/users','delete_user_logged_in','Không thể xóa người dùng đang đăng nhập hệ thống!','2022-04-20 20:01:07','2022-04-20 20:19:45'),(382,0,'vi','core/acl/users','no_select','Hãy chọn ít nhất một trường để thực hiện hành động này!','2022-04-20 20:01:07','2022-04-20 20:19:45'),(383,0,'vi','core/acl/users','lock_user_logged_in','Không thể khóa người dùng đang đăng nhập hệ thống!','2022-04-20 20:01:07','2022-04-20 20:19:45'),(384,0,'vi','core/acl/users','update_success','Cập nhật trạng thái thành công!','2022-04-20 20:01:07','2022-04-20 20:19:45'),(385,0,'vi','core/acl/users','save_setting_failed','Có lỗi xảy ra trong quá trình lưu cài đặt của người dùng','2022-04-20 20:01:07','2022-04-20 20:19:45'),(386,0,'vi','core/acl/users','not_found','Không tìm thấy người dùng','2022-04-20 20:01:07','2022-04-20 20:19:45'),(387,0,'vi','core/acl/users','email_exist','Email này đã được sử dụng bởi người dùng khác trong hệ thống','2022-04-20 20:01:07','2022-04-20 20:19:45'),(388,0,'vi','core/acl/users','username_exist','Tên đăng nhập này đã được sử dụng bởi người dùng khác trong hệ thống','2022-04-20 20:01:07','2022-04-20 20:19:45'),(389,0,'vi','core/acl/users','update_profile_success','Thông tin tài khoản của bạn đã được cập nhật thành công','2022-04-20 20:01:07','2022-04-20 20:19:45'),(390,0,'vi','core/acl/users','password_update_success','Cập nhật mật khẩu thành công','2022-04-20 20:01:07','2022-04-20 20:19:45'),(391,0,'vi','core/acl/users','current_password_not_valid','Mật khẩu hiện tại không chính xác','2022-04-20 20:01:07','2022-04-20 20:19:45'),(392,0,'vi','core/acl/users','user_exist_in','Người dùng đã là thành viên','2022-04-20 20:01:07','2022-04-20 20:19:45'),(393,0,'vi','core/acl/users','email','Email','2022-04-20 20:01:07','2022-04-20 20:19:45'),(394,0,'vi','core/acl/users','username','Tên đăng nhập','2022-04-20 20:01:07','2022-04-20 20:19:45'),(395,0,'vi','core/acl/users','role','Phân quyền','2022-04-20 20:01:07','2022-04-20 20:19:45'),(396,0,'vi','core/acl/users','first_name','Họ','2022-04-20 20:01:07','2022-04-20 20:19:45'),(397,0,'vi','core/acl/users','last_name','Tên','2022-04-20 20:01:07','2022-04-20 20:19:45'),(398,0,'vi','core/acl/users','message','Thông điệp','2022-04-20 20:01:07','2022-04-20 20:19:45'),(399,0,'vi','core/acl/users','cancel_btn','Hủy bỏ','2022-04-20 20:01:07','2022-04-20 20:19:45'),(400,0,'vi','core/acl/users','password','Mật khẩu','2022-04-20 20:01:07','2022-04-20 20:19:45'),(401,0,'vi','core/acl/users','new_password','Mật khẩu mới','2022-04-20 20:01:07','2022-04-20 20:19:45'),(402,0,'vi','core/acl/users','save','Lưu','2022-04-20 20:01:07','2022-04-20 20:19:45'),(403,0,'vi','core/acl/users','confirm_new_password','Xác nhận mật khẩu mới','2022-04-20 20:01:07','2022-04-20 20:19:45'),(404,0,'vi','core/acl/users','deleted','Xóa thành viên thành công','2022-04-20 20:01:07','2022-04-20 20:19:45'),(405,0,'vi','core/acl/users','cannot_delete','Không thể xóa thành viên','2022-04-20 20:01:07','2022-04-20 20:19:45'),(406,0,'vi','core/acl/users','last_login','Lần cuối đăng nhập','2022-04-20 20:01:07','2022-04-20 20:19:45'),(407,0,'vi','core/acl/users','error_update_profile_image','Có lỗi trong quá trình đổi ảnh đại diện','2022-04-20 20:01:07','2022-04-20 20:19:45'),(408,0,'vi','core/acl/users','email_reminder_template','<h3>Xin chào :name</h3><p>Hệ thống vừa nhận được yêu cầu khôi phục mật khẩu cho tài khoản của bạn, để hoàn tất tác vụ này vui lòng click vào đường link bên dưới.</p><p><a href=\":link\">Khôi phục mật khẩu</a></p><p>Nếu không phải bạn yêu cầu khôi phục mật khẩu, vui lòng bỏ qua email này.</p><p>Email này có giá trị trong vòng 60 phút kể từ lúc nhận được email.</p>','2022-04-20 20:01:07','2022-04-20 20:19:45'),(409,0,'vi','core/acl/users','change_profile_image','Thay đổi ảnh đại diện','2022-04-20 20:01:07','2022-04-20 20:19:45'),(410,0,'vi','core/acl/users','new_image','Ảnh mới','2022-04-20 20:01:07','2022-04-20 20:19:45'),(411,0,'vi','core/acl/users','loading','Đang tải','2022-04-20 20:01:07','2022-04-20 20:19:45'),(412,0,'vi','core/acl/users','close','Đóng','2022-04-20 20:01:07','2022-04-20 20:19:45'),(413,0,'vi','core/acl/users','update','Cập nhật','2022-04-20 20:01:07','2022-04-20 20:19:45'),(414,0,'vi','core/acl/users','read_image_failed','Không đọc được nội dung của hình ảnh','2022-04-20 20:01:07','2022-04-20 20:19:45'),(415,0,'vi','core/acl/users','update_avatar_success','Cập nhật ảnh đại diện thành công!','2022-04-20 20:01:07','2022-04-20 20:19:45'),(416,0,'vi','core/acl/users','users','Quản trị viên','2022-04-20 20:01:07','2022-04-20 20:19:45'),(417,0,'vi','core/acl/users','info.title','Thông tin người dùng','2022-04-20 20:01:07','2022-04-20 20:19:45'),(418,0,'vi','core/acl/users','info.first_name','Họ','2022-04-20 20:01:07','2022-04-20 20:19:45'),(419,0,'vi','core/acl/users','info.last_name','Tên','2022-04-20 20:01:07','2022-04-20 20:19:45'),(420,0,'vi','core/acl/users','info.email','Email','2022-04-20 20:01:07','2022-04-20 20:19:45'),(421,0,'vi','core/acl/users','info.second_email','Email dự phòng','2022-04-20 20:01:07','2022-04-20 20:19:45'),(422,0,'vi','core/acl/users','info.address','Địa chỉ','2022-04-20 20:01:07','2022-04-20 20:19:45'),(423,0,'vi','core/acl/users','info.second_address','Địa chỉ dự phòng','2022-04-20 20:01:07','2022-04-20 20:19:45'),(424,0,'vi','core/acl/users','info.birth_day','Ngày sinh','2022-04-20 20:01:07','2022-04-20 20:19:45'),(425,0,'vi','core/acl/users','info.job','Nghề nghiệp','2022-04-20 20:01:07','2022-04-20 20:19:45'),(426,0,'vi','core/acl/users','info.mobile_number','Số điện thoại di động','2022-04-20 20:01:07','2022-04-20 20:19:45'),(427,0,'vi','core/acl/users','info.second_mobile_number','Số điện thoại dự phòng','2022-04-20 20:01:07','2022-04-20 20:19:45'),(428,0,'vi','core/acl/users','info.interes','Sở thích','2022-04-20 20:01:07','2022-04-20 20:19:45'),(429,0,'vi','core/acl/users','info.about','Giới thiệu','2022-04-20 20:01:07','2022-04-20 20:19:45'),(430,0,'vi','core/acl/users','gender.title','Giới tính','2022-04-20 20:01:07','2022-04-20 20:19:45'),(431,0,'vi','core/acl/users','gender.male','nam','2022-04-20 20:01:07','2022-04-20 20:19:45'),(432,0,'vi','core/acl/users','gender.female','nữ','2022-04-20 20:01:07','2022-04-20 20:19:45'),(433,0,'vi','core/acl/users','change_password','Thay đổi mật khẩu','2022-04-20 20:01:07','2022-04-20 20:19:45'),(434,0,'vi','core/acl/users','current_password','Mật khẩu hiện tại','2022-04-20 20:01:07','2022-04-20 20:19:45'),(435,0,'en','core/base/base','yes','Yes','2022-04-20 20:01:07','2022-04-20 20:19:45'),(436,0,'en','core/base/base','no','No','2022-04-20 20:01:07','2022-04-20 20:19:45'),(437,0,'en','core/base/base','is_default','Is default?','2022-04-20 20:01:07','2022-04-20 20:19:45'),(438,0,'en','core/base/base','proc_close_disabled_error','Function proc_close() is disabled. Please contact your hosting provider to enable\n    it. Or you can add to .env: CAN_EXECUTE_COMMAND=false to disable this feature.','2022-04-20 20:01:07','2022-04-20 20:19:45'),(439,0,'en','core/base/base','email_template.header','Email template header','2022-04-20 20:01:07','2022-04-20 20:19:45'),(440,0,'en','core/base/base','email_template.footer','Email template footer','2022-04-20 20:01:07','2022-04-20 20:19:45'),(441,0,'en','core/base/base','email_template.site_title','Site title','2022-04-20 20:01:07','2022-04-20 20:19:45'),(442,0,'en','core/base/base','email_template.site_url','Site URL','2022-04-20 20:01:07','2022-04-20 20:19:45'),(443,0,'en','core/base/base','email_template.site_logo','Site Logo','2022-04-20 20:01:07','2022-04-20 20:19:45'),(444,0,'en','core/base/base','email_template.date_time','Current date time','2022-04-20 20:01:07','2022-04-20 20:19:45'),(445,0,'en','core/base/base','email_template.date_year','Current year','2022-04-20 20:01:07','2022-04-20 20:19:45'),(446,0,'en','core/base/base','email_template.site_admin_email','Site admin email','2022-04-20 20:01:07','2022-04-20 20:19:45'),(447,0,'en','core/base/base','change_image','Change image','2022-04-20 20:01:07','2022-04-20 20:19:45'),(448,0,'en','core/base/base','delete_image','Delete image','2022-04-20 20:01:07','2022-04-20 20:19:45'),(449,0,'en','core/base/base','preview_image','Preview image','2022-04-20 20:01:07','2022-04-20 20:19:45'),(450,0,'en','core/base/base','image','Image','2022-04-20 20:01:07','2022-04-20 20:19:45'),(451,0,'en','core/base/base','using_button','Using button','2022-04-20 20:01:07','2022-04-20 20:19:45'),(452,0,'en','core/base/base','select_image','Select image','2022-04-20 20:01:07','2022-04-20 20:19:45'),(453,0,'en','core/base/base','to_add_more_image','to add more images','2022-04-20 20:01:07','2022-04-20 20:19:45'),(454,0,'en','core/base/base','add_image','Add image','2022-04-20 20:01:07','2022-04-20 20:19:45'),(455,0,'en','core/base/base','tools','Tools','2022-04-20 20:01:07','2022-04-20 20:19:45'),(456,0,'en','core/base/cache','cache_management','Cache management','2022-04-20 20:01:07','2022-04-20 20:19:46'),(457,0,'en','core/base/cache','cache_commands','Clear cache commands','2022-04-20 20:01:07','2022-04-20 20:19:46'),(458,0,'en','core/base/cache','commands.clear_cms_cache.title','Clear all CMS cache','2022-04-20 20:01:07','2022-04-20 20:19:46'),(459,0,'en','core/base/cache','commands.clear_cms_cache.description','Clear CMS caching: database caching, static blocks... Run this command when you don\'t see the changes after updating data.','2022-04-20 20:01:07','2022-04-20 20:19:46'),(460,0,'en','core/base/cache','commands.clear_cms_cache.success_msg','Cache cleaned','2022-04-20 20:01:07','2022-04-20 20:19:46'),(461,0,'en','core/base/cache','commands.refresh_compiled_views.title','Refresh compiled views','2022-04-20 20:01:07','2022-04-20 20:19:46'),(462,0,'en','core/base/cache','commands.refresh_compiled_views.description','Clear compiled views to make views up to date.','2022-04-20 20:01:07','2022-04-20 20:19:46'),(463,0,'en','core/base/cache','commands.refresh_compiled_views.success_msg','Cache view refreshed','2022-04-20 20:01:07','2022-04-20 20:19:46'),(464,0,'en','core/base/cache','commands.clear_config_cache.title','Clear config cache','2022-04-20 20:01:07','2022-04-20 20:19:46'),(465,0,'en','core/base/cache','commands.clear_config_cache.description','You might need to refresh the config caching when you change something on production environment.','2022-04-20 20:01:07','2022-04-20 20:19:46'),(466,0,'en','core/base/cache','commands.clear_config_cache.success_msg','Config cache cleaned','2022-04-20 20:01:07','2022-04-20 20:19:46'),(467,0,'en','core/base/cache','commands.clear_route_cache.title','Clear route cache','2022-04-20 20:01:07','2022-04-20 20:19:46'),(468,0,'en','core/base/cache','commands.clear_route_cache.description','Clear cache routing.','2022-04-20 20:01:07','2022-04-20 20:19:46'),(469,0,'en','core/base/cache','commands.clear_route_cache.success_msg','The route cache has been cleaned','2022-04-20 20:01:07','2022-04-20 20:19:46'),(470,0,'en','core/base/cache','commands.clear_log.title','Clear log','2022-04-20 20:01:07','2022-04-20 20:19:46'),(471,0,'en','core/base/cache','commands.clear_log.description','Clear system log files','2022-04-20 20:01:07','2022-04-20 20:19:46'),(472,0,'en','core/base/cache','commands.clear_log.success_msg','The system log has been cleaned','2022-04-20 20:01:07','2022-04-20 20:19:46'),(473,0,'en','core/base/enums','statuses.draft','Draft','2022-04-20 20:01:07','2022-04-20 20:19:46'),(474,0,'en','core/base/enums','statuses.pending','Pending','2022-04-20 20:01:07','2022-04-20 20:19:46'),(475,0,'en','core/base/enums','statuses.published','Published','2022-04-20 20:01:07','2022-04-20 20:19:46'),(476,0,'en','core/base/errors','401_title','Permission Denied','2022-04-20 20:01:07','2022-04-20 20:19:46'),(477,0,'en','core/base/errors','401_msg','<li>You have not been granted access to the section by the administrator.</li>\n	                <li>You may have the wrong account type.</li>\n	                <li>You are not authorized to view the requested resource.</li>\n	                <li>Your subscription may have expired.</li>','2022-04-20 20:01:07','2022-04-20 20:19:46'),(478,0,'en','core/base/errors','404_title','Page could not be found','2022-04-20 20:01:07','2022-04-20 20:19:46'),(479,0,'en','core/base/errors','404_msg','<li>The page you requested does not exist.</li>\n	                <li>The link you clicked is no longer.</li>\n	                <li>The page may have moved to a new location.</li>\n	                <li>An error may have occurred.</li>\n	                <li>You are not authorized to view the requested resource.</li>','2022-04-20 20:01:07','2022-04-20 20:19:46'),(480,0,'en','core/base/errors','500_title','Page could not be loaded','2022-04-20 20:01:07','2022-04-20 20:19:46'),(481,0,'en','core/base/errors','500_msg','<li>The page you requested does not exist.</li>\n	                <li>The link you clicked is no longer.</li>\n	                <li>The page may have moved to a new location.</li>\n	                <li>An error may have occurred.</li>\n	                <li>You are not authorized to view the requested resource.</li>','2022-04-20 20:01:07','2022-04-20 20:19:46'),(482,0,'en','core/base/errors','reasons','This may have occurred because of several reasons','2022-04-20 20:01:07','2022-04-20 20:19:46'),(483,0,'en','core/base/errors','try_again','Please try again in a few minutes, or alternatively return to the homepage by <a href=\"http://nest.test/admin\">clicking here</a>.','2022-04-20 20:01:07','2022-04-20 20:19:46'),(484,0,'en','core/base/errors','not_found','Not Found','2022-04-20 20:01:07','2022-04-20 20:19:46'),(485,0,'en','core/base/forms','choose_image','Choose image','2022-04-20 20:01:07','2022-04-20 20:19:46'),(486,0,'en','core/base/forms','actions','Actions','2022-04-20 20:01:07','2022-04-20 20:19:46'),(487,0,'en','core/base/forms','save','Save','2022-04-20 20:01:07','2022-04-20 20:19:46'),(488,0,'en','core/base/forms','save_and_continue','Save & Edit','2022-04-20 20:01:07','2022-04-20 20:19:46'),(489,0,'en','core/base/forms','image','Image','2022-04-20 20:01:07','2022-04-20 20:19:46'),(490,0,'en','core/base/forms','image_placeholder','Insert path of image or click upload button','2022-04-20 20:01:07','2022-04-20 20:19:46'),(491,0,'en','core/base/forms','create','Create','2022-04-20 20:01:07','2022-04-20 20:19:46'),(492,0,'en','core/base/forms','edit','Edit','2022-04-20 20:01:07','2022-04-20 20:19:46'),(493,0,'en','core/base/forms','permalink','Permalink','2022-04-20 20:01:07','2022-04-20 20:19:46'),(494,0,'en','core/base/forms','ok','OK','2022-04-20 20:01:07','2022-04-20 20:19:46'),(495,0,'en','core/base/forms','cancel','Cancel','2022-04-20 20:01:07','2022-04-20 20:19:46'),(496,0,'en','core/base/forms','character_remain','character(s) remain','2022-04-20 20:01:07','2022-04-20 20:19:46'),(497,0,'en','core/base/forms','template','Template','2022-04-20 20:01:07','2022-04-20 20:19:46'),(498,0,'en','core/base/forms','choose_file','Choose file','2022-04-20 20:01:07','2022-04-20 20:19:46'),(499,0,'en','core/base/forms','file','File','2022-04-20 20:01:07','2022-04-20 20:19:46'),(500,0,'en','core/base/forms','content','Content','2022-04-20 20:01:07','2022-04-20 20:19:46'),(501,0,'en','core/base/forms','description','Description','2022-04-20 20:01:07','2022-04-20 20:19:46'),(502,0,'en','core/base/forms','name','Name','2022-04-20 20:01:07','2022-04-20 20:19:46'),(503,0,'en','core/base/forms','slug','Slug','2022-04-20 20:01:07','2022-04-20 20:19:46'),(504,0,'en','core/base/forms','title','Title','2022-04-20 20:01:07','2022-04-20 20:19:46'),(505,0,'en','core/base/forms','value','Value','2022-04-20 20:01:07','2022-04-20 20:19:46'),(506,0,'en','core/base/forms','name_placeholder','Name','2022-04-20 20:01:07','2022-04-20 20:19:46'),(507,0,'en','core/base/forms','alias_placeholder','Alias','2022-04-20 20:01:07','2022-04-20 20:19:46'),(508,0,'en','core/base/forms','description_placeholder','Short description','2022-04-20 20:01:07','2022-04-20 20:19:46'),(509,0,'en','core/base/forms','parent','Parent','2022-04-20 20:01:07','2022-04-20 20:19:46'),(510,0,'en','core/base/forms','icon','Icon','2022-04-20 20:01:07','2022-04-20 20:19:46'),(511,0,'en','core/base/forms','icon_placeholder','Ex: fa fa-home','2022-04-20 20:01:07','2022-04-20 20:19:46'),(512,0,'en','core/base/forms','order_by','Order by','2022-04-20 20:01:07','2022-04-20 20:19:46'),(513,0,'en','core/base/forms','order_by_placeholder','Order by','2022-04-20 20:01:07','2022-04-20 20:19:46'),(514,0,'en','core/base/forms','is_featured','Is featured?','2022-04-20 20:01:07','2022-04-20 20:19:46'),(515,0,'en','core/base/forms','is_default','Is default?','2022-04-20 20:01:07','2022-04-20 20:19:46'),(516,0,'en','core/base/forms','update','Update','2022-04-20 20:01:07','2022-04-20 20:19:46'),(517,0,'en','core/base/forms','publish','Publish','2022-04-20 20:01:07','2022-04-20 20:19:46'),(518,0,'en','core/base/forms','remove_image','Remove image','2022-04-20 20:01:07','2022-04-20 20:19:46'),(519,0,'en','core/base/forms','remove_file','Remove file','2022-04-20 20:01:07','2022-04-20 20:19:46'),(520,0,'en','core/base/forms','order','Order','2022-04-20 20:01:07','2022-04-20 20:19:46'),(521,0,'en','core/base/forms','alias','Alias','2022-04-20 20:01:07','2022-04-20 20:19:46'),(522,0,'en','core/base/forms','basic_information','Basic information','2022-04-20 20:01:07','2022-04-20 20:19:46'),(523,0,'en','core/base/forms','short_code','Shortcode','2022-04-20 20:01:07','2022-04-20 20:19:46'),(524,0,'en','core/base/forms','add_short_code','Add a shortcode','2022-04-20 20:01:07','2022-04-20 20:19:46'),(525,0,'en','core/base/forms','add','Add','2022-04-20 20:01:07','2022-04-20 20:19:46'),(526,0,'en','core/base/forms','link','Link','2022-04-20 20:01:07','2022-04-20 20:19:46'),(527,0,'en','core/base/forms','show_hide_editor','Show/Hide Editor','2022-04-20 20:01:07','2022-04-20 20:19:46'),(528,0,'en','core/base/forms','basic_info_title','Basic information','2022-04-20 20:01:07','2022-04-20 20:19:46'),(529,0,'en','core/base/forms','expand_all','Expand all','2022-04-20 20:01:07','2022-04-20 20:19:46'),(530,0,'en','core/base/forms','collapse_all','Collapse all','2022-04-20 20:01:07','2022-04-20 20:19:46'),(531,0,'en','core/base/forms','view_new_tab','Open in new tab','2022-04-20 20:01:07','2022-04-20 20:19:46'),(532,0,'en','core/base/layouts','platform_admin','Platform Administration','2022-04-20 20:01:07','2022-04-20 20:19:46'),(533,0,'en','core/base/layouts','dashboard','Dashboard','2022-04-20 20:01:07','2022-04-20 20:19:46'),(534,0,'en','core/base/layouts','widgets','Widgets','2022-04-20 20:01:07','2022-04-20 20:19:46'),(535,0,'en','core/base/layouts','plugins','Plugins','2022-04-20 20:01:07','2022-04-20 20:19:46'),(536,0,'en','core/base/layouts','settings','Settings','2022-04-20 20:01:07','2022-04-20 20:19:46'),(537,0,'en','core/base/layouts','setting_general','General','2022-04-20 20:01:07','2022-04-20 20:19:46'),(538,0,'en','core/base/layouts','setting_email','Email','2022-04-20 20:01:07','2022-04-20 20:19:46'),(539,0,'en','core/base/layouts','system_information','System information','2022-04-20 20:01:07','2022-04-20 20:19:46'),(540,0,'en','core/base/layouts','theme','Theme','2022-04-20 20:01:07','2022-04-20 20:19:46'),(541,0,'en','core/base/layouts','copyright','Copyright :year &copy; :company. Version: <span>:version</span>','2022-04-20 20:01:07','2022-04-20 20:19:46'),(542,0,'en','core/base/layouts','profile','Profile','2022-04-20 20:01:07','2022-04-20 20:19:46'),(543,0,'en','core/base/layouts','logout','Logout','2022-04-20 20:01:07','2022-04-20 20:19:46'),(544,0,'en','core/base/layouts','no_search_result','No results found, please try with different keywords.','2022-04-20 20:01:07','2022-04-20 20:19:46'),(545,0,'en','core/base/layouts','home','Home','2022-04-20 20:01:07','2022-04-20 20:19:46'),(546,0,'en','core/base/layouts','search','Search','2022-04-20 20:01:07','2022-04-20 20:19:46'),(547,0,'en','core/base/layouts','add_new','Add new','2022-04-20 20:01:07','2022-04-20 20:19:46'),(548,0,'en','core/base/layouts','n_a','N/A','2022-04-20 20:01:07','2022-04-20 20:19:46'),(549,0,'en','core/base/layouts','page_loaded_time','Page loaded in','2022-04-20 20:01:07','2022-04-20 20:19:46'),(550,0,'en','core/base/layouts','view_website','View website','2022-04-20 20:01:07','2022-04-20 20:19:46'),(551,0,'en','core/base/mail','send-fail','Send email failed','2022-04-20 20:01:07','2022-04-20 20:19:46'),(552,0,'en','core/base/notices','create_success_message','Created successfully','2022-04-20 20:01:07','2022-04-20 20:19:46'),(553,0,'en','core/base/notices','update_success_message','Updated successfully','2022-04-20 20:01:07','2022-04-20 20:19:46'),(554,0,'en','core/base/notices','delete_success_message','Deleted successfully','2022-04-20 20:01:07','2022-04-20 20:19:46'),(555,0,'en','core/base/notices','success_header','Success!','2022-04-20 20:01:07','2022-04-20 20:19:46'),(556,0,'en','core/base/notices','error_header','Error!','2022-04-20 20:01:07','2022-04-20 20:19:46'),(557,0,'en','core/base/notices','no_select','Please select at least one record to perform this action!','2022-04-20 20:01:07','2022-04-20 20:19:46'),(558,0,'en','core/base/notices','processing_request','We are processing your request.','2022-04-20 20:01:07','2022-04-20 20:19:46'),(559,0,'en','core/base/notices','error','Error!','2022-04-20 20:01:07','2022-04-20 20:19:46'),(560,0,'en','core/base/notices','success','Success!','2022-04-20 20:01:07','2022-04-20 20:19:46'),(561,0,'en','core/base/notices','info','Info!','2022-04-20 20:01:07','2022-04-20 20:19:46'),(562,0,'en','core/base/notices','enum.validate_message','The :attribute value you have entered is invalid.','2022-04-20 20:01:07','2022-04-20 20:19:46'),(563,0,'en','core/base/system','no_select','Please select at least one record to take this action!','2022-04-20 20:01:07','2022-04-20 20:19:46'),(564,0,'en','core/base/system','cannot_find_user','Unable to find specified user','2022-04-20 20:01:07','2022-04-20 20:19:46'),(565,0,'en','core/base/system','supper_revoked','Super user access revoked','2022-04-20 20:01:07','2022-04-20 20:19:46'),(566,0,'en','core/base/system','cannot_revoke_yourself','Can not revoke supper user access permission yourself!','2022-04-20 20:01:07','2022-04-20 20:19:46'),(567,0,'en','core/base/system','cant_remove_supper','You don\'t has permission to remove this super user','2022-04-20 20:01:07','2022-04-20 20:19:46'),(568,0,'en','core/base/system','cant_find_user_with_email','Unable to find user with specified email address','2022-04-20 20:01:07','2022-04-20 20:19:46'),(569,0,'en','core/base/system','supper_granted','Super user access granted','2022-04-20 20:01:07','2022-04-20 20:19:46'),(570,0,'en','core/base/system','delete_log_success','Delete log file successfully!','2022-04-20 20:01:07','2022-04-20 20:19:46'),(571,0,'en','core/base/system','get_member_success','Member list retrieved successfully','2022-04-20 20:01:07','2022-04-20 20:19:46'),(572,0,'en','core/base/system','error_occur','The following errors occurred','2022-04-20 20:01:07','2022-04-20 20:19:46'),(573,0,'en','core/base/system','user_management','User Management','2022-04-20 20:01:07','2022-04-20 20:19:46'),(574,0,'en','core/base/system','user_management_description','Manage users.','2022-04-20 20:01:07','2022-04-20 20:19:46'),(575,0,'en','core/base/system','role_and_permission','Roles and Permissions','2022-04-20 20:01:07','2022-04-20 20:19:46'),(576,0,'en','core/base/system','role_and_permission_description','Manage the available roles.','2022-04-20 20:01:07','2022-04-20 20:19:46'),(577,0,'en','core/base/system','user.list_super','List Super Users','2022-04-20 20:01:07','2022-04-20 20:19:46'),(578,0,'en','core/base/system','user.email','Email','2022-04-20 20:01:07','2022-04-20 20:19:46'),(579,0,'en','core/base/system','user.last_login','Last Login','2022-04-20 20:01:07','2022-04-20 20:19:46'),(580,0,'en','core/base/system','user.username','Username','2022-04-20 20:01:07','2022-04-20 20:19:46'),(581,0,'en','core/base/system','user.add_user','Add Super User','2022-04-20 20:01:07','2022-04-20 20:19:46'),(582,0,'en','core/base/system','user.cancel','Cancel','2022-04-20 20:01:07','2022-04-20 20:19:46'),(583,0,'en','core/base/system','user.create','Create','2022-04-20 20:01:07','2022-04-20 20:19:46'),(584,0,'en','core/base/system','options.features','Feature Access Control','2022-04-20 20:01:07','2022-04-20 20:19:46'),(585,0,'en','core/base/system','options.feature_description','Manage the available.','2022-04-20 20:01:07','2022-04-20 20:19:46'),(586,0,'en','core/base/system','options.manage_super','Super User Management','2022-04-20 20:01:07','2022-04-20 20:19:46'),(587,0,'en','core/base/system','options.manage_super_description','Add/remove super users.','2022-04-20 20:01:07','2022-04-20 20:19:46'),(588,0,'en','core/base/system','options.info','System information','2022-04-20 20:01:07','2022-04-20 20:19:46'),(589,0,'en','core/base/system','options.info_description','All information about current system configuration.','2022-04-20 20:01:07','2022-04-20 20:19:46'),(590,0,'en','core/base/system','info.title','System information','2022-04-20 20:01:07','2022-04-20 20:19:46'),(591,0,'en','core/base/system','info.cache','Cache','2022-04-20 20:01:07','2022-04-20 20:19:46'),(592,0,'en','core/base/system','info.locale','Active locale','2022-04-20 20:01:07','2022-04-20 20:19:46'),(593,0,'en','core/base/system','info.environment','Environment','2022-04-20 20:01:07','2022-04-20 20:19:46'),(594,0,'en','core/base/system','disabled_in_demo_mode','You cannot do it in demo mode!','2022-04-20 20:01:07','2022-04-20 20:19:46'),(595,0,'en','core/base/system','report_description','Please share this information for troubleshooting','2022-04-20 20:01:07','2022-04-20 20:19:46'),(596,0,'en','core/base/system','get_system_report','Get System Report','2022-04-20 20:01:07','2022-04-20 20:19:46'),(597,0,'en','core/base/system','system_environment','System Environment','2022-04-20 20:01:07','2022-04-20 20:19:46'),(598,0,'en','core/base/system','framework_version','Framework Version','2022-04-20 20:01:07','2022-04-20 20:19:46'),(599,0,'en','core/base/system','timezone','Timezone','2022-04-20 20:01:07','2022-04-20 20:19:46'),(600,0,'en','core/base/system','debug_mode','Debug Mode','2022-04-20 20:01:07','2022-04-20 20:19:46'),(601,0,'en','core/base/system','storage_dir_writable','Storage Dir Writable','2022-04-20 20:01:07','2022-04-20 20:19:46'),(602,0,'en','core/base/system','cache_dir_writable','Cache Dir Writable','2022-04-20 20:01:07','2022-04-20 20:19:46'),(603,0,'en','core/base/system','app_size','App Size','2022-04-20 20:01:07','2022-04-20 20:19:46'),(604,0,'en','core/base/system','server_environment','Server Environment','2022-04-20 20:01:07','2022-04-20 20:19:46'),(605,0,'en','core/base/system','php_version','PHP Version','2022-04-20 20:01:07','2022-04-20 20:19:46'),(606,0,'en','core/base/system','php_version_error','PHP must be >= :version','2022-04-20 20:01:07','2022-04-20 20:19:46'),(607,0,'en','core/base/system','server_software','Server Software','2022-04-20 20:01:07','2022-04-20 20:19:46'),(608,0,'en','core/base/system','server_os','Server OS','2022-04-20 20:01:07','2022-04-20 20:19:46'),(609,0,'en','core/base/system','database','Database','2022-04-20 20:01:07','2022-04-20 20:19:46'),(610,0,'en','core/base/system','ssl_installed','SSL Installed','2022-04-20 20:01:07','2022-04-20 20:19:46'),(611,0,'en','core/base/system','cache_driver','Cache Driver','2022-04-20 20:01:07','2022-04-20 20:19:46'),(612,0,'en','core/base/system','session_driver','Session Driver','2022-04-20 20:01:07','2022-04-20 20:19:46'),(613,0,'en','core/base/system','queue_connection','Queue Connection','2022-04-20 20:01:07','2022-04-20 20:19:46'),(614,0,'en','core/base/system','mbstring_ext','Mbstring Ext','2022-04-20 20:01:07','2022-04-20 20:19:46'),(615,0,'en','core/base/system','openssl_ext','OpenSSL Ext','2022-04-20 20:01:07','2022-04-20 20:19:46'),(616,0,'en','core/base/system','pdo_ext','PDO Ext','2022-04-20 20:01:07','2022-04-20 20:19:46'),(617,0,'en','core/base/system','curl_ext','CURL Ext','2022-04-20 20:01:07','2022-04-20 20:19:46'),(618,0,'en','core/base/system','exif_ext','Exif Ext','2022-04-20 20:01:07','2022-04-20 20:19:46'),(619,0,'en','core/base/system','file_info_ext','File info Ext','2022-04-20 20:01:07','2022-04-20 20:19:46'),(620,0,'en','core/base/system','tokenizer_ext','Tokenizer Ext','2022-04-20 20:01:07','2022-04-20 20:19:46'),(621,0,'en','core/base/system','extra_stats','Extra Stats','2022-04-20 20:01:07','2022-04-20 20:19:46'),(622,0,'en','core/base/system','installed_packages','Installed packages and their version numbers','2022-04-20 20:01:07','2022-04-20 20:19:46'),(623,0,'en','core/base/system','extra_information','Extra Information','2022-04-20 20:01:07','2022-04-20 20:19:46'),(624,0,'en','core/base/system','copy_report','Copy Report','2022-04-20 20:01:07','2022-04-20 20:19:46'),(625,0,'en','core/base/system','package_name','Package Name','2022-04-20 20:01:07','2022-04-20 20:19:46'),(626,0,'en','core/base/system','dependency_name','Dependency Name','2022-04-20 20:01:07','2022-04-20 20:19:46'),(627,0,'en','core/base/system','version','Version','2022-04-20 20:01:07','2022-04-20 20:19:46'),(628,0,'en','core/base/system','cms_version','CMS Version','2022-04-20 20:01:07','2022-04-20 20:19:46'),(629,0,'en','core/base/system','imagick_or_gd_ext','Imagick/GD Ext','2022-04-20 20:01:07','2022-04-20 20:19:46'),(630,0,'en','core/base/system','updater','System Updater','2022-04-20 20:01:07','2022-04-20 20:19:46'),(631,0,'en','core/base/system','zip','Zip Ext','2022-04-20 20:01:07','2022-04-20 20:19:46'),(632,0,'en','core/base/system','memory_limit','Memory limit','2022-04-20 20:01:07','2022-04-20 20:19:46'),(633,0,'en','core/base/system','max_execution_time','Max execution time (s)','2022-04-20 20:01:07','2022-04-20 20:19:46'),(634,0,'en','core/base/tables','id','ID','2022-04-20 20:01:07','2022-04-20 20:19:46'),(635,0,'en','core/base/tables','name','Name','2022-04-20 20:01:07','2022-04-20 20:19:46'),(636,0,'en','core/base/tables','slug','Slug','2022-04-20 20:01:07','2022-04-20 20:19:46'),(637,0,'en','core/base/tables','title','Title','2022-04-20 20:01:07','2022-04-20 20:19:46'),(638,0,'en','core/base/tables','order_by','Order By','2022-04-20 20:01:07','2022-04-20 20:19:46'),(639,0,'en','core/base/tables','order','Order','2022-04-20 20:01:07','2022-04-20 20:19:46'),(640,0,'en','core/base/tables','status','Status','2022-04-20 20:01:07','2022-04-20 20:19:46'),(641,0,'en','core/base/tables','created_at','Created At','2022-04-20 20:01:07','2022-04-20 20:19:46'),(642,0,'en','core/base/tables','updated_at','Updated At','2022-04-20 20:01:07','2022-04-20 20:19:46'),(643,0,'en','core/base/tables','description','Description','2022-04-20 20:01:07','2022-04-20 20:19:46'),(644,0,'en','core/base/tables','operations','Operations','2022-04-20 20:01:07','2022-04-20 20:19:46'),(645,0,'en','core/base/tables','url','URL','2022-04-20 20:01:07','2022-04-20 20:19:46'),(646,0,'en','core/base/tables','author','Author','2022-04-20 20:01:07','2022-04-20 20:19:46'),(647,0,'en','core/base/tables','notes','Notes','2022-04-20 20:01:07','2022-04-20 20:19:46'),(648,0,'en','core/base/tables','column','Column','2022-04-20 20:01:07','2022-04-20 20:19:46'),(649,0,'en','core/base/tables','origin','Origin','2022-04-20 20:01:07','2022-04-20 20:19:46'),(650,0,'en','core/base/tables','after_change','After changes','2022-04-20 20:01:07','2022-04-20 20:19:46'),(651,0,'en','core/base/tables','views','Views','2022-04-20 20:01:07','2022-04-20 20:19:46'),(652,0,'en','core/base/tables','browser','Browser','2022-04-20 20:01:07','2022-04-20 20:19:46'),(653,0,'en','core/base/tables','session','Session','2022-04-20 20:01:07','2022-04-20 20:19:46'),(654,0,'en','core/base/tables','activated','activated','2022-04-20 20:01:07','2022-04-20 20:19:46'),(655,0,'en','core/base/tables','deactivated','deactivated','2022-04-20 20:01:07','2022-04-20 20:19:46'),(656,0,'en','core/base/tables','is_featured','Is featured','2022-04-20 20:01:07','2022-04-20 20:19:46'),(657,0,'en','core/base/tables','edit','Edit','2022-04-20 20:01:07','2022-04-20 20:19:46'),(658,0,'en','core/base/tables','delete','Delete','2022-04-20 20:01:07','2022-04-20 20:19:46'),(659,0,'en','core/base/tables','restore','Restore','2022-04-20 20:01:07','2022-04-20 20:19:46'),(660,0,'en','core/base/tables','activate','Activate','2022-04-20 20:01:07','2022-04-20 20:19:46'),(661,0,'en','core/base/tables','deactivate','Deactivate','2022-04-20 20:01:07','2022-04-20 20:19:46'),(662,0,'en','core/base/tables','excel','Excel','2022-04-20 20:01:07','2022-04-20 20:19:46'),(663,0,'en','core/base/tables','export','Export','2022-04-20 20:01:07','2022-04-20 20:19:46'),(664,0,'en','core/base/tables','csv','CSV','2022-04-20 20:01:07','2022-04-20 20:19:46'),(665,0,'en','core/base/tables','pdf','PDF','2022-04-20 20:01:07','2022-04-20 20:19:46'),(666,0,'en','core/base/tables','print','Print','2022-04-20 20:01:07','2022-04-20 20:19:46'),(667,0,'en','core/base/tables','reset','Reset','2022-04-20 20:01:07','2022-04-20 20:19:46'),(668,0,'en','core/base/tables','reload','Reload','2022-04-20 20:01:07','2022-04-20 20:19:46'),(669,0,'en','core/base/tables','display','Display','2022-04-20 20:01:07','2022-04-20 20:19:46'),(670,0,'en','core/base/tables','all','All','2022-04-20 20:01:07','2022-04-20 20:19:46'),(671,0,'en','core/base/tables','add_new','Add New','2022-04-20 20:01:07','2022-04-20 20:19:46'),(672,0,'en','core/base/tables','action','Actions','2022-04-20 20:01:07','2022-04-20 20:19:46'),(673,0,'en','core/base/tables','delete_entry','Delete','2022-04-20 20:01:07','2022-04-20 20:19:46'),(674,0,'en','core/base/tables','view','View Detail','2022-04-20 20:01:07','2022-04-20 20:19:46'),(675,0,'en','core/base/tables','save','Save','2022-04-20 20:01:07','2022-04-20 20:19:46'),(676,0,'en','core/base/tables','show_from','Show from','2022-04-20 20:01:07','2022-04-20 20:19:46'),(677,0,'en','core/base/tables','to','to','2022-04-20 20:01:07','2022-04-20 20:19:46'),(678,0,'en','core/base/tables','in','in','2022-04-20 20:01:07','2022-04-20 20:19:46'),(679,0,'en','core/base/tables','records','records','2022-04-20 20:01:07','2022-04-20 20:19:46'),(680,0,'en','core/base/tables','no_data','No data to display','2022-04-20 20:01:07','2022-04-20 20:19:46'),(681,0,'en','core/base/tables','no_record','No record','2022-04-20 20:01:07','2022-04-20 20:19:46'),(682,0,'en','core/base/tables','confirm_delete','Confirm delete','2022-04-20 20:01:07','2022-04-20 20:19:46'),(683,0,'en','core/base/tables','confirm_delete_msg','Do you really want to delete this record?','2022-04-20 20:01:07','2022-04-20 20:19:46'),(684,0,'en','core/base/tables','confirm_delete_many_msg','Do you really want to delete selected record(s)?','2022-04-20 20:01:07','2022-04-20 20:19:46'),(685,0,'en','core/base/tables','cancel','Cancel','2022-04-20 20:01:07','2022-04-20 20:19:46'),(686,0,'en','core/base/tables','template','Template','2022-04-20 20:01:07','2022-04-20 20:19:46'),(687,0,'en','core/base/tables','email','Email','2022-04-20 20:01:07','2022-04-20 20:19:46'),(688,0,'en','core/base/tables','last_login','Last login','2022-04-20 20:01:07','2022-04-20 20:19:46'),(689,0,'en','core/base/tables','shortcode','Shortcode','2022-04-20 20:01:07','2022-04-20 20:19:46'),(690,0,'en','core/base/tables','image','Image','2022-04-20 20:01:07','2022-04-20 20:19:46'),(691,0,'en','core/base/tables','bulk_changes','Bulk changes','2022-04-20 20:01:07','2022-04-20 20:19:46'),(692,0,'en','core/base/tables','submit','Submit','2022-04-20 20:01:07','2022-04-20 20:19:46'),(693,0,'en','core/base/tables','please_select_record','Please select at least one record to perform this action!','2022-04-20 20:01:07','2022-04-20 20:19:46'),(694,0,'en','core/base/tabs','detail','Detail','2022-04-20 20:01:07','2022-04-20 20:19:46'),(695,0,'en','core/base/tabs','file','Files','2022-04-20 20:01:07','2022-04-20 20:19:46'),(696,0,'en','core/base/tabs','record_note','Record Note','2022-04-20 20:01:07','2022-04-20 20:19:46'),(697,0,'en','core/base/tabs','revision','Revision History','2022-04-20 20:01:07','2022-04-20 20:19:46'),(698,0,'vi','core/base/cache','cache_management','Quản lý bộ nhớ đệm','2022-04-20 20:01:07','2022-04-20 20:19:46'),(699,0,'vi','core/base/cache','cache_commands','Các lệnh xoá bộ nhớ đệm cơ bản','2022-04-20 20:01:07','2022-04-20 20:19:46'),(700,0,'vi','core/base/cache','commands.clear_cms_cache.title','Xóa tất cả bộ đệm hiện có của ứng dụng','2022-04-20 20:01:07','2022-04-20 20:19:46'),(701,0,'vi','core/base/cache','commands.clear_cms_cache.description','Xóa các bộ nhớ đệm của ứng dụng: cơ sở dữ liệu, nội dung tĩnh... Chạy lệnh này khi bạn thử cập nhật dữ liệu nhưng giao diện không thay đổi','2022-04-20 20:01:07','2022-04-20 20:19:46'),(702,0,'vi','core/base/cache','commands.clear_cms_cache.success_msg','Bộ đệm đã được xóa','2022-04-20 20:01:07','2022-04-20 20:19:46'),(703,0,'vi','core/base/cache','commands.refresh_compiled_views.title','Làm mới bộ đệm giao diện','2022-04-20 20:01:07','2022-04-20 20:19:46'),(704,0,'vi','core/base/cache','commands.refresh_compiled_views.description','Làm mới bộ đệm giao diện giúp phần giao diện luôn mới nhất','2022-04-20 20:01:07','2022-04-20 20:19:46'),(705,0,'vi','core/base/cache','commands.refresh_compiled_views.success_msg','Bộ đệm giao diện đã được làm mới','2022-04-20 20:01:07','2022-04-20 20:19:46'),(706,0,'vi','core/base/cache','commands.clear_config_cache.title','Xóa bộ nhớ đệm của phần cấu hình','2022-04-20 20:01:07','2022-04-20 20:19:46'),(707,0,'vi','core/base/cache','commands.clear_config_cache.description','Bạn cần làm mới bộ đệm cấu hình khi bạn tạo ra sự thay đổi nào đó ở môi trường thành phẩm.','2022-04-20 20:01:07','2022-04-20 20:19:46'),(708,0,'vi','core/base/cache','commands.clear_config_cache.success_msg','Bộ đệm cấu hình đã được xóa','2022-04-20 20:01:07','2022-04-20 20:19:46'),(709,0,'vi','core/base/cache','commands.clear_route_cache.title','Xoá cache đường dẫn','2022-04-20 20:01:07','2022-04-20 20:19:46'),(710,0,'vi','core/base/cache','commands.clear_route_cache.description','Cần thực hiện thao tác này khi thấy không xuất hiện đường dẫn mới.','2022-04-20 20:01:07','2022-04-20 20:19:46'),(711,0,'vi','core/base/cache','commands.clear_route_cache.success_msg','Bộ đệm điều hướng đã bị xóa','2022-04-20 20:01:07','2022-04-20 20:19:46'),(712,0,'vi','core/base/cache','commands.clear_log.description','Xoá lịch sử lỗi','2022-04-20 20:01:07','2022-04-20 20:19:46'),(713,0,'vi','core/base/cache','commands.clear_log.success_msg','Lịch sử lỗi đã được làm sạch','2022-04-20 20:01:07','2022-04-20 20:19:46'),(714,0,'vi','core/base/cache','commands.clear_log.title','Xoá lịch sử lỗi','2022-04-20 20:01:07','2022-04-20 20:19:46'),(715,0,'vi','core/base/enums','statuses.draft','Bản nháp','2022-04-20 20:01:07','2022-04-20 20:19:46'),(716,0,'vi','core/base/enums','statuses.pending','Đang chờ xử lý','2022-04-20 20:01:08','2022-04-20 20:19:46'),(717,0,'vi','core/base/errors','401_title','Bạn không có quyền truy cập trang này','2022-04-20 20:01:08','2022-04-20 20:19:46'),(718,0,'vi','core/base/errors','401_msg','<li>Bạn không được cấp quyền truy cập bởi quản trị viên.</li>\n	                <li>Bạn sử dụng sai loại tài khoản.</li>\n	                <li>Bạn không được cấp quyền để có thể truy cập trang này</li>','2022-04-20 20:01:08','2022-04-20 20:19:46'),(719,0,'vi','core/base/errors','404_title','Không tìm thấy trang yêu cầu','2022-04-20 20:01:08','2022-04-20 20:19:46'),(720,0,'vi','core/base/errors','404_msg','<li>Trang bạn yêu cầu không tồn tại.</li>\n	                <li>Liên kết bạn vừa nhấn không còn được sử dụng.</li>\n	                <li>Trang này có thể đã được chuyển sang vị trí khác.</li>\n	                <li>Có thể có lỗi xảy ra.</li>\n	                <li>Bạn không được cấp quyền để có thể truy cập trang này</li>','2022-04-20 20:01:08','2022-04-20 20:19:46'),(721,0,'vi','core/base/errors','500_title','Không thể tải trang','2022-04-20 20:01:08','2022-04-20 20:19:46'),(722,0,'vi','core/base/errors','500_msg','<li>Trang bạn yêu cầu không tồn tại.</li>\n	                <li>Liên kết bạn vừa nhấn không còn được sử dụng.</li>\n	                <li>Trang này có thể đã được chuyển sang vị trí khác.</li>\n	                <li>Có thể có lỗi xảy ra.</li>\n	                <li>Bạn không được cấp quyền để có thể truy cập trang này</li>','2022-04-20 20:01:08','2022-04-20 20:19:46'),(723,0,'vi','core/base/errors','reasons','Điều này có thể xảy ra vì nhiều lý do.','2022-04-20 20:01:08','2022-04-20 20:19:46'),(724,0,'vi','core/base/errors','try_again','Vui lòng thử lại trong vài phút, hoặc quay trở lại trang chủ bằng cách <a href=\"http://cms.local/admin\"> nhấn vào đây </a>.','2022-04-20 20:01:08','2022-04-20 20:19:46'),(725,0,'vi','core/base/forms','choose_image','Chọn ảnh','2022-04-20 20:01:08','2022-04-20 20:19:46'),(726,0,'vi','core/base/forms','actions','Tác vụ','2022-04-20 20:01:08','2022-04-20 20:19:46'),(727,0,'vi','core/base/forms','save','Lưu','2022-04-20 20:01:08','2022-04-20 20:19:46'),(728,0,'vi','core/base/forms','save_and_continue','Lưu & chỉnh sửa','2022-04-20 20:01:08','2022-04-20 20:19:46'),(729,0,'vi','core/base/forms','image','Hình ảnh','2022-04-20 20:01:08','2022-04-20 20:19:46'),(730,0,'vi','core/base/forms','image_placeholder','Chèn đường dẫn hình ảnh hoặc nhấn nút để chọn hình','2022-04-20 20:01:08','2022-04-20 20:19:46'),(731,0,'vi','core/base/forms','create','Tạo mới','2022-04-20 20:01:08','2022-04-20 20:19:46'),(732,0,'vi','core/base/forms','edit','Sửa','2022-04-20 20:01:08','2022-04-20 20:19:46'),(733,0,'vi','core/base/forms','permalink','Đường dẫn','2022-04-20 20:01:08','2022-04-20 20:19:46'),(734,0,'vi','core/base/forms','ok','OK','2022-04-20 20:01:08','2022-04-20 20:19:46'),(735,0,'vi','core/base/forms','cancel','Hủy bỏ','2022-04-20 20:01:08','2022-04-20 20:19:46'),(736,0,'vi','core/base/forms','character_remain','kí tự còn lại','2022-04-20 20:01:08','2022-04-20 20:19:46'),(737,0,'vi','core/base/forms','template','Template','2022-04-20 20:01:08','2022-04-20 20:19:46'),(738,0,'vi','core/base/forms','choose_file','Chọn tập tin','2022-04-20 20:01:08','2022-04-20 20:19:46'),(739,0,'vi','core/base/forms','file','Tập tin','2022-04-20 20:01:08','2022-04-20 20:19:46'),(740,0,'vi','core/base/forms','content','Nội dung','2022-04-20 20:01:08','2022-04-20 20:19:46'),(741,0,'vi','core/base/forms','description','Mô tả','2022-04-20 20:01:08','2022-04-20 20:19:46'),(742,0,'vi','core/base/forms','name','Tên','2022-04-20 20:01:08','2022-04-20 20:19:46'),(743,0,'vi','core/base/forms','name_placeholder','Nhập tên','2022-04-20 20:01:08','2022-04-20 20:19:46'),(744,0,'vi','core/base/forms','description_placeholder','Mô tả ngắn','2022-04-20 20:01:08','2022-04-20 20:19:46'),(745,0,'vi','core/base/forms','parent','Cha','2022-04-20 20:01:08','2022-04-20 20:19:46'),(746,0,'vi','core/base/forms','icon','Biểu tượng','2022-04-20 20:01:08','2022-04-20 20:19:46'),(747,0,'vi','core/base/forms','order_by','Sắp xếp','2022-04-20 20:01:08','2022-04-20 20:19:46'),(748,0,'vi','core/base/forms','order_by_placeholder','Sắp xếp','2022-04-20 20:01:08','2022-04-20 20:19:46'),(749,0,'vi','core/base/forms','slug','Slug','2022-04-20 20:01:08','2022-04-20 20:19:46'),(750,0,'vi','core/base/forms','is_featured','Nổi bật?','2022-04-20 20:01:08','2022-04-20 20:19:46'),(751,0,'vi','core/base/forms','is_default','Mặc định?','2022-04-20 20:01:08','2022-04-20 20:19:46'),(752,0,'vi','core/base/forms','icon_placeholder','Ví dụ: fa fa-home','2022-04-20 20:01:08','2022-04-20 20:19:46'),(753,0,'vi','core/base/forms','update','Cập nhật','2022-04-20 20:01:08','2022-04-20 20:19:46'),(754,0,'vi','core/base/forms','publish','Xuất bản','2022-04-20 20:01:08','2022-04-20 20:19:46'),(755,0,'vi','core/base/forms','remove_image','Xoá ảnh','2022-04-20 20:01:08','2022-04-20 20:19:46'),(756,0,'vi','core/base/forms','add','Thêm','2022-04-20 20:01:08','2022-04-20 20:19:46'),(757,0,'vi','core/base/forms','add_short_code','Thêm shortcode','2022-04-20 20:01:08','2022-04-20 20:19:46'),(758,0,'vi','core/base/forms','alias','Mã thay thế','2022-04-20 20:01:08','2022-04-20 20:19:46'),(759,0,'vi','core/base/forms','alias_placeholder','Mã thay thế','2022-04-20 20:01:08','2022-04-20 20:19:46'),(760,0,'vi','core/base/forms','basic_information','Thông tin cơ bản','2022-04-20 20:01:08','2022-04-20 20:19:46'),(761,0,'vi','core/base/forms','link','Liên kết','2022-04-20 20:01:08','2022-04-20 20:19:46'),(762,0,'vi','core/base/forms','order','Thứ tự','2022-04-20 20:01:08','2022-04-20 20:19:46'),(763,0,'vi','core/base/forms','short_code','Shortcode','2022-04-20 20:01:08','2022-04-20 20:19:46'),(764,0,'vi','core/base/forms','title','Tiêu đề','2022-04-20 20:01:08','2022-04-20 20:19:46'),(765,0,'vi','core/base/forms','value','Giá trị','2022-04-20 20:01:08','2022-04-20 20:19:46'),(766,0,'vi','core/base/forms','show_hide_editor','Ẩn/Hiện trình soạn thảo','2022-04-20 20:01:08','2022-04-20 20:19:46'),(767,0,'vi','core/base/forms','basic_info_title','Thông tin cơ bản','2022-04-20 20:01:08','2022-04-20 20:19:46'),(768,0,'vi','core/base/layouts','platform_admin','Quản trị hệ thống','2022-04-20 20:01:08','2022-04-20 20:19:46'),(769,0,'vi','core/base/layouts','dashboard','Bảng điều khiển','2022-04-20 20:01:08','2022-04-20 20:19:46'),(770,0,'vi','core/base/layouts','widgets','Tiện ích','2022-04-20 20:01:08','2022-04-20 20:19:46'),(771,0,'vi','core/base/layouts','plugins','Tiện ích mở rộng','2022-04-20 20:01:08','2022-04-20 20:19:46'),(772,0,'vi','core/base/layouts','settings','Cài đặt','2022-04-20 20:01:08','2022-04-20 20:19:46'),(773,0,'vi','core/base/layouts','setting_general','Cơ bản','2022-04-20 20:01:08','2022-04-20 20:19:46'),(774,0,'vi','core/base/layouts','system_information','Thông tin hệ thống','2022-04-20 20:01:08','2022-04-20 20:19:46'),(775,0,'vi','core/base/layouts','theme','Giao diện','2022-04-20 20:01:08','2022-04-20 20:19:46'),(776,0,'vi','core/base/layouts','copyright','Bản quyền :year &copy; :company. Phiên bản: <span>:version</span>','2022-04-20 20:01:08','2022-04-20 20:19:46'),(777,0,'vi','core/base/layouts','profile','Thông tin cá nhân','2022-04-20 20:01:08','2022-04-20 20:19:46'),(778,0,'vi','core/base/layouts','logout','Đăng xuất','2022-04-20 20:01:08','2022-04-20 20:19:46'),(779,0,'vi','core/base/layouts','no_search_result','Không có kết quả tìm kiếm, hãy thử lại với từ khóa khác.','2022-04-20 20:01:08','2022-04-20 20:19:46'),(780,0,'vi','core/base/layouts','home','Trang chủ','2022-04-20 20:01:08','2022-04-20 20:19:46'),(781,0,'vi','core/base/layouts','search','Tìm kiếm','2022-04-20 20:01:08','2022-04-20 20:19:46'),(782,0,'vi','core/base/layouts','add_new','Thêm mới','2022-04-20 20:01:08','2022-04-20 20:19:46'),(783,0,'vi','core/base/layouts','n_a','N/A','2022-04-20 20:01:08','2022-04-20 20:19:46'),(784,0,'vi','core/base/layouts','page_loaded_time','Trang tải xong trong','2022-04-20 20:01:08','2022-04-20 20:19:46'),(785,0,'vi','core/base/layouts','view_website','Xem trang ngoài','2022-04-20 20:01:08','2022-04-20 20:19:46'),(786,0,'vi','core/base/layouts','setting_email','Email','2022-04-20 20:01:08','2022-04-20 20:19:46'),(787,0,'vi','core/base/mail','send-fail','Gửi email không thành công','2022-04-20 20:01:08','2022-04-20 20:19:46'),(788,0,'vi','core/base/notices','create_success_message','Tạo thành công','2022-04-20 20:01:08','2022-04-20 20:19:46'),(789,0,'vi','core/base/notices','update_success_message','Cập nhật thành công','2022-04-20 20:01:08','2022-04-20 20:19:46'),(790,0,'vi','core/base/notices','delete_success_message','Xóa thành công','2022-04-20 20:01:08','2022-04-20 20:19:46'),(791,0,'vi','core/base/notices','success_header','Thành công!','2022-04-20 20:01:08','2022-04-20 20:19:46'),(792,0,'vi','core/base/notices','error_header','Lỗi!','2022-04-20 20:01:08','2022-04-20 20:19:46'),(793,0,'vi','core/base/notices','no_select','Chọn ít nhất 1 trường để thực hiện hành động này!','2022-04-20 20:01:08','2022-04-20 20:19:46'),(794,0,'vi','core/base/notices','processing_request','Hệ thống đang xử lý yêu cầu.','2022-04-20 20:01:08','2022-04-20 20:19:46'),(795,0,'vi','core/base/notices','error','Lỗi!','2022-04-20 20:01:08','2022-04-20 20:19:46'),(796,0,'vi','core/base/notices','success','Thành công!','2022-04-20 20:01:08','2022-04-20 20:19:46'),(797,0,'vi','core/base/notices','info','Thông tin!','2022-04-20 20:01:08','2022-04-20 20:19:46'),(798,0,'vi','core/base/system','no_select','Hãy chọn ít nhất 1 trường để thực hiện hành động này!','2022-04-20 20:01:08','2022-04-20 20:19:46'),(799,0,'vi','core/base/system','cannot_find_user','Không thể tải được thông tin người dùng','2022-04-20 20:01:08','2022-04-20 20:19:46'),(800,0,'vi','core/base/system','supper_revoked','Quyền quản trị viên cao nhất đã được gỡ bỏ','2022-04-20 20:01:08','2022-04-20 20:19:46'),(801,0,'vi','core/base/system','cannot_revoke_yourself','Không thể gỡ bỏ quyền quản trị cấp cao của chính bạn!','2022-04-20 20:01:08','2022-04-20 20:19:46'),(802,0,'vi','core/base/system','cant_remove_supper','Bạn không có quyền xóa quản trị viên cấp cao','2022-04-20 20:01:08','2022-04-20 20:19:46'),(803,0,'vi','core/base/system','cant_find_user_with_email','Không thể tìm thấy người dùng với email này','2022-04-20 20:01:08','2022-04-20 20:19:46'),(804,0,'vi','core/base/system','supper_granted','Quyền quản trị cao nhất đã được gán','2022-04-20 20:01:08','2022-04-20 20:19:46'),(805,0,'vi','core/base/system','delete_log_success','Xóa tập tin log thành công!','2022-04-20 20:01:08','2022-04-20 20:19:46'),(806,0,'vi','core/base/system','get_member_success','Hiển thị danh sách thành viên thành công','2022-04-20 20:01:08','2022-04-20 20:19:46'),(807,0,'vi','core/base/system','error_occur','Có lỗi dưới đây','2022-04-20 20:01:08','2022-04-20 20:19:46'),(808,0,'vi','core/base/system','role_and_permission','Phân quyền hệ thống','2022-04-20 20:01:08','2022-04-20 20:19:46'),(809,0,'vi','core/base/system','role_and_permission_description','Quản lý những phân quyền trong hệ thống','2022-04-20 20:01:08','2022-04-20 20:19:46'),(810,0,'vi','core/base/system','user.list_super','Danh sách quản trị viên cấp cao','2022-04-20 20:01:08','2022-04-20 20:19:46'),(811,0,'vi','core/base/system','user.username','Tên đăng nhập','2022-04-20 20:01:08','2022-04-20 20:19:46'),(812,0,'vi','core/base/system','user.email','Email','2022-04-20 20:01:08','2022-04-20 20:19:46'),(813,0,'vi','core/base/system','user.last_login','Đăng nhập lần cuối	','2022-04-20 20:01:08','2022-04-20 20:19:46'),(814,0,'vi','core/base/system','user.add_user','Thêm quản trị viên cấp cao','2022-04-20 20:01:08','2022-04-20 20:19:46'),(815,0,'vi','core/base/system','user.cancel','Hủy bỏ','2022-04-20 20:01:08','2022-04-20 20:19:46'),(816,0,'vi','core/base/system','user.create','Thêm','2022-04-20 20:01:08','2022-04-20 20:19:46'),(817,0,'vi','core/base/system','options.features','Kiểm soát truy cập các tính năng','2022-04-20 20:01:08','2022-04-20 20:19:46'),(818,0,'vi','core/base/system','options.feature_description','Bật/tắt các tính năng.','2022-04-20 20:01:08','2022-04-20 20:19:46'),(819,0,'vi','core/base/system','options.manage_super','Quản lý quản trị viên cấp cao','2022-04-20 20:01:08','2022-04-20 20:19:46'),(820,0,'vi','core/base/system','options.manage_super_description','Thêm/xóa quản trị viên cấp cao','2022-04-20 20:01:08','2022-04-20 20:19:46'),(821,0,'vi','core/base/system','options.info','Thông tin hệ thống','2022-04-20 20:01:08','2022-04-20 20:19:46'),(822,0,'vi','core/base/system','options.info_description','Những thông tin về cấu hình hiện tại của hệ thống.','2022-04-20 20:01:08','2022-04-20 20:19:46'),(823,0,'vi','core/base/system','info.title','Thông tin hệ thống','2022-04-20 20:01:08','2022-04-20 20:19:46'),(824,0,'vi','core/base/system','info.cache','Bộ nhớ đệm','2022-04-20 20:01:08','2022-04-20 20:19:46'),(825,0,'vi','core/base/system','info.environment','Môi trường','2022-04-20 20:01:08','2022-04-20 20:19:46'),(826,0,'vi','core/base/system','info.locale','Ngôn ngữ hệ thống','2022-04-20 20:01:08','2022-04-20 20:19:46'),(827,0,'vi','core/base/system','user_management','Quản lý thành viên','2022-04-20 20:01:08','2022-04-20 20:19:46'),(828,0,'vi','core/base/system','user_management_description','Quản lý người dùng trong hệ thống','2022-04-20 20:01:08','2022-04-20 20:19:46'),(829,0,'vi','core/base/system','app_size','Kích thước ứng dụng','2022-04-20 20:01:08','2022-04-20 20:19:46'),(830,0,'vi','core/base/system','cache_dir_writable','Có thể ghi bộ nhớ đệm','2022-04-20 20:01:08','2022-04-20 20:19:46'),(831,0,'vi','core/base/system','cache_driver','Loại lưu trữ bộ nhớ đệm','2022-04-20 20:01:08','2022-04-20 20:19:46'),(832,0,'vi','core/base/system','copy_report','Sao chép báo cáo','2022-04-20 20:01:08','2022-04-20 20:19:46'),(833,0,'vi','core/base/system','curl_ext','CURL Ext','2022-04-20 20:01:08','2022-04-20 20:19:46'),(834,0,'vi','core/base/system','database','Hệ thống dữ liệu','2022-04-20 20:01:08','2022-04-20 20:19:46'),(835,0,'vi','core/base/system','debug_mode','Chế độ sửa lỗi','2022-04-20 20:01:08','2022-04-20 20:19:46'),(836,0,'vi','core/base/system','dependency_name','Tên gói','2022-04-20 20:01:08','2022-04-20 20:19:46'),(837,0,'vi','core/base/system','exif_ext','Exif Ext','2022-04-20 20:01:08','2022-04-20 20:19:46'),(838,0,'vi','core/base/system','extra_information','Thông tin mở rộng','2022-04-20 20:01:08','2022-04-20 20:19:46'),(839,0,'vi','core/base/system','extra_stats','Thống kê thêm','2022-04-20 20:01:08','2022-04-20 20:19:46'),(840,0,'vi','core/base/system','file_info_ext','File info Ext','2022-04-20 20:01:08','2022-04-20 20:19:46'),(841,0,'vi','core/base/system','framework_version','Phiên bản framework','2022-04-20 20:01:08','2022-04-20 20:19:46'),(842,0,'vi','core/base/system','get_system_report','Lấy thông tin hệ thống','2022-04-20 20:01:08','2022-04-20 20:19:46'),(843,0,'vi','core/base/system','installed_packages','Các gói đã cài đặt và phiên bản','2022-04-20 20:01:08','2022-04-20 20:19:46'),(844,0,'vi','core/base/system','mbstring_ext','Mbstring Ext','2022-04-20 20:01:08','2022-04-20 20:19:46'),(845,0,'vi','core/base/system','openssl_ext','OpenSSL Ext','2022-04-20 20:01:08','2022-04-20 20:19:46'),(846,0,'vi','core/base/system','package_name','Tên gói','2022-04-20 20:01:08','2022-04-20 20:19:46'),(847,0,'vi','core/base/system','pdo_ext','PDO Ext','2022-04-20 20:01:08','2022-04-20 20:19:46'),(848,0,'vi','core/base/system','php_version','Phiên bản PHP','2022-04-20 20:01:08','2022-04-20 20:19:46'),(849,0,'vi','core/base/system','report_description','Vui lòng chia sẻ thông tin này nhằm mục đích điều tra nguyên nhân gây lỗi','2022-04-20 20:01:08','2022-04-20 20:19:46'),(850,0,'vi','core/base/system','server_environment','Môi trường máy chủ','2022-04-20 20:01:08','2022-04-20 20:19:46'),(851,0,'vi','core/base/system','server_os','Hệ điều hành của máy chủ','2022-04-20 20:01:08','2022-04-20 20:19:46'),(852,0,'vi','core/base/system','server_software','Phần mềm','2022-04-20 20:01:08','2022-04-20 20:19:46'),(853,0,'vi','core/base/system','session_driver','Loại lưu trữ phiên làm việc','2022-04-20 20:01:08','2022-04-20 20:19:46'),(854,0,'vi','core/base/system','ssl_installed','Đã cài đặt chứng chỉ SSL','2022-04-20 20:01:08','2022-04-20 20:19:46'),(855,0,'vi','core/base/system','storage_dir_writable','Có thể lưu trữ dữ liệu tạm','2022-04-20 20:01:08','2022-04-20 20:19:46'),(856,0,'vi','core/base/system','system_environment','Môi trường hệ thống','2022-04-20 20:01:08','2022-04-20 20:19:46'),(857,0,'vi','core/base/system','timezone','Múi giờ','2022-04-20 20:01:08','2022-04-20 20:19:46'),(858,0,'vi','core/base/system','tokenizer_ext','Tokenizer Ext','2022-04-20 20:01:08','2022-04-20 20:19:46'),(859,0,'vi','core/base/system','version','Phiên bản','2022-04-20 20:01:08','2022-04-20 20:19:46'),(860,0,'vi','core/base/system','cms_version','Phiên bản CMS','2022-04-20 20:01:08','2022-04-20 20:19:46'),(861,0,'vi','core/base/tables','id','ID','2022-04-20 20:01:08','2022-04-20 20:19:46'),(862,0,'vi','core/base/tables','name','Tên','2022-04-20 20:01:08','2022-04-20 20:19:46'),(863,0,'vi','core/base/tables','order_by','Thứ tự','2022-04-20 20:01:08','2022-04-20 20:19:46'),(864,0,'vi','core/base/tables','status','Trạng thái','2022-04-20 20:01:08','2022-04-20 20:19:46'),(865,0,'vi','core/base/tables','created_at','Ngày tạo','2022-04-20 20:01:08','2022-04-20 20:19:46'),(866,0,'vi','core/base/tables','updated_at','Ngày cập nhật','2022-04-20 20:01:08','2022-04-20 20:19:46'),(867,0,'vi','core/base/tables','operations','Tác vụ','2022-04-20 20:01:08','2022-04-20 20:19:46'),(868,0,'vi','core/base/tables','url','URL','2022-04-20 20:01:08','2022-04-20 20:19:46'),(869,0,'vi','core/base/tables','author','Người tạo','2022-04-20 20:01:08','2022-04-20 20:19:46'),(870,0,'vi','core/base/tables','column','Cột','2022-04-20 20:01:08','2022-04-20 20:19:46'),(871,0,'vi','core/base/tables','origin','Bản cũ','2022-04-20 20:01:08','2022-04-20 20:19:46'),(872,0,'vi','core/base/tables','after_change','Sau khi thay đổi','2022-04-20 20:01:08','2022-04-20 20:19:46'),(873,0,'vi','core/base/tables','notes','Ghi chú','2022-04-20 20:01:08','2022-04-20 20:19:46'),(874,0,'vi','core/base/tables','activated','kích hoạt','2022-04-20 20:01:08','2022-04-20 20:19:46'),(875,0,'vi','core/base/tables','browser','Trình duyệt','2022-04-20 20:01:08','2022-04-20 20:19:46'),(876,0,'vi','core/base/tables','deactivated','hủy kích hoạt','2022-04-20 20:01:08','2022-04-20 20:19:46'),(877,0,'vi','core/base/tables','description','Mô tả','2022-04-20 20:01:08','2022-04-20 20:19:46'),(878,0,'vi','core/base/tables','session','Phiên','2022-04-20 20:01:08','2022-04-20 20:19:46'),(879,0,'vi','core/base/tables','views','Lượt xem','2022-04-20 20:01:08','2022-04-20 20:19:46'),(880,0,'vi','core/base/tables','restore','Khôi phục','2022-04-20 20:01:08','2022-04-20 20:19:46'),(881,0,'vi','core/base/tables','edit','Sửa','2022-04-20 20:01:08','2022-04-20 20:19:46'),(882,0,'vi','core/base/tables','delete','Xóa','2022-04-20 20:01:08','2022-04-20 20:19:46'),(883,0,'vi','core/base/tables','action','Hành động','2022-04-20 20:01:08','2022-04-20 20:19:46'),(884,0,'vi','core/base/tables','activate','Kích hoạt','2022-04-20 20:01:08','2022-04-20 20:19:46'),(885,0,'vi','core/base/tables','add_new','Thêm mới','2022-04-20 20:01:08','2022-04-20 20:19:46'),(886,0,'vi','core/base/tables','all','Tất cả','2022-04-20 20:01:08','2022-04-20 20:19:46'),(887,0,'vi','core/base/tables','cancel','Hủy bỏ','2022-04-20 20:01:08','2022-04-20 20:19:46'),(888,0,'vi','core/base/tables','confirm_delete','Xác nhận xóa','2022-04-20 20:01:08','2022-04-20 20:19:46'),(889,0,'vi','core/base/tables','confirm_delete_msg','Bạn có chắc chắn muốn xóa bản ghi này?','2022-04-20 20:01:08','2022-04-20 20:19:46'),(890,0,'vi','core/base/tables','csv','CSV','2022-04-20 20:01:08','2022-04-20 20:19:46'),(891,0,'vi','core/base/tables','deactivate','Hủy kích hoạt','2022-04-20 20:01:08','2022-04-20 20:19:46'),(892,0,'vi','core/base/tables','delete_entry','Xóa bản ghi','2022-04-20 20:01:08','2022-04-20 20:19:46'),(893,0,'vi','core/base/tables','display','Hiển thị','2022-04-20 20:01:08','2022-04-20 20:19:46'),(894,0,'vi','core/base/tables','excel','Excel','2022-04-20 20:01:08','2022-04-20 20:19:46'),(895,0,'vi','core/base/tables','export','Xuất bản','2022-04-20 20:01:08','2022-04-20 20:19:46'),(896,0,'vi','core/base/tables','in','trong tổng số','2022-04-20 20:01:08','2022-04-20 20:19:46'),(897,0,'vi','core/base/tables','no_data','Không có dữ liệu để hiển thị','2022-04-20 20:01:08','2022-04-20 20:19:46'),(898,0,'vi','core/base/tables','no_record','Không có dữ liệu','2022-04-20 20:01:08','2022-04-20 20:19:46'),(899,0,'vi','core/base/tables','pdf','PDF','2022-04-20 20:01:08','2022-04-20 20:19:46'),(900,0,'vi','core/base/tables','print','In','2022-04-20 20:01:08','2022-04-20 20:19:46'),(901,0,'vi','core/base/tables','records','bản ghi','2022-04-20 20:01:08','2022-04-20 20:19:46'),(902,0,'vi','core/base/tables','reload','Tải lại','2022-04-20 20:01:08','2022-04-20 20:19:46'),(903,0,'vi','core/base/tables','reset','Làm mới','2022-04-20 20:01:08','2022-04-20 20:19:46'),(904,0,'vi','core/base/tables','save','Lưu','2022-04-20 20:01:08','2022-04-20 20:19:46'),(905,0,'vi','core/base/tables','show_from','Hiển thị từ','2022-04-20 20:01:08','2022-04-20 20:19:46'),(906,0,'vi','core/base/tables','template','Giao diện','2022-04-20 20:01:08','2022-04-20 20:19:46'),(907,0,'vi','core/base/tables','to','đến','2022-04-20 20:01:08','2022-04-20 20:19:46'),(908,0,'vi','core/base/tables','view','Xem chi tiết','2022-04-20 20:01:08','2022-04-20 20:19:46'),(909,0,'vi','core/base/tables','email','Email','2022-04-20 20:01:08','2022-04-20 20:19:46'),(910,0,'vi','core/base/tables','image','Hình ảnh','2022-04-20 20:01:08','2022-04-20 20:19:46'),(911,0,'vi','core/base/tables','is_featured','Nổi bật','2022-04-20 20:01:08','2022-04-20 20:19:46'),(912,0,'vi','core/base/tables','last_login','Lần cuối đăng nhập','2022-04-20 20:01:08','2022-04-20 20:19:46'),(913,0,'vi','core/base/tables','order','Thứ tự','2022-04-20 20:01:08','2022-04-20 20:19:46'),(914,0,'vi','core/base/tables','shortcode','Shortcode','2022-04-20 20:01:08','2022-04-20 20:19:46'),(915,0,'vi','core/base/tables','slug','Slug','2022-04-20 20:01:08','2022-04-20 20:19:46'),(916,0,'vi','core/base/tables','title','Tiêu đề','2022-04-20 20:01:08','2022-04-20 20:19:46'),(917,0,'vi','core/base/tabs','detail','Chi tiết','2022-04-20 20:01:08','2022-04-20 20:19:46'),(918,0,'vi','core/base/tabs','file','Tập tin','2022-04-20 20:01:08','2022-04-20 20:19:46'),(919,0,'vi','core/base/tabs','record_note','Ghi chú','2022-04-20 20:01:08','2022-04-20 20:19:46'),(920,0,'vi','core/base/tabs','revision','Lịch sử thay đổi','2022-04-20 20:01:08','2022-04-20 20:19:46'),(921,0,'en','core/dashboard/dashboard','update_position_success','Update widget position successfully!','2022-04-20 20:01:08','2022-04-20 20:19:46'),(922,0,'en','core/dashboard/dashboard','hide_success','Update widget successfully!','2022-04-20 20:01:08','2022-04-20 20:19:46'),(923,0,'en','core/dashboard/dashboard','confirm_hide','Are you sure?','2022-04-20 20:01:08','2022-04-20 20:19:46'),(924,0,'en','core/dashboard/dashboard','hide_message','Do you really want to hide this widget? It will be disappear on Dashboard!','2022-04-20 20:01:08','2022-04-20 20:19:46'),(925,0,'en','core/dashboard/dashboard','confirm_hide_btn','Yes, hide this widget','2022-04-20 20:01:08','2022-04-20 20:19:46'),(926,0,'en','core/dashboard/dashboard','cancel_hide_btn','Cancel','2022-04-20 20:01:08','2022-04-20 20:19:46'),(927,0,'en','core/dashboard/dashboard','collapse_expand','Collapse/Expand','2022-04-20 20:01:08','2022-04-20 20:19:46'),(928,0,'en','core/dashboard/dashboard','hide','Hide','2022-04-20 20:01:08','2022-04-20 20:19:46'),(929,0,'en','core/dashboard/dashboard','reload','Reload','2022-04-20 20:01:08','2022-04-20 20:19:46'),(930,0,'en','core/dashboard/dashboard','save_setting_success','Save widget settings successfully!','2022-04-20 20:01:08','2022-04-20 20:19:46'),(931,0,'en','core/dashboard/dashboard','widget_not_exists','Widget is not exits!','2022-04-20 20:01:08','2022-04-20 20:19:46'),(932,0,'en','core/dashboard/dashboard','manage_widgets','Manage Widgets','2022-04-20 20:01:08','2022-04-20 20:19:46'),(933,0,'en','core/dashboard/dashboard','fullscreen','Full screen','2022-04-20 20:01:08','2022-04-20 20:19:46'),(934,0,'en','core/dashboard/dashboard','title','Dashboard','2022-04-20 20:01:08','2022-04-20 20:19:46'),(935,0,'en','core/dashboard/dashboard','predefined_ranges.today','Today','2022-04-20 20:01:08','2022-04-20 20:19:46'),(936,0,'en','core/dashboard/dashboard','predefined_ranges.yesterday','Yesterday','2022-04-20 20:01:08','2022-04-20 20:19:46'),(937,0,'en','core/dashboard/dashboard','predefined_ranges.this_week','This Week','2022-04-20 20:01:08','2022-04-20 20:19:46'),(938,0,'en','core/dashboard/dashboard','predefined_ranges.last_7_days','Last 7 Days','2022-04-20 20:01:08','2022-04-20 20:19:46'),(939,0,'en','core/dashboard/dashboard','predefined_ranges.this_month','This Month','2022-04-20 20:01:08','2022-04-20 20:19:46'),(940,0,'en','core/dashboard/dashboard','predefined_ranges.last_30_days','Last 30 Days','2022-04-20 20:01:08','2022-04-20 20:19:46'),(941,0,'en','core/dashboard/dashboard','predefined_ranges.this_year','This Year','2022-04-20 20:01:08','2022-04-20 20:19:46'),(942,0,'vi','core/dashboard/dashboard','cancel_hide_btn','Hủy bỏ','2022-04-20 20:01:08','2022-04-20 20:19:46'),(943,0,'vi','core/dashboard/dashboard','collapse_expand','Mở rộng','2022-04-20 20:01:08','2022-04-20 20:19:46'),(944,0,'vi','core/dashboard/dashboard','confirm_hide','Bạn có chắc?','2022-04-20 20:01:08','2022-04-20 20:19:46'),(945,0,'vi','core/dashboard/dashboard','confirm_hide_btn','Vâng, ẩn tiện ích này','2022-04-20 20:01:08','2022-04-20 20:19:46'),(946,0,'vi','core/dashboard/dashboard','hide','Ẩn','2022-04-20 20:01:08','2022-04-20 20:19:46'),(947,0,'vi','core/dashboard/dashboard','hide_message','Bạn có chắc chắn muốn ẩn tiện ích này? Nó sẽ không được hiển thị trên trang chủ nữa!','2022-04-20 20:01:08','2022-04-20 20:19:46'),(948,0,'vi','core/dashboard/dashboard','hide_success','Ẩn tiện ích thành công!','2022-04-20 20:01:08','2022-04-20 20:19:46'),(949,0,'vi','core/dashboard/dashboard','manage_widgets','Quản lý tiện ích','2022-04-20 20:01:08','2022-04-20 20:19:46'),(950,0,'vi','core/dashboard/dashboard','reload','Làm mới','2022-04-20 20:01:08','2022-04-20 20:19:46'),(951,0,'vi','core/dashboard/dashboard','save_setting_success','Lưu tiện ích thành công','2022-04-20 20:01:08','2022-04-20 20:19:46'),(952,0,'vi','core/dashboard/dashboard','update_position_success','Cập nhật vị trí tiện ích thành công!','2022-04-20 20:01:08','2022-04-20 20:19:46'),(953,0,'vi','core/dashboard/dashboard','widget_not_exists','Tiện ích này không tồn tại!','2022-04-20 20:01:08','2022-04-20 20:19:46'),(954,0,'vi','core/dashboard/dashboard','fullscreen','Toàn màn hình','2022-04-20 20:01:08','2022-04-20 20:19:46'),(955,0,'vi','core/dashboard/dashboard','title','Trang quản trị','2022-04-20 20:01:08','2022-04-20 20:19:46'),(956,0,'en','core/media/media','filter','Filter','2022-04-20 20:01:08','2022-04-20 20:19:46'),(957,0,'en','core/media/media','everything','Everything','2022-04-20 20:01:08','2022-04-20 20:19:46'),(958,0,'en','core/media/media','image','Image','2022-04-20 20:01:08','2022-04-20 20:19:46'),(959,0,'en','core/media/media','video','Video','2022-04-20 20:01:08','2022-04-20 20:19:46'),(960,0,'en','core/media/media','document','Document','2022-04-20 20:01:08','2022-04-20 20:19:46'),(961,0,'en','core/media/media','view_in','View in','2022-04-20 20:01:08','2022-04-20 20:19:46'),(962,0,'en','core/media/media','all_media','All media','2022-04-20 20:01:08','2022-04-20 20:19:46'),(963,0,'en','core/media/media','trash','Trash','2022-04-20 20:01:08','2022-04-20 20:19:46'),(964,0,'en','core/media/media','recent','Recent','2022-04-20 20:01:08','2022-04-20 20:19:46'),(965,0,'en','core/media/media','favorites','Favorites','2022-04-20 20:01:08','2022-04-20 20:19:46'),(966,0,'en','core/media/media','upload','Upload','2022-04-20 20:01:08','2022-04-20 20:19:46'),(967,0,'en','core/media/media','create_folder','Create folder','2022-04-20 20:01:08','2022-04-20 20:19:46'),(968,0,'en','core/media/media','refresh','Refresh','2022-04-20 20:01:08','2022-04-20 20:19:46'),(969,0,'en','core/media/media','empty_trash','Empty trash','2022-04-20 20:01:08','2022-04-20 20:19:46'),(970,0,'en','core/media/media','search_file_and_folder','Search in current folder','2022-04-20 20:01:08','2022-04-20 20:19:46'),(971,0,'en','core/media/media','sort','Sort','2022-04-20 20:01:08','2022-04-20 20:19:46'),(972,0,'en','core/media/media','file_name_asc','File name - ASC','2022-04-20 20:01:08','2022-04-20 20:19:46'),(973,0,'en','core/media/media','file_name_desc','File name - DESC','2022-04-20 20:01:08','2022-04-20 20:19:46'),(974,0,'en','core/media/media','uploaded_date_asc','Uploaded date - ASC','2022-04-20 20:01:08','2022-04-20 20:19:46'),(975,0,'en','core/media/media','uploaded_date_desc','Uploaded date - DESC','2022-04-20 20:01:08','2022-04-20 20:19:46'),(976,0,'en','core/media/media','size_asc','Size - ASC','2022-04-20 20:01:08','2022-04-20 20:19:46'),(977,0,'en','core/media/media','size_desc','Size - DESC','2022-04-20 20:01:08','2022-04-20 20:19:46'),(978,0,'en','core/media/media','actions','Actions','2022-04-20 20:01:08','2022-04-20 20:19:46'),(979,0,'en','core/media/media','nothing_is_selected','Nothing is selected','2022-04-20 20:01:08','2022-04-20 20:19:46'),(980,0,'en','core/media/media','insert','Insert','2022-04-20 20:01:08','2022-04-20 20:19:46'),(981,0,'en','core/media/media','folder_name','Folder name','2022-04-20 20:01:08','2022-04-20 20:19:46'),(982,0,'en','core/media/media','create','Create','2022-04-20 20:01:08','2022-04-20 20:19:46'),(983,0,'en','core/media/media','rename','Rename','2022-04-20 20:01:08','2022-04-20 20:19:46'),(984,0,'en','core/media/media','close','Close','2022-04-20 20:01:08','2022-04-20 20:19:46'),(985,0,'en','core/media/media','save_changes','Save changes','2022-04-20 20:01:08','2022-04-20 20:19:46'),(986,0,'en','core/media/media','move_to_trash','Move items to trash','2022-04-20 20:01:08','2022-04-20 20:19:46'),(987,0,'en','core/media/media','confirm_trash','Are you sure you want to move these items to trash?','2022-04-20 20:01:08','2022-04-20 20:19:46'),(988,0,'en','core/media/media','confirm','Confirm','2022-04-20 20:01:08','2022-04-20 20:19:46'),(989,0,'en','core/media/media','confirm_delete','Delete item(s)','2022-04-20 20:01:08','2022-04-20 20:19:46'),(990,0,'en','core/media/media','confirm_delete_description','Your request cannot rollback. Are you sure you wanna delete these items?','2022-04-20 20:01:08','2022-04-20 20:19:46'),(991,0,'en','core/media/media','empty_trash_title','Empty trash','2022-04-20 20:01:08','2022-04-20 20:19:46'),(992,0,'en','core/media/media','empty_trash_description','Your request cannot rollback. Are you sure you wanna remove all items in trash?','2022-04-20 20:01:08','2022-04-20 20:19:46'),(993,0,'en','core/media/media','up_level','Up one level','2022-04-20 20:01:08','2022-04-20 20:19:46'),(994,0,'en','core/media/media','upload_progress','Upload progress','2022-04-20 20:01:08','2022-04-20 20:19:46'),(995,0,'en','core/media/media','folder_created','Folder is created successfully!','2022-04-20 20:01:08','2022-04-20 20:19:46'),(996,0,'en','core/media/media','gallery','Media gallery','2022-04-20 20:01:08','2022-04-20 20:19:46'),(997,0,'en','core/media/media','trash_error','Error when delete selected item(s)','2022-04-20 20:01:08','2022-04-20 20:19:46'),(998,0,'en','core/media/media','trash_success','Moved selected item(s) to trash successfully!','2022-04-20 20:01:08','2022-04-20 20:19:46'),(999,0,'en','core/media/media','restore_error','Error when restore selected item(s)','2022-04-20 20:01:08','2022-04-20 20:19:46'),(1000,0,'en','core/media/media','restore_success','Restore selected item(s) successfully!','2022-04-20 20:01:08','2022-04-20 20:19:46'),(1001,0,'en','core/media/media','copy_success','Copied selected item(s) successfully!','2022-04-20 20:01:08','2022-04-20 20:19:46'),(1002,0,'en','core/media/media','delete_success','Deleted selected item(s) successfully!','2022-04-20 20:01:08','2022-04-20 20:19:46'),(1003,0,'en','core/media/media','favorite_success','Favorite selected item(s) successfully!','2022-04-20 20:01:08','2022-04-20 20:19:46'),(1004,0,'en','core/media/media','remove_favorite_success','Remove selected item(s) from favorites successfully!','2022-04-20 20:01:08','2022-04-20 20:19:46'),(1005,0,'en','core/media/media','rename_error','Error when rename item(s)','2022-04-20 20:01:08','2022-04-20 20:19:46'),(1006,0,'en','core/media/media','rename_success','Rename selected item(s) successfully!','2022-04-20 20:01:08','2022-04-20 20:19:46'),(1007,0,'en','core/media/media','empty_trash_success','Empty trash successfully!','2022-04-20 20:01:08','2022-04-20 20:19:46'),(1008,0,'en','core/media/media','invalid_action','Invalid action!','2022-04-20 20:01:08','2022-04-20 20:19:46'),(1009,0,'en','core/media/media','file_not_exists','File is not exists!','2022-04-20 20:01:08','2022-04-20 20:19:46'),(1010,0,'en','core/media/media','download_file_error','Error when downloading files!','2022-04-20 20:01:08','2022-04-20 20:19:46'),(1011,0,'en','core/media/media','missing_zip_archive_extension','Please enable ZipArchive extension to download file!','2022-04-20 20:01:08','2022-04-20 20:19:46'),(1012,0,'en','core/media/media','can_not_download_file','Can not download this file!','2022-04-20 20:01:08','2022-04-20 20:19:46'),(1013,0,'en','core/media/media','invalid_request','Invalid request!','2022-04-20 20:01:08','2022-04-20 20:19:46'),(1014,0,'en','core/media/media','add_success','Add item successfully!','2022-04-20 20:01:08','2022-04-20 20:19:46'),(1015,0,'en','core/media/media','file_too_big','File too big. Max file upload is :size bytes','2022-04-20 20:01:08','2022-04-20 20:19:46'),(1016,0,'en','core/media/media','can_not_detect_file_type','File type is not allowed or can not detect file type!','2022-04-20 20:01:08','2022-04-20 20:19:46'),(1017,0,'en','core/media/media','upload_failed','The file is NOT uploaded completely. The server allows max upload file size is :size . Please check your file size OR try to upload again in case of having network errors','2022-04-20 20:01:08','2022-04-20 20:19:46'),(1018,0,'en','core/media/media','menu_name','Media','2022-04-20 20:01:08','2022-04-20 20:19:46'),(1019,0,'en','core/media/media','add','Add media','2022-04-20 20:01:08','2022-04-20 20:19:46'),(1020,0,'en','core/media/media','javascript.name','Name','2022-04-20 20:01:08','2022-04-20 20:19:46'),(1021,0,'en','core/media/media','javascript.url','URL','2022-04-20 20:01:08','2022-04-20 20:19:46'),(1022,0,'en','core/media/media','javascript.full_url','Full URL','2022-04-20 20:01:08','2022-04-20 20:19:46'),(1023,0,'en','core/media/media','javascript.size','Size','2022-04-20 20:01:08','2022-04-20 20:19:46'),(1024,0,'en','core/media/media','javascript.mime_type','Type','2022-04-20 20:01:08','2022-04-20 20:19:46'),(1025,0,'en','core/media/media','javascript.created_at','Uploaded at','2022-04-20 20:01:08','2022-04-20 20:19:46'),(1026,0,'en','core/media/media','javascript.updated_at','Modified at','2022-04-20 20:01:08','2022-04-20 20:19:46'),(1027,0,'en','core/media/media','javascript.nothing_selected','Nothing is selected','2022-04-20 20:01:08','2022-04-20 20:19:46'),(1028,0,'en','core/media/media','javascript.visit_link','Open link','2022-04-20 20:01:08','2022-04-20 20:19:46'),(1029,0,'en','core/media/media','javascript.no_item.all_media.icon','fas fa-cloud-upload-alt','2022-04-20 20:01:08','2022-04-20 20:19:46'),(1030,0,'en','core/media/media','javascript.no_item.all_media.title','Drop files and folders here','2022-04-20 20:01:08','2022-04-20 20:19:46'),(1031,0,'en','core/media/media','javascript.no_item.all_media.message','Or use the upload button above','2022-04-20 20:01:08','2022-04-20 20:19:46'),(1032,0,'en','core/media/media','javascript.no_item.trash.icon','fas fa-trash-alt','2022-04-20 20:01:09','2022-04-20 20:19:46'),(1033,0,'en','core/media/media','javascript.no_item.trash.title','There is nothing in your trash currently','2022-04-20 20:01:09','2022-04-20 20:19:46'),(1034,0,'en','core/media/media','javascript.no_item.trash.message','Delete files to move them to trash automatically. Delete files from trash to remove them permanently','2022-04-20 20:01:09','2022-04-20 20:19:46'),(1035,0,'en','core/media/media','javascript.no_item.favorites.icon','fas fa-star','2022-04-20 20:01:09','2022-04-20 20:19:46'),(1036,0,'en','core/media/media','javascript.no_item.favorites.title','You have not added anything to your favorites yet','2022-04-20 20:01:09','2022-04-20 20:19:46'),(1037,0,'en','core/media/media','javascript.no_item.favorites.message','Add files to favorites to easily find them later','2022-04-20 20:01:09','2022-04-20 20:19:46'),(1038,0,'en','core/media/media','javascript.no_item.recent.icon','far fa-clock','2022-04-20 20:01:09','2022-04-20 20:19:46'),(1039,0,'en','core/media/media','javascript.no_item.recent.title','You did not opened anything yet','2022-04-20 20:01:09','2022-04-20 20:19:46'),(1040,0,'en','core/media/media','javascript.no_item.recent.message','All recent files that you opened will be appeared here','2022-04-20 20:01:09','2022-04-20 20:19:46'),(1041,0,'en','core/media/media','javascript.no_item.default.icon','fas fa-sync','2022-04-20 20:01:09','2022-04-20 20:19:46'),(1042,0,'en','core/media/media','javascript.no_item.default.title','No items','2022-04-20 20:01:09','2022-04-20 20:19:46'),(1043,0,'en','core/media/media','javascript.no_item.default.message','This directory has no item','2022-04-20 20:01:09','2022-04-20 20:19:46'),(1044,0,'en','core/media/media','javascript.clipboard.success','These file links has been copied to clipboard','2022-04-20 20:01:09','2022-04-20 20:19:46'),(1045,0,'en','core/media/media','javascript.message.error_header','Error','2022-04-20 20:01:09','2022-04-20 20:19:46'),(1046,0,'en','core/media/media','javascript.message.success_header','Success','2022-04-20 20:01:09','2022-04-20 20:19:46'),(1047,0,'en','core/media/media','javascript.download.error','No files selected or cannot download these files','2022-04-20 20:01:09','2022-04-20 20:19:46'),(1048,0,'en','core/media/media','javascript.actions_list.basic.preview','Preview','2022-04-20 20:01:09','2022-04-20 20:19:46'),(1049,0,'en','core/media/media','javascript.actions_list.file.copy_link','Copy link','2022-04-20 20:01:09','2022-04-20 20:19:46'),(1050,0,'en','core/media/media','javascript.actions_list.file.rename','Rename','2022-04-20 20:01:09','2022-04-20 20:19:46'),(1051,0,'en','core/media/media','javascript.actions_list.file.make_copy','Make a copy','2022-04-20 20:01:09','2022-04-20 20:19:46'),(1052,0,'en','core/media/media','javascript.actions_list.user.favorite','Add to favorite','2022-04-20 20:01:09','2022-04-20 20:19:46'),(1053,0,'en','core/media/media','javascript.actions_list.user.remove_favorite','Remove favorite','2022-04-20 20:01:09','2022-04-20 20:19:46'),(1054,0,'en','core/media/media','javascript.actions_list.other.download','Download','2022-04-20 20:01:09','2022-04-20 20:19:46'),(1055,0,'en','core/media/media','javascript.actions_list.other.trash','Move to trash','2022-04-20 20:01:09','2022-04-20 20:19:46'),(1056,0,'en','core/media/media','javascript.actions_list.other.delete','Delete permanently','2022-04-20 20:01:09','2022-04-20 20:19:46'),(1057,0,'en','core/media/media','javascript.actions_list.other.restore','Restore','2022-04-20 20:01:09','2022-04-20 20:19:46'),(1058,0,'en','core/media/media','name_invalid','The folder name has invalid character(s).','2022-04-20 20:01:09','2022-04-20 20:19:46'),(1059,0,'en','core/media/media','url_invalid','Please provide a valid URL','2022-04-20 20:01:09','2022-04-20 20:19:46'),(1060,0,'en','core/media/media','path_invalid','Please provide a valid path','2022-04-20 20:01:09','2022-04-20 20:19:46'),(1061,0,'en','core/media/media','download_link','Download','2022-04-20 20:01:09','2022-04-20 20:19:46'),(1062,0,'en','core/media/media','url','URL','2022-04-20 20:01:09','2022-04-20 20:19:46'),(1063,0,'en','core/media/media','download_explain','Enter one URL per line.','2022-04-20 20:01:09','2022-04-20 20:19:46'),(1064,0,'en','core/media/media','downloading','Downloading...','2022-04-20 20:01:09','2022-04-20 20:19:46'),(1065,0,'vi','core/media/media','filter','Lọc','2022-04-20 20:01:09','2022-04-20 20:19:46'),(1066,0,'vi','core/media/media','everything','Tất cả','2022-04-20 20:01:09','2022-04-20 20:19:46'),(1067,0,'vi','core/media/media','image','Hình ảnh','2022-04-20 20:01:09','2022-04-20 20:19:46'),(1068,0,'vi','core/media/media','video','Phim','2022-04-20 20:01:09','2022-04-20 20:19:46'),(1069,0,'vi','core/media/media','document','Tài liệu','2022-04-20 20:01:09','2022-04-20 20:19:46'),(1070,0,'vi','core/media/media','view_in','Chế độ xem','2022-04-20 20:01:09','2022-04-20 20:19:46'),(1071,0,'vi','core/media/media','all_media','Tất cả tập tin','2022-04-20 20:01:09','2022-04-20 20:19:46'),(1072,0,'vi','core/media/media','trash','Thùng rác','2022-04-20 20:01:09','2022-04-20 20:19:46'),(1073,0,'vi','core/media/media','recent','Gần đây','2022-04-20 20:01:09','2022-04-20 20:19:46'),(1074,0,'vi','core/media/media','favorites','Được gắn dấu sao','2022-04-20 20:01:09','2022-04-20 20:19:46'),(1075,0,'vi','core/media/media','upload','Tải lên','2022-04-20 20:01:09','2022-04-20 20:19:46'),(1076,0,'vi','core/media/media','create_folder','Tạo thư mục','2022-04-20 20:01:09','2022-04-20 20:19:46'),(1077,0,'vi','core/media/media','refresh','Làm mới','2022-04-20 20:01:09','2022-04-20 20:19:46'),(1078,0,'vi','core/media/media','empty_trash','Dọn thùng rác','2022-04-20 20:01:09','2022-04-20 20:19:46'),(1079,0,'vi','core/media/media','search_file_and_folder','Tìm kiếm tập tin và thư mục','2022-04-20 20:01:09','2022-04-20 20:19:46'),(1080,0,'vi','core/media/media','sort','Sắp xếp','2022-04-20 20:01:09','2022-04-20 20:19:46'),(1081,0,'vi','core/media/media','file_name_asc','Tên tập tin - ASC','2022-04-20 20:01:09','2022-04-20 20:19:46'),(1082,0,'vi','core/media/media','file_name_desc','Tên tập tin - DESC','2022-04-20 20:01:09','2022-04-20 20:19:46'),(1083,0,'vi','core/media/media','uploaded_date_asc','Ngày tải lên - ASC','2022-04-20 20:01:09','2022-04-20 20:19:46'),(1084,0,'vi','core/media/media','uploaded_date_desc','Ngày tải lên - DESC','2022-04-20 20:01:09','2022-04-20 20:19:46'),(1085,0,'vi','core/media/media','size_asc','Kích thước - ASC','2022-04-20 20:01:09','2022-04-20 20:19:46'),(1086,0,'vi','core/media/media','size_desc','Kích thước - DESC','2022-04-20 20:01:09','2022-04-20 20:19:46'),(1087,0,'vi','core/media/media','actions','Hành động','2022-04-20 20:01:09','2022-04-20 20:19:46'),(1088,0,'vi','core/media/media','nothing_is_selected','Không có tập tin nào được chọn','2022-04-20 20:01:09','2022-04-20 20:19:46'),(1089,0,'vi','core/media/media','insert','Chèn','2022-04-20 20:01:09','2022-04-20 20:19:46'),(1090,0,'vi','core/media/media','folder_name','Tên thư mục','2022-04-20 20:01:09','2022-04-20 20:19:46'),(1091,0,'vi','core/media/media','create','Tạo','2022-04-20 20:01:09','2022-04-20 20:19:46'),(1092,0,'vi','core/media/media','rename','Đổi tên','2022-04-20 20:01:09','2022-04-20 20:19:46'),(1093,0,'vi','core/media/media','close','Đóng','2022-04-20 20:01:09','2022-04-20 20:19:46'),(1094,0,'vi','core/media/media','save_changes','Lưu thay đổi','2022-04-20 20:01:09','2022-04-20 20:19:46'),(1095,0,'vi','core/media/media','move_to_trash','Đưa vào thùng rác','2022-04-20 20:01:09','2022-04-20 20:19:46'),(1096,0,'vi','core/media/media','confirm_trash','Bạn có chắc chắn muốn bỏ những tập tin này vào thùng rác?','2022-04-20 20:01:09','2022-04-20 20:19:46'),(1097,0,'vi','core/media/media','confirm','Xác nhận','2022-04-20 20:01:09','2022-04-20 20:19:46'),(1098,0,'vi','core/media/media','confirm_delete','Xóa tập tin','2022-04-20 20:01:09','2022-04-20 20:19:46'),(1099,0,'vi','core/media/media','confirm_delete_description','Hành động này không thể khôi phục. Bạn có chắc chắn muốn xóa các tập tin này?','2022-04-20 20:01:09','2022-04-20 20:19:46'),(1100,0,'vi','core/media/media','empty_trash_title','Dọn sạch thùng rác','2022-04-20 20:01:09','2022-04-20 20:19:46'),(1101,0,'vi','core/media/media','empty_trash_description','Hành động này không thể khôi phục. Bạn có chắc chắn muốn dọn sạch thùng rác?','2022-04-20 20:01:09','2022-04-20 20:19:46'),(1102,0,'vi','core/media/media','up_level','Quay lại một cấp','2022-04-20 20:01:09','2022-04-20 20:19:46'),(1103,0,'vi','core/media/media','upload_progress','Tiến trình tải lên','2022-04-20 20:01:09','2022-04-20 20:19:46'),(1104,0,'vi','core/media/media','folder_created','Tạo thư mục thành công!','2022-04-20 20:01:09','2022-04-20 20:19:46'),(1105,0,'vi','core/media/media','gallery','Thư viện tập tin','2022-04-20 20:01:09','2022-04-20 20:19:46'),(1106,0,'vi','core/media/media','trash_error','Có lỗi khi xóa tập tin/thư mục','2022-04-20 20:01:09','2022-04-20 20:19:46'),(1107,0,'vi','core/media/media','trash_success','Xóa tập tin/thư mục thành công!','2022-04-20 20:01:09','2022-04-20 20:19:46'),(1108,0,'vi','core/media/media','restore_error','Có lỗi trong quá trình khôi phục','2022-04-20 20:01:09','2022-04-20 20:19:46'),(1109,0,'vi','core/media/media','restore_success','Khôi phục thành công!','2022-04-20 20:01:09','2022-04-20 20:19:46'),(1110,0,'vi','core/media/media','copy_success','Sao chép thành công!','2022-04-20 20:01:09','2022-04-20 20:19:46'),(1111,0,'vi','core/media/media','delete_success','Xóa thành công!','2022-04-20 20:01:09','2022-04-20 20:19:46'),(1112,0,'vi','core/media/media','favorite_success','Thêm dấu sao thành công!','2022-04-20 20:01:09','2022-04-20 20:19:46'),(1113,0,'vi','core/media/media','remove_favorite_success','Bỏ dấu sao thành công!','2022-04-20 20:01:09','2022-04-20 20:19:46'),(1114,0,'vi','core/media/media','rename_error','Có lỗi trong quá trình đổi tên','2022-04-20 20:01:09','2022-04-20 20:19:46'),(1115,0,'vi','core/media/media','rename_success','Đổi tên thành công!','2022-04-20 20:01:09','2022-04-20 20:19:46'),(1116,0,'vi','core/media/media','invalid_action','Hành động không hợp lệ!','2022-04-20 20:01:09','2022-04-20 20:19:46'),(1117,0,'vi','core/media/media','file_not_exists','Tập tin không tồn tại!','2022-04-20 20:01:09','2022-04-20 20:19:46'),(1118,0,'vi','core/media/media','download_file_error','Có lỗi trong quá trình tải xuống tập tin!','2022-04-20 20:01:09','2022-04-20 20:19:46'),(1119,0,'vi','core/media/media','missing_zip_archive_extension','Hãy bật ZipArchive extension để tải tập tin!','2022-04-20 20:01:09','2022-04-20 20:19:46'),(1120,0,'vi','core/media/media','can_not_download_file','Không thể tải tập tin!','2022-04-20 20:01:09','2022-04-20 20:19:46'),(1121,0,'vi','core/media/media','invalid_request','Yêu cầu không hợp lệ!','2022-04-20 20:01:09','2022-04-20 20:19:46'),(1122,0,'vi','core/media/media','add_success','Thêm thành công!','2022-04-20 20:01:09','2022-04-20 20:19:46'),(1123,0,'vi','core/media/media','file_too_big','Tập tin quá lớn. Giới hạn tải lên là :size bytes','2022-04-20 20:01:09','2022-04-20 20:19:46'),(1124,0,'vi','core/media/media','can_not_detect_file_type','Loại tập tin không hợp lệ hoặc không thể xác định loại tập tin!','2022-04-20 20:01:09','2022-04-20 20:19:46'),(1125,0,'vi','core/media/media','upload_failed','The file is NOT uploaded completely. The server allows max upload file size is :size . Please check your file size OR try to upload again in case of having network errors','2022-04-20 20:01:09','2022-04-20 20:19:46'),(1126,0,'vi','core/media/media','menu_name','Quản lý tập tin','2022-04-20 20:01:09','2022-04-20 20:19:46'),(1127,0,'vi','core/media/media','add','Thêm tập tin','2022-04-20 20:01:09','2022-04-20 20:19:46'),(1128,0,'vi','core/media/media','javascript.name','Tên','2022-04-20 20:01:09','2022-04-20 20:19:46'),(1129,0,'vi','core/media/media','javascript.url','Đường dẫn','2022-04-20 20:01:09','2022-04-20 20:19:46'),(1130,0,'vi','core/media/media','javascript.full_url','Đường dẫn tuyệt đối','2022-04-20 20:01:09','2022-04-20 20:19:46'),(1131,0,'vi','core/media/media','javascript.size','Kích thước','2022-04-20 20:01:09','2022-04-20 20:19:46'),(1132,0,'vi','core/media/media','javascript.mime_type','Loại','2022-04-20 20:01:09','2022-04-20 20:19:46'),(1133,0,'vi','core/media/media','javascript.created_at','Được tải lên lúc','2022-04-20 20:01:09','2022-04-20 20:19:46'),(1134,0,'vi','core/media/media','javascript.updated_at','Được chỉnh sửa lúc','2022-04-20 20:01:09','2022-04-20 20:19:46'),(1135,0,'vi','core/media/media','javascript.nothing_selected','Bạn chưa chọn tập tin nào','2022-04-20 20:01:09','2022-04-20 20:19:46'),(1136,0,'vi','core/media/media','javascript.visit_link','Mở liên kết','2022-04-20 20:01:09','2022-04-20 20:19:46'),(1137,0,'vi','core/media/media','javascript.no_item.all_media.icon','fas fa-cloud-upload-alt','2022-04-20 20:01:09','2022-04-20 20:19:46'),(1138,0,'vi','core/media/media','javascript.no_item.all_media.title','Bạn có thể kéo thả tập tin vào đây để tải lên','2022-04-20 20:01:09','2022-04-20 20:19:46'),(1139,0,'vi','core/media/media','javascript.no_item.all_media.message','Hoặc có thể bấm nút Tải lên ở phía trên','2022-04-20 20:01:09','2022-04-20 20:19:46'),(1140,0,'vi','core/media/media','javascript.no_item.trash.icon','fas fa-trash-alt','2022-04-20 20:01:09','2022-04-20 20:19:46'),(1141,0,'vi','core/media/media','javascript.no_item.trash.title','Hiện tại không có tập tin nào trong thùng rác','2022-04-20 20:01:09','2022-04-20 20:19:46'),(1142,0,'vi','core/media/media','javascript.no_item.trash.message','Xóa tập tin sẽ đem tập tin lưu vào thùng rác. Xóa tập tin trong thùng rác sẽ xóa vĩnh viễn.','2022-04-20 20:01:09','2022-04-20 20:19:46'),(1143,0,'vi','core/media/media','javascript.no_item.favorites.icon','fas fa-star','2022-04-20 20:01:09','2022-04-20 20:19:46'),(1144,0,'vi','core/media/media','javascript.no_item.favorites.title','Bạn chưa đặt tập tin nào vào mục yêu thích','2022-04-20 20:01:09','2022-04-20 20:19:46'),(1145,0,'vi','core/media/media','javascript.no_item.favorites.message','Thêm tập tin vào mục yêu thích để tìm kiếm chúng dễ dàng sau này.','2022-04-20 20:01:09','2022-04-20 20:19:46'),(1146,0,'vi','core/media/media','javascript.no_item.recent.icon','far fa-clock','2022-04-20 20:01:09','2022-04-20 20:19:46'),(1147,0,'vi','core/media/media','javascript.no_item.recent.title','Bạn chưa mở tập tin nào.','2022-04-20 20:01:09','2022-04-20 20:19:46'),(1148,0,'vi','core/media/media','javascript.no_item.recent.message','Mục này hiển thị các tập tin bạn đã xem gần đây.','2022-04-20 20:01:09','2022-04-20 20:19:46'),(1149,0,'vi','core/media/media','javascript.no_item.default.icon','fas fa-sync','2022-04-20 20:01:09','2022-04-20 20:19:46'),(1150,0,'vi','core/media/media','javascript.no_item.default.title','Thư mục trống','2022-04-20 20:01:09','2022-04-20 20:19:46'),(1151,0,'vi','core/media/media','javascript.no_item.default.message','Thư mục này chưa có tập tin nào','2022-04-20 20:01:09','2022-04-20 20:19:46'),(1152,0,'vi','core/media/media','javascript.clipboard.success','Đường dẫn của các tập tin đã được sao chép vào clipboard','2022-04-20 20:01:09','2022-04-20 20:19:46'),(1153,0,'vi','core/media/media','javascript.message.error_header','Lỗi','2022-04-20 20:01:09','2022-04-20 20:19:46'),(1154,0,'vi','core/media/media','javascript.message.success_header','Thành công','2022-04-20 20:01:09','2022-04-20 20:19:46'),(1155,0,'vi','core/media/media','javascript.download.error','Bạn chưa chọn tập tin nào hoặc tập tin này không cho phép tải về','2022-04-20 20:01:09','2022-04-20 20:19:46'),(1156,0,'vi','core/media/media','javascript.actions_list.basic.preview','Xem trước','2022-04-20 20:01:09','2022-04-20 20:19:46'),(1157,0,'vi','core/media/media','javascript.actions_list.file.copy_link','Sao chép đường dẫn','2022-04-20 20:01:09','2022-04-20 20:19:46'),(1158,0,'vi','core/media/media','javascript.actions_list.file.rename','Đổi tên','2022-04-20 20:01:09','2022-04-20 20:19:46'),(1159,0,'vi','core/media/media','javascript.actions_list.file.make_copy','Nhân bản','2022-04-20 20:01:09','2022-04-20 20:19:46'),(1160,0,'vi','core/media/media','javascript.actions_list.user.favorite','Yêu thích','2022-04-20 20:01:09','2022-04-20 20:19:46'),(1161,0,'vi','core/media/media','javascript.actions_list.user.remove_favorite','Xóa khỏi mục yêu thích','2022-04-20 20:01:09','2022-04-20 20:19:46'),(1162,0,'vi','core/media/media','javascript.actions_list.other.download','Tải xuống','2022-04-20 20:01:09','2022-04-20 20:19:46'),(1163,0,'vi','core/media/media','javascript.actions_list.other.trash','Chuyển vào thùng rác','2022-04-20 20:01:09','2022-04-20 20:19:46'),(1164,0,'vi','core/media/media','javascript.actions_list.other.delete','Xóa hoàn toàn','2022-04-20 20:01:09','2022-04-20 20:19:46'),(1165,0,'vi','core/media/media','javascript.actions_list.other.restore','Khôi phục','2022-04-20 20:01:09','2022-04-20 20:19:46'),(1166,0,'vi','core/media/media','empty_trash_success','Dọn sạch thùng rác thành công','2022-04-20 20:01:09','2022-04-20 20:19:46'),(1167,0,'vi','core/media/media','name_invalid','Tên thư mục chứa ký tự không hợp lệ','2022-04-20 20:01:09','2022-04-20 20:19:46'),(1168,0,'en','core/setting/setting','title','Settings','2022-04-20 20:01:09','2022-04-20 20:19:46'),(1169,0,'en','core/setting/setting','email_setting_title','Email settings','2022-04-20 20:01:09','2022-04-20 20:19:46'),(1170,0,'en','core/setting/setting','general.theme','Theme','2022-04-20 20:01:09','2022-04-20 20:19:46'),(1171,0,'en','core/setting/setting','general.description','Setting site information','2022-04-20 20:01:09','2022-04-20 20:19:46'),(1172,0,'en','core/setting/setting','general.title','General','2022-04-20 20:01:09','2022-04-20 20:19:46'),(1173,0,'en','core/setting/setting','general.general_block','General Information','2022-04-20 20:01:09','2022-04-20 20:19:46'),(1174,0,'en','core/setting/setting','general.rich_editor','Rich Editor','2022-04-20 20:01:09','2022-04-20 20:19:46'),(1175,0,'en','core/setting/setting','general.site_title','Site title','2022-04-20 20:01:09','2022-04-20 20:19:46'),(1176,0,'en','core/setting/setting','general.admin_email','Admin Email','2022-04-20 20:01:09','2022-04-20 20:19:46'),(1177,0,'en','core/setting/setting','general.seo_block','SEO Configuration','2022-04-20 20:01:09','2022-04-20 20:19:46'),(1178,0,'en','core/setting/setting','general.seo_title','SEO Title','2022-04-20 20:01:09','2022-04-20 20:19:46'),(1179,0,'en','core/setting/setting','general.seo_description','SEO Description','2022-04-20 20:01:09','2022-04-20 20:19:46'),(1180,0,'en','core/setting/setting','general.webmaster_tools_block','Google Webmaster Tools','2022-04-20 20:01:09','2022-04-20 20:19:46'),(1181,0,'en','core/setting/setting','general.google_site_verification','Google site verification','2022-04-20 20:01:09','2022-04-20 20:19:46'),(1182,0,'en','core/setting/setting','general.placeholder.site_title','Site Title (maximum 120 characters)','2022-04-20 20:01:09','2022-04-20 20:19:46'),(1183,0,'en','core/setting/setting','general.placeholder.admin_email','Admin Email','2022-04-20 20:01:09','2022-04-20 20:19:46'),(1184,0,'en','core/setting/setting','general.placeholder.seo_title','SEO Title (maximum 120 characters)','2022-04-20 20:01:09','2022-04-20 20:19:46'),(1185,0,'en','core/setting/setting','general.placeholder.seo_description','SEO Description (maximum 120 characters)','2022-04-20 20:01:09','2022-04-20 20:19:46'),(1186,0,'en','core/setting/setting','general.placeholder.google_analytics','Google Analytics','2022-04-20 20:01:09','2022-04-20 20:19:46'),(1187,0,'en','core/setting/setting','general.placeholder.google_site_verification','Google Site Verification','2022-04-20 20:01:09','2022-04-20 20:19:46'),(1188,0,'en','core/setting/setting','general.cache_admin_menu','Cache admin menu?','2022-04-20 20:01:09','2022-04-20 20:19:46'),(1189,0,'en','core/setting/setting','general.enable_send_error_reporting_via_email','Enable to send error reporting via email?','2022-04-20 20:01:09','2022-04-20 20:19:46'),(1190,0,'en','core/setting/setting','general.time_zone','Timezone','2022-04-20 20:01:09','2022-04-20 20:19:46'),(1191,0,'en','core/setting/setting','general.default_admin_theme','Default admin theme','2022-04-20 20:01:09','2022-04-20 20:19:46'),(1192,0,'en','core/setting/setting','general.enable_change_admin_theme','Enable change admin theme?','2022-04-20 20:01:09','2022-04-20 20:19:46'),(1193,0,'en','core/setting/setting','general.enable','Enable','2022-04-20 20:01:09','2022-04-20 20:19:46'),(1194,0,'en','core/setting/setting','general.disable','Disable','2022-04-20 20:01:09','2022-04-20 20:19:46'),(1195,0,'en','core/setting/setting','general.enable_cache','Enable cache?','2022-04-20 20:01:09','2022-04-20 20:19:46'),(1196,0,'en','core/setting/setting','general.cache_time','Cache time (minutes)','2022-04-20 20:01:09','2022-04-20 20:19:46'),(1197,0,'en','core/setting/setting','general.cache_time_site_map','Cache Time Site map','2022-04-20 20:01:09','2022-04-20 20:19:46'),(1198,0,'en','core/setting/setting','general.admin_logo','Admin logo','2022-04-20 20:01:09','2022-04-20 20:19:46'),(1199,0,'en','core/setting/setting','general.admin_favicon','Admin favicon','2022-04-20 20:01:09','2022-04-20 20:19:46'),(1200,0,'en','core/setting/setting','general.admin_title','Admin title','2022-04-20 20:01:09','2022-04-20 20:19:46'),(1201,0,'en','core/setting/setting','general.admin_title_placeholder','Title show to tab of browser','2022-04-20 20:01:09','2022-04-20 20:19:46'),(1202,0,'en','core/setting/setting','general.cache_block','Cache','2022-04-20 20:01:09','2022-04-20 20:19:46'),(1203,0,'en','core/setting/setting','general.admin_appearance_title','Admin appearance','2022-04-20 20:01:09','2022-04-20 20:19:46'),(1204,0,'en','core/setting/setting','general.admin_appearance_description','Setting admin appearance such as editor, language...','2022-04-20 20:01:09','2022-04-20 20:19:46'),(1205,0,'en','core/setting/setting','general.seo_block_description','Setting site title, site meta description, site keyword for optimize SEO','2022-04-20 20:01:09','2022-04-20 20:19:46'),(1206,0,'en','core/setting/setting','general.webmaster_tools_description','Google Webmaster Tools (GWT) is free software that helps you manage the technical side of your website','2022-04-20 20:01:09','2022-04-20 20:19:46'),(1207,0,'en','core/setting/setting','general.cache_description','Config cache for system for optimize speed','2022-04-20 20:01:09','2022-04-20 20:19:46'),(1208,0,'en','core/setting/setting','general.yes','Yes','2022-04-20 20:01:09','2022-04-20 20:19:46'),(1209,0,'en','core/setting/setting','general.no','No','2022-04-20 20:01:09','2022-04-20 20:19:46'),(1210,0,'en','core/setting/setting','general.show_on_front','Your homepage displays','2022-04-20 20:01:09','2022-04-20 20:19:46'),(1211,0,'en','core/setting/setting','general.select','— Select —','2022-04-20 20:01:09','2022-04-20 20:19:46'),(1212,0,'en','core/setting/setting','general.show_site_name','Show site name after page title, separate with \"-\"?','2022-04-20 20:01:09','2022-04-20 20:19:46'),(1213,0,'en','core/setting/setting','general.locale','Site language','2022-04-20 20:01:09','2022-04-20 20:19:46'),(1214,0,'en','core/setting/setting','general.locale_direction','Front site language direction','2022-04-20 20:01:09','2022-04-20 20:19:46'),(1215,0,'en','core/setting/setting','general.admin_locale_direction','Admin language direction','2022-04-20 20:01:09','2022-04-20 20:19:46'),(1216,0,'en','core/setting/setting','general.admin_login_screen_backgrounds','Login screen backgrounds (~1366x768)','2022-04-20 20:01:09','2022-04-20 20:19:46'),(1217,0,'en','core/setting/setting','email.subject','Subject','2022-04-20 20:01:09','2022-04-20 20:19:46'),(1218,0,'en','core/setting/setting','email.content','Content','2022-04-20 20:01:09','2022-04-20 20:19:46'),(1219,0,'en','core/setting/setting','email.title','Setting for email template','2022-04-20 20:01:09','2022-04-20 20:19:46'),(1220,0,'en','core/setting/setting','email.description','Email template using HTML & system variables.','2022-04-20 20:01:09','2022-04-20 20:19:46'),(1221,0,'en','core/setting/setting','email.reset_to_default','Reset to default','2022-04-20 20:01:09','2022-04-20 20:19:46'),(1222,0,'en','core/setting/setting','email.back','Back to settings','2022-04-20 20:01:09','2022-04-20 20:19:46'),(1223,0,'en','core/setting/setting','email.reset_success','Reset back to default successfully','2022-04-20 20:01:09','2022-04-20 20:19:46'),(1224,0,'en','core/setting/setting','email.confirm_reset','Confirm reset email template?','2022-04-20 20:01:09','2022-04-20 20:19:46'),(1225,0,'en','core/setting/setting','email.confirm_message','Do you really want to reset this email template to default?','2022-04-20 20:01:09','2022-04-20 20:19:46'),(1226,0,'en','core/setting/setting','email.continue','Continue','2022-04-20 20:01:09','2022-04-20 20:19:46'),(1227,0,'en','core/setting/setting','email.sender_name','Sender name','2022-04-20 20:01:09','2022-04-20 20:19:46'),(1228,0,'en','core/setting/setting','email.sender_name_placeholder','Name','2022-04-20 20:01:09','2022-04-20 20:19:46'),(1229,0,'en','core/setting/setting','email.sender_email','Sender email','2022-04-20 20:01:09','2022-04-20 20:19:46'),(1230,0,'en','core/setting/setting','email.mailer','Mailer','2022-04-20 20:01:09','2022-04-20 20:19:46'),(1231,0,'en','core/setting/setting','email.port','Port','2022-04-20 20:01:09','2022-04-20 20:19:46'),(1232,0,'en','core/setting/setting','email.port_placeholder','Ex: 587','2022-04-20 20:01:09','2022-04-20 20:19:46'),(1233,0,'en','core/setting/setting','email.host','Host','2022-04-20 20:01:09','2022-04-20 20:19:46'),(1234,0,'en','core/setting/setting','email.host_placeholder','Ex: smtp.gmail.com','2022-04-20 20:01:09','2022-04-20 20:19:46'),(1235,0,'en','core/setting/setting','email.username','Username','2022-04-20 20:01:09','2022-04-20 20:19:46'),(1236,0,'en','core/setting/setting','email.username_placeholder','Username to login to mail server','2022-04-20 20:01:09','2022-04-20 20:19:46'),(1237,0,'en','core/setting/setting','email.password','Password','2022-04-20 20:01:09','2022-04-20 20:19:46'),(1238,0,'en','core/setting/setting','email.password_placeholder','Password to login to mail server','2022-04-20 20:01:09','2022-04-20 20:19:46'),(1239,0,'en','core/setting/setting','email.encryption','Encryption','2022-04-20 20:01:09','2022-04-20 20:19:46'),(1240,0,'en','core/setting/setting','email.mail_gun_domain','Domain','2022-04-20 20:01:09','2022-04-20 20:19:46'),(1241,0,'en','core/setting/setting','email.mail_gun_domain_placeholder','Domain','2022-04-20 20:01:09','2022-04-20 20:19:46'),(1242,0,'en','core/setting/setting','email.mail_gun_secret','Secret','2022-04-20 20:01:09','2022-04-20 20:19:46'),(1243,0,'en','core/setting/setting','email.mail_gun_secret_placeholder','Secret','2022-04-20 20:01:09','2022-04-20 20:19:46'),(1244,0,'en','core/setting/setting','email.mail_gun_endpoint','Endpoint','2022-04-20 20:01:09','2022-04-20 20:19:46'),(1245,0,'en','core/setting/setting','email.mail_gun_endpoint_placeholder','Endpoint','2022-04-20 20:01:09','2022-04-20 20:19:46'),(1246,0,'en','core/setting/setting','email.log_channel','Log channel','2022-04-20 20:01:09','2022-04-20 20:19:46'),(1247,0,'en','core/setting/setting','email.sendmail_path','Sendmail Path','2022-04-20 20:01:09','2022-04-20 20:19:46'),(1248,0,'en','core/setting/setting','email.encryption_placeholder','Encryption: ssl or tls','2022-04-20 20:01:09','2022-04-20 20:19:46'),(1249,0,'en','core/setting/setting','email.ses_key','Key','2022-04-20 20:01:09','2022-04-20 20:19:46'),(1250,0,'en','core/setting/setting','email.ses_key_placeholder','Key','2022-04-20 20:01:09','2022-04-20 20:19:46'),(1251,0,'en','core/setting/setting','email.ses_secret','Secret','2022-04-20 20:01:09','2022-04-20 20:19:46'),(1252,0,'en','core/setting/setting','email.ses_secret_placeholder','Secret','2022-04-20 20:01:09','2022-04-20 20:19:46'),(1253,0,'en','core/setting/setting','email.ses_region','Region','2022-04-20 20:01:09','2022-04-20 20:19:46'),(1254,0,'en','core/setting/setting','email.ses_region_placeholder','Region','2022-04-20 20:01:09','2022-04-20 20:19:46'),(1255,0,'en','core/setting/setting','email.postmark_token','Token','2022-04-20 20:01:09','2022-04-20 20:19:46'),(1256,0,'en','core/setting/setting','email.postmark_token_placeholder','Token','2022-04-20 20:01:09','2022-04-20 20:19:46'),(1257,0,'en','core/setting/setting','email.template_title','Email templates','2022-04-20 20:01:09','2022-04-20 20:19:46'),(1258,0,'en','core/setting/setting','email.template_description','Base templates for all emails','2022-04-20 20:01:09','2022-04-20 20:19:46'),(1259,0,'en','core/setting/setting','email.template_header','Email template header','2022-04-20 20:01:09','2022-04-20 20:19:46'),(1260,0,'en','core/setting/setting','email.template_header_description','Template for header of emails','2022-04-20 20:01:09','2022-04-20 20:19:46'),(1261,0,'en','core/setting/setting','email.template_footer','Email template footer','2022-04-20 20:01:09','2022-04-20 20:19:46'),(1262,0,'en','core/setting/setting','email.template_footer_description','Template for footer of emails','2022-04-20 20:01:09','2022-04-20 20:19:46'),(1263,0,'en','core/setting/setting','email.default','Default','2022-04-20 20:01:09','2022-04-20 20:19:46'),(1264,0,'en','core/setting/setting','email.using_queue_to_send_mail','Using queue job to send emails (Must to setup Queue first https://laravel.com/docs/queues#supervisor-configuration)','2022-04-20 20:01:09','2022-04-20 20:19:46'),(1265,0,'en','core/setting/setting','media.title','Media','2022-04-20 20:01:09','2022-04-20 20:19:46'),(1266,0,'en','core/setting/setting','media.driver','Driver','2022-04-20 20:01:09','2022-04-20 20:19:46'),(1267,0,'en','core/setting/setting','media.description','Settings for media','2022-04-20 20:01:09','2022-04-20 20:19:46'),(1268,0,'en','core/setting/setting','media.aws_access_key_id','AWS Access Key ID','2022-04-20 20:01:09','2022-04-20 20:19:46'),(1269,0,'en','core/setting/setting','media.aws_secret_key','AWS Secret Key','2022-04-20 20:01:09','2022-04-20 20:19:46'),(1270,0,'en','core/setting/setting','media.aws_default_region','AWS Default Region','2022-04-20 20:01:09','2022-04-20 20:19:46'),(1271,0,'en','core/setting/setting','media.aws_bucket','AWS Bucket','2022-04-20 20:01:09','2022-04-20 20:19:46'),(1272,0,'en','core/setting/setting','media.aws_url','AWS URL','2022-04-20 20:01:09','2022-04-20 20:19:46'),(1273,0,'en','core/setting/setting','media.aws_endpoint','AWS Endpoint (Optional)','2022-04-20 20:01:09','2022-04-20 20:19:46'),(1274,0,'en','core/setting/setting','media.do_spaces_access_key_id','DO Spaces Access Key ID','2022-04-20 20:01:09','2022-04-20 20:19:46'),(1275,0,'en','core/setting/setting','media.do_spaces_secret_key','DO Spaces Secret Key','2022-04-20 20:01:09','2022-04-20 20:19:46'),(1276,0,'en','core/setting/setting','media.do_spaces_default_region','DO Spaces Default Region','2022-04-20 20:01:09','2022-04-20 20:19:46'),(1277,0,'en','core/setting/setting','media.do_spaces_bucket','DO Spaces Bucket','2022-04-20 20:01:09','2022-04-20 20:19:46'),(1278,0,'en','core/setting/setting','media.do_spaces_endpoint','DO Spaces Endpoint','2022-04-20 20:01:09','2022-04-20 20:19:46'),(1279,0,'en','core/setting/setting','media.do_spaces_cdn_enabled','Is DO Spaces CDN enabled?','2022-04-20 20:01:09','2022-04-20 20:19:46'),(1280,0,'en','core/setting/setting','media.media_do_spaces_cdn_custom_domain','Do Spaces CDN custom domain','2022-04-20 20:01:09','2022-04-20 20:19:46'),(1281,0,'en','core/setting/setting','media.media_do_spaces_cdn_custom_domain_placeholder','https://your-custom-domain.com','2022-04-20 20:01:09','2022-04-20 20:19:46'),(1282,0,'en','core/setting/setting','media.wasabi_access_key_id','Wasabi Access Key ID','2022-04-20 20:01:09','2022-04-20 20:19:46'),(1283,0,'en','core/setting/setting','media.wasabi_secret_key','Wasabi Secret Key','2022-04-20 20:01:09','2022-04-20 20:19:46'),(1284,0,'en','core/setting/setting','media.wasabi_default_region','Wasabi Default Region','2022-04-20 20:01:09','2022-04-20 20:19:46'),(1285,0,'en','core/setting/setting','media.wasabi_bucket','Wasabi Bucket','2022-04-20 20:01:09','2022-04-20 20:19:46'),(1286,0,'en','core/setting/setting','media.wasabi_root','Wasabi Root','2022-04-20 20:01:09','2022-04-20 20:19:46'),(1287,0,'en','core/setting/setting','media.default_placeholder_image','Default placeholder image','2022-04-20 20:01:09','2022-04-20 20:19:46'),(1288,0,'en','core/setting/setting','media.enable_chunk','Enable chunk size upload?','2022-04-20 20:01:09','2022-04-20 20:19:46'),(1289,0,'en','core/setting/setting','media.chunk_size','Chunk size (Bytes)','2022-04-20 20:01:09','2022-04-20 20:19:46'),(1290,0,'en','core/setting/setting','media.chunk_size_placeholder','Default: 1048576 ~ 1MB','2022-04-20 20:01:09','2022-04-20 20:19:46'),(1291,0,'en','core/setting/setting','media.max_file_size','Chunk max file size (MB)','2022-04-20 20:01:09','2022-04-20 20:19:46'),(1292,0,'en','core/setting/setting','media.max_file_size_placeholder','Default: 1048576 ~ 1GB','2022-04-20 20:01:09','2022-04-20 20:19:46'),(1293,0,'en','core/setting/setting','media.enable_watermark','Enable watermark?','2022-04-20 20:01:09','2022-04-20 20:19:46'),(1294,0,'en','core/setting/setting','media.watermark_source','Watermark image','2022-04-20 20:01:09','2022-04-20 20:19:46'),(1295,0,'en','core/setting/setting','media.watermark_size','Size of watermark (%)','2022-04-20 20:01:09','2022-04-20 20:19:46'),(1296,0,'en','core/setting/setting','media.watermark_size_placeholder','Default: 10 (%)','2022-04-20 20:01:09','2022-04-20 20:19:46'),(1297,0,'en','core/setting/setting','media.watermark_opacity','Watermark Opacity (%)','2022-04-20 20:01:09','2022-04-20 20:19:46'),(1298,0,'en','core/setting/setting','media.watermark_opacity_placeholder','Default: 70 (%)','2022-04-20 20:01:09','2022-04-20 20:19:46'),(1299,0,'en','core/setting/setting','media.watermark_position','Watermark position','2022-04-20 20:01:09','2022-04-20 20:19:46'),(1300,0,'en','core/setting/setting','media.watermark_position_x','Watermark position X','2022-04-20 20:01:09','2022-04-20 20:19:46'),(1301,0,'en','core/setting/setting','media.watermark_position_y','Watermark position Y','2022-04-20 20:01:09','2022-04-20 20:19:46'),(1302,0,'en','core/setting/setting','media.watermark_position_top_left','Top left','2022-04-20 20:01:09','2022-04-20 20:19:46'),(1303,0,'en','core/setting/setting','media.watermark_position_top_right','Top right','2022-04-20 20:01:09','2022-04-20 20:19:46'),(1304,0,'en','core/setting/setting','media.watermark_position_bottom_left','Bottom left','2022-04-20 20:01:09','2022-04-20 20:19:46'),(1305,0,'en','core/setting/setting','media.watermark_position_bottom_right','Bottom right','2022-04-20 20:01:09','2022-04-20 20:19:46'),(1306,0,'en','core/setting/setting','media.watermark_position_center','Center','2022-04-20 20:01:09','2022-04-20 20:19:46'),(1307,0,'en','core/setting/setting','media.turn_off_automatic_url_translation_into_latin','Turn off automatic URL translation into Latin?','2022-04-20 20:01:09','2022-04-20 20:19:46'),(1308,0,'en','core/setting/setting','media.bunnycdn_hostname','Hostname','2022-04-20 20:01:09','2022-04-20 20:19:46'),(1309,0,'en','core/setting/setting','media.bunnycdn_zone','Zone Name (The name of your storage zone)','2022-04-20 20:01:09','2022-04-20 20:19:46'),(1310,0,'en','core/setting/setting','media.bunnycdn_key','FTP & API Access Password (The storage zone API Access Password)','2022-04-20 20:01:09','2022-04-20 20:19:46'),(1311,0,'en','core/setting/setting','media.bunnycdn_region','Region (The storage zone region)','2022-04-20 20:01:09','2022-04-20 20:19:46'),(1312,0,'en','core/setting/setting','media.optional','Optional','2022-04-20 20:01:09','2022-04-20 20:19:46'),(1313,0,'en','core/setting/setting','license.purchase_code','Purchase code','2022-04-20 20:01:09','2022-04-20 20:19:46'),(1314,0,'en','core/setting/setting','license.buyer','Buyer','2022-04-20 20:01:09','2022-04-20 20:19:46'),(1315,0,'en','core/setting/setting','field_type_not_exists','This field type does not exist','2022-04-20 20:01:09','2022-04-20 20:19:46'),(1316,0,'en','core/setting/setting','save_settings','Save settings','2022-04-20 20:01:09','2022-04-20 20:19:46'),(1317,0,'en','core/setting/setting','template','Template','2022-04-20 20:01:09','2022-04-20 20:19:46'),(1318,0,'en','core/setting/setting','description','Description','2022-04-20 20:01:09','2022-04-20 20:19:46'),(1319,0,'en','core/setting/setting','enable','Enable','2022-04-20 20:01:09','2022-04-20 20:19:46'),(1320,0,'en','core/setting/setting','send','Send','2022-04-20 20:01:09','2022-04-20 20:19:46'),(1321,0,'en','core/setting/setting','test_email_description','To send test email, please make sure you are updated configuration to send mail!','2022-04-20 20:01:09','2022-04-20 20:19:46'),(1322,0,'en','core/setting/setting','test_email_input_placeholder','Enter the email which you want to send test email.','2022-04-20 20:01:09','2022-04-20 20:19:46'),(1323,0,'en','core/setting/setting','test_email_modal_title','Send a test email','2022-04-20 20:01:09','2022-04-20 20:19:46'),(1324,0,'en','core/setting/setting','test_send_mail','Send test mail','2022-04-20 20:01:09','2022-04-20 20:19:46'),(1325,0,'en','core/setting/setting','test_email_send_success','Send email successfully!','2022-04-20 20:01:09','2022-04-20 20:19:46'),(1326,0,'en','core/setting/setting','locale_direction_ltr','Left to Right','2022-04-20 20:01:09','2022-04-20 20:19:46'),(1327,0,'en','core/setting/setting','locale_direction_rtl','Right to Left','2022-04-20 20:01:09','2022-04-20 20:19:46'),(1328,0,'en','core/setting/setting','saving','Saving...','2022-04-20 20:01:09','2022-04-20 20:19:46'),(1329,0,'en','core/setting/setting','emails_warning','You can add up to :count emails','2022-04-20 20:01:09','2022-04-20 20:19:46'),(1330,0,'en','core/setting/setting','email_add_more','Add more','2022-04-20 20:01:09','2022-04-20 20:19:46'),(1331,0,'vi','core/setting/setting','title','Cài đặt','2022-04-20 20:01:09','2022-04-20 20:19:46'),(1332,0,'vi','core/setting/setting','general.theme','Giao diện','2022-04-20 20:01:09','2022-04-20 20:19:46'),(1333,0,'vi','core/setting/setting','general.description','Cấu hình những thông tin cài đặt website.','2022-04-20 20:01:09','2022-04-20 20:19:46'),(1334,0,'vi','core/setting/setting','general.title','Thông tin chung','2022-04-20 20:01:09','2022-04-20 20:19:46'),(1335,0,'vi','core/setting/setting','general.general_block','Thông tin chung','2022-04-20 20:01:09','2022-04-20 20:19:46'),(1336,0,'vi','core/setting/setting','general.site_title','Tên trang','2022-04-20 20:01:09','2022-04-20 20:19:46'),(1337,0,'vi','core/setting/setting','general.admin_email','Email quản trị viên','2022-04-20 20:01:09','2022-04-20 20:19:46'),(1338,0,'vi','core/setting/setting','general.seo_block','Cấu hình SEO','2022-04-20 20:01:09','2022-04-20 20:19:46'),(1339,0,'vi','core/setting/setting','general.seo_title','Tiêu đề SEO','2022-04-20 20:01:09','2022-04-20 20:19:46'),(1340,0,'vi','core/setting/setting','general.seo_description','Mô tả SEO','2022-04-20 20:01:09','2022-04-20 20:19:46'),(1341,0,'vi','core/setting/setting','general.webmaster_tools_block','Google Webmaster Tools','2022-04-20 20:01:09','2022-04-20 20:19:46'),(1342,0,'vi','core/setting/setting','general.google_site_verification','Google site verification','2022-04-20 20:01:09','2022-04-20 20:19:46'),(1343,0,'vi','core/setting/setting','general.placeholder.site_title','Tên trang (tối đa 120 kí tự)','2022-04-20 20:01:09','2022-04-20 20:19:46'),(1344,0,'vi','core/setting/setting','general.placeholder.admin_email','Admin Email','2022-04-20 20:01:09','2022-04-20 20:19:46'),(1345,0,'vi','core/setting/setting','general.placeholder.google_analytics','Ví dụ: UA-42767940-2','2022-04-20 20:01:09','2022-04-20 20:19:46'),(1346,0,'vi','core/setting/setting','general.placeholder.google_site_verification','Mã xác nhận trang web dùng cho Google Webmaster Tool','2022-04-20 20:01:09','2022-04-20 20:19:46'),(1347,0,'vi','core/setting/setting','general.placeholder.seo_title','Tiêu đề SEO (tối đa 120 kí tự)','2022-04-20 20:01:09','2022-04-20 20:19:46'),(1348,0,'vi','core/setting/setting','general.placeholder.seo_description','Mô tả SEO (tối đa 120 kí tự)','2022-04-20 20:01:09','2022-04-20 20:19:46'),(1349,0,'vi','core/setting/setting','general.enable_change_admin_theme','Cho phép thay đổi giao diện quản trị?','2022-04-20 20:01:09','2022-04-20 20:19:46'),(1350,0,'vi','core/setting/setting','general.enable','Bật','2022-04-20 20:01:09','2022-04-20 20:19:46'),(1351,0,'vi','core/setting/setting','general.disable','Tắt','2022-04-20 20:01:09','2022-04-20 20:19:46'),(1352,0,'vi','core/setting/setting','general.enable_cache','Bật bộ nhớ đệm?','2022-04-20 20:01:09','2022-04-20 20:19:46'),(1353,0,'vi','core/setting/setting','general.cache_time','Thời gian lưu bộ nhớ đệm (phút)','2022-04-20 20:01:09','2022-04-20 20:19:46'),(1354,0,'vi','core/setting/setting','general.cache_time_site_map','Thời gian lưu sơ đồ trang trong bộ nhớ đệm','2022-04-20 20:01:09','2022-04-20 20:19:46'),(1355,0,'vi','core/setting/setting','general.admin_logo','Logo trang quản trị','2022-04-20 20:01:09','2022-04-20 20:19:46'),(1356,0,'vi','core/setting/setting','general.admin_title','Tiêu đề trang quản trị','2022-04-20 20:01:09','2022-04-20 20:19:46'),(1357,0,'vi','core/setting/setting','general.admin_title_placeholder','Tiêu đề hiển thị trên thẻ trình duyệt','2022-04-20 20:01:09','2022-04-20 20:19:46'),(1358,0,'vi','core/setting/setting','general.rich_editor','Bộ soạn thảo văn bản','2022-04-20 20:01:09','2022-04-20 20:19:46'),(1359,0,'vi','core/setting/setting','general.cache_block','Bộ nhớ đệm','2022-04-20 20:01:09','2022-04-20 20:19:46'),(1360,0,'vi','core/setting/setting','general.yes','Bật','2022-04-20 20:01:09','2022-04-20 20:19:46'),(1361,0,'vi','core/setting/setting','general.no','Tắt','2022-04-20 20:01:09','2022-04-20 20:19:46'),(1362,0,'vi','core/setting/setting','email.subject','Tiêu đề','2022-04-20 20:01:09','2022-04-20 20:19:46'),(1363,0,'vi','core/setting/setting','email.content','Nội dung','2022-04-20 20:01:09','2022-04-20 20:19:46'),(1364,0,'vi','core/setting/setting','email.title','Cấu hình email template','2022-04-20 20:01:09','2022-04-20 20:19:46'),(1365,0,'vi','core/setting/setting','email.description','Cấu trúc file template sử dụng HTML và các biến trong hệ thống.','2022-04-20 20:01:09','2022-04-20 20:19:46'),(1366,0,'vi','core/setting/setting','email.reset_to_default','Khôi phục về mặc định','2022-04-20 20:01:09','2022-04-20 20:19:46'),(1367,0,'vi','core/setting/setting','email.back','Trở lại trang cài đặt','2022-04-20 20:01:09','2022-04-20 20:19:46'),(1368,0,'vi','core/setting/setting','email.reset_success','Khôi phục mặc định thành công','2022-04-20 20:01:09','2022-04-20 20:19:46'),(1369,0,'vi','core/setting/setting','email.confirm_reset','Xác nhận khôi phục mặc định?','2022-04-20 20:01:09','2022-04-20 20:19:46'),(1370,0,'vi','core/setting/setting','email.confirm_message','Bạn có chắc chắn muốn khôi phục về bản mặc định?','2022-04-20 20:01:09','2022-04-20 20:19:46'),(1371,0,'vi','core/setting/setting','email.continue','Tiếp tục','2022-04-20 20:01:09','2022-04-20 20:19:46'),(1372,0,'vi','core/setting/setting','email.sender_name','Tên người gửi','2022-04-20 20:01:09','2022-04-20 20:19:46'),(1373,0,'vi','core/setting/setting','email.sender_name_placeholder','Tên','2022-04-20 20:01:09','2022-04-20 20:19:46'),(1374,0,'vi','core/setting/setting','email.sender_email','Email của người gửi','2022-04-20 20:01:09','2022-04-20 20:19:46'),(1375,0,'vi','core/setting/setting','email.port','Cổng','2022-04-20 20:01:09','2022-04-20 20:19:46'),(1376,0,'vi','core/setting/setting','email.port_placeholder','Ví dụ: 587','2022-04-20 20:01:09','2022-04-20 20:19:46'),(1377,0,'vi','core/setting/setting','email.host','Máy chủ','2022-04-20 20:01:09','2022-04-20 20:19:46'),(1378,0,'vi','core/setting/setting','email.host_placeholder','Ví dụ: smtp.gmail.com','2022-04-20 20:01:09','2022-04-20 20:19:46'),(1379,0,'vi','core/setting/setting','email.username','Tên đăng nhập','2022-04-20 20:01:09','2022-04-20 20:19:46'),(1380,0,'vi','core/setting/setting','email.username_placeholder','Tên đăng nhập vào máy chủ mail','2022-04-20 20:01:09','2022-04-20 20:19:46'),(1381,0,'vi','core/setting/setting','email.password','Mật khẩu','2022-04-20 20:01:09','2022-04-20 20:19:46'),(1382,0,'vi','core/setting/setting','email.password_placeholder','Mật khẩu đăng nhập vào máy chủ mail','2022-04-20 20:01:09','2022-04-20 20:19:46'),(1383,0,'vi','core/setting/setting','email.encryption','Mã hoá','2022-04-20 20:01:09','2022-04-20 20:19:46'),(1384,0,'vi','core/setting/setting','email.mail_gun_domain','Tên miền','2022-04-20 20:01:09','2022-04-20 20:19:46'),(1385,0,'vi','core/setting/setting','email.mail_gun_domain_placeholder','Tên miền','2022-04-20 20:01:09','2022-04-20 20:19:46'),(1386,0,'vi','core/setting/setting','email.mail_gun_secret','Chuỗi bí mật','2022-04-20 20:01:09','2022-04-20 20:19:46'),(1387,0,'vi','core/setting/setting','email.mail_gun_secret_placeholder','Chuỗi bí mật','2022-04-20 20:01:09','2022-04-20 20:19:46'),(1388,0,'vi','core/setting/setting','email.template_title','Mẫu giao diện email','2022-04-20 20:01:09','2022-04-20 20:19:46'),(1389,0,'vi','core/setting/setting','email.template_description','Giao diện mặc định cho tất cả email','2022-04-20 20:01:09','2022-04-20 20:19:46'),(1390,0,'vi','core/setting/setting','email.template_header','Mẫu cho phần trên của email','2022-04-20 20:01:09','2022-04-20 20:19:46'),(1391,0,'vi','core/setting/setting','email.template_header_description','Phần trên của tất cả email','2022-04-20 20:01:09','2022-04-20 20:19:46'),(1392,0,'vi','core/setting/setting','email.template_footer','Mẫu cho phần dưới của email','2022-04-20 20:01:09','2022-04-20 20:19:46'),(1393,0,'vi','core/setting/setting','email.template_footer_description','Phần dưới của tất cả email','2022-04-20 20:01:09','2022-04-20 20:19:46'),(1394,0,'vi','core/setting/setting','save_settings','Lưu cài đặt','2022-04-20 20:01:09','2022-04-20 20:19:46'),(1395,0,'vi','core/setting/setting','template','Mẫu','2022-04-20 20:01:09','2022-04-20 20:19:46'),(1396,0,'vi','core/setting/setting','description','Mô tả','2022-04-20 20:01:09','2022-04-20 20:19:46'),(1397,0,'vi','core/setting/setting','enable','Bật','2022-04-20 20:01:09','2022-04-20 20:19:46'),(1398,0,'vi','core/setting/setting','test_send_mail','Gửi thử nghiệm','2022-04-20 20:01:09','2022-04-20 20:19:46'),(1399,0,'en','core/table/general','operations','Operations','2022-04-20 20:01:09','2022-04-20 20:19:46'),(1400,0,'en','core/table/general','loading_data','Loading data from server','2022-04-20 20:01:10','2022-04-20 20:19:46'),(1401,0,'en','core/table/general','display','Display','2022-04-20 20:01:10','2022-04-20 20:19:46'),(1402,0,'en','core/table/general','all','All','2022-04-20 20:01:10','2022-04-20 20:19:46'),(1403,0,'en','core/table/general','edit_entry','Edit','2022-04-20 20:01:10','2022-04-20 20:19:46'),(1404,0,'en','core/table/general','delete_entry','Delete','2022-04-20 20:01:10','2022-04-20 20:19:46'),(1405,0,'en','core/table/general','show_from','Showing from','2022-04-20 20:01:10','2022-04-20 20:19:46'),(1406,0,'en','core/table/general','to','to','2022-04-20 20:01:10','2022-04-20 20:19:46'),(1407,0,'en','core/table/general','in','in','2022-04-20 20:01:10','2022-04-20 20:19:46'),(1408,0,'en','core/table/general','records','records','2022-04-20 20:01:10','2022-04-20 20:19:46'),(1409,0,'en','core/table/general','no_data','No data to display','2022-04-20 20:01:10','2022-04-20 20:19:46'),(1410,0,'en','core/table/general','no_record','No record','2022-04-20 20:01:10','2022-04-20 20:19:46'),(1411,0,'en','core/table/general','loading','Loading data from server','2022-04-20 20:01:10','2022-04-20 20:19:46'),(1412,0,'en','core/table/general','confirm_delete','Confirm delete','2022-04-20 20:01:10','2022-04-20 20:19:46'),(1413,0,'en','core/table/general','confirm_delete_msg','Do you really want to delete this record?','2022-04-20 20:01:10','2022-04-20 20:19:46'),(1414,0,'en','core/table/general','cancel','Cancel','2022-04-20 20:01:10','2022-04-20 20:19:46'),(1415,0,'en','core/table/general','delete','Delete','2022-04-20 20:01:10','2022-04-20 20:19:46'),(1416,0,'en','core/table/general','close','Close','2022-04-20 20:01:10','2022-04-20 20:19:46'),(1417,0,'en','core/table/general','contains','Contains','2022-04-20 20:01:10','2022-04-20 20:19:46'),(1418,0,'en','core/table/general','is_equal_to','Is equal to','2022-04-20 20:01:10','2022-04-20 20:19:46'),(1419,0,'en','core/table/general','greater_than','Greater than','2022-04-20 20:01:10','2022-04-20 20:19:46'),(1420,0,'en','core/table/general','less_than','Less than','2022-04-20 20:01:10','2022-04-20 20:19:46'),(1421,0,'en','core/table/general','value','Value','2022-04-20 20:01:10','2022-04-20 20:19:46'),(1422,0,'en','core/table/general','select_field','Select field','2022-04-20 20:01:10','2022-04-20 20:19:46'),(1423,0,'en','core/table/general','reset','Reset','2022-04-20 20:01:10','2022-04-20 20:19:46'),(1424,0,'en','core/table/general','add_additional_filter','Add additional filter','2022-04-20 20:01:10','2022-04-20 20:19:46'),(1425,0,'en','core/table/general','apply','Apply','2022-04-20 20:01:10','2022-04-20 20:19:46'),(1426,0,'en','core/table/general','filters','Filters','2022-04-20 20:01:10','2022-04-20 20:19:46'),(1427,0,'en','core/table/general','bulk_change','Bulk changes','2022-04-20 20:01:10','2022-04-20 20:19:46'),(1428,0,'en','core/table/general','select_option','Select option','2022-04-20 20:01:10','2022-04-20 20:19:46'),(1429,0,'en','core/table/general','bulk_actions','Bulk Actions','2022-04-20 20:01:10','2022-04-20 20:19:46'),(1430,0,'en','core/table/general','save_bulk_change_success','Update data for selected record(s) successfully!','2022-04-20 20:01:10','2022-04-20 20:19:46'),(1431,0,'en','core/table/general','please_select_record','Please select at least one record to perform this action!','2022-04-20 20:01:10','2022-04-20 20:19:46'),(1432,0,'en','core/table/general','filtered','(filtered from _MAX_ total records)','2022-04-20 20:01:10','2022-04-20 20:19:46'),(1433,0,'en','core/table/general','search','Search...','2022-04-20 20:01:10','2022-04-20 20:19:46'),(1434,0,'en','core/table/table','operations','Operations','2022-04-20 20:01:10','2022-04-20 20:19:46'),(1435,0,'en','core/table/table','loading_data','Loading data from server','2022-04-20 20:01:10','2022-04-20 20:19:46'),(1436,0,'en','core/table/table','display','Display','2022-04-20 20:01:10','2022-04-20 20:19:46'),(1437,0,'en','core/table/table','all','All','2022-04-20 20:01:10','2022-04-20 20:19:46'),(1438,0,'en','core/table/table','edit_entry','Edit','2022-04-20 20:01:10','2022-04-20 20:19:46'),(1439,0,'en','core/table/table','delete_entry','Delete','2022-04-20 20:01:10','2022-04-20 20:19:46'),(1440,0,'en','core/table/table','show_from','Showing from','2022-04-20 20:01:10','2022-04-20 20:19:46'),(1441,0,'en','core/table/table','to','to','2022-04-20 20:01:10','2022-04-20 20:19:46'),(1442,0,'en','core/table/table','in','in','2022-04-20 20:01:10','2022-04-20 20:19:46'),(1443,0,'en','core/table/table','records','records','2022-04-20 20:01:10','2022-04-20 20:19:46'),(1444,0,'en','core/table/table','no_data','No data to display','2022-04-20 20:01:10','2022-04-20 20:19:46'),(1445,0,'en','core/table/table','no_record','No record','2022-04-20 20:01:10','2022-04-20 20:19:46'),(1446,0,'en','core/table/table','loading','Loading data from server','2022-04-20 20:01:10','2022-04-20 20:19:46'),(1447,0,'en','core/table/table','confirm_delete','Confirm delete','2022-04-20 20:01:10','2022-04-20 20:19:46'),(1448,0,'en','core/table/table','confirm_delete_msg','Do you really want to delete this record?','2022-04-20 20:01:10','2022-04-20 20:19:46'),(1449,0,'en','core/table/table','cancel','Cancel','2022-04-20 20:01:10','2022-04-20 20:19:46'),(1450,0,'en','core/table/table','delete','Delete','2022-04-20 20:01:10','2022-04-20 20:19:46'),(1451,0,'en','core/table/table','close','Close','2022-04-20 20:01:10','2022-04-20 20:19:46'),(1452,0,'en','core/table/table','contains','Contains','2022-04-20 20:01:10','2022-04-20 20:19:46'),(1453,0,'en','core/table/table','is_equal_to','Is equal to','2022-04-20 20:01:10','2022-04-20 20:19:46'),(1454,0,'en','core/table/table','greater_than','Greater than','2022-04-20 20:01:10','2022-04-20 20:19:46'),(1455,0,'en','core/table/table','less_than','Less than','2022-04-20 20:01:10','2022-04-20 20:19:46'),(1456,0,'en','core/table/table','value','Value','2022-04-20 20:01:10','2022-04-20 20:19:46'),(1457,0,'en','core/table/table','select_field','Select field','2022-04-20 20:01:10','2022-04-20 20:19:46'),(1458,0,'en','core/table/table','reset','Reset','2022-04-20 20:01:10','2022-04-20 20:19:46'),(1459,0,'en','core/table/table','add_additional_filter','Add additional filter','2022-04-20 20:01:10','2022-04-20 20:19:46'),(1460,0,'en','core/table/table','apply','Apply','2022-04-20 20:01:10','2022-04-20 20:19:46'),(1461,0,'en','core/table/table','filters','Filters','2022-04-20 20:01:10','2022-04-20 20:19:46'),(1462,0,'en','core/table/table','bulk_change','Bulk changes','2022-04-20 20:01:10','2022-04-20 20:19:46'),(1463,0,'en','core/table/table','select_option','Select option','2022-04-20 20:01:10','2022-04-20 20:19:46'),(1464,0,'en','core/table/table','bulk_actions','Bulk Actions','2022-04-20 20:01:10','2022-04-20 20:19:46'),(1465,0,'en','core/table/table','save_bulk_change_success','Update data for selected record(s) successfully!','2022-04-20 20:01:10','2022-04-20 20:19:46'),(1466,0,'en','core/table/table','please_select_record','Please select at least one record to perform this action!','2022-04-20 20:01:10','2022-04-20 20:19:46'),(1467,0,'en','core/table/table','filtered','(filtered from _MAX_ total records)','2022-04-20 20:01:10','2022-04-20 20:19:46'),(1468,0,'en','core/table/table','search','Search...','2022-04-20 20:01:10','2022-04-20 20:19:46'),(1469,0,'vi','core/table/general','operations','Hành động','2022-04-20 20:01:10','2022-04-20 20:19:46'),(1470,0,'vi','core/table/general','loading_data','Đang tải dữ liệu từ hệ thống','2022-04-20 20:01:10','2022-04-20 20:19:46'),(1471,0,'vi','core/table/general','display','Hiển thị','2022-04-20 20:01:10','2022-04-20 20:19:46'),(1472,0,'vi','core/table/general','all','Tất cả','2022-04-20 20:01:10','2022-04-20 20:19:46'),(1473,0,'vi','core/table/general','edit_entry','Sửa','2022-04-20 20:01:10','2022-04-20 20:19:46'),(1474,0,'vi','core/table/general','delete_entry','Xoá','2022-04-20 20:01:10','2022-04-20 20:19:46'),(1475,0,'vi','core/table/general','show_from','Hiển thị từ','2022-04-20 20:01:10','2022-04-20 20:19:46'),(1476,0,'vi','core/table/general','to','đến','2022-04-20 20:01:10','2022-04-20 20:19:46'),(1477,0,'vi','core/table/general','in','trong tổng số','2022-04-20 20:01:10','2022-04-20 20:19:46'),(1478,0,'vi','core/table/general','records','bản ghi','2022-04-20 20:01:10','2022-04-20 20:19:46'),(1479,0,'vi','core/table/general','no_data','Không có dữ liệu để hiển thị','2022-04-20 20:01:10','2022-04-20 20:19:46'),(1480,0,'vi','core/table/general','no_record','không có bản ghi nào','2022-04-20 20:01:10','2022-04-20 20:19:46'),(1481,0,'vi','core/table/general','loading','Đang tải dữ liệu từ hệ thống','2022-04-20 20:01:10','2022-04-20 20:19:46'),(1482,0,'vi','core/table/general','confirm_delete','Xác nhận xoá','2022-04-20 20:01:10','2022-04-20 20:19:46'),(1483,0,'vi','core/table/general','confirm_delete_msg','Bạn có chắc chắn muốn xoá bản ghi này?','2022-04-20 20:01:10','2022-04-20 20:19:46'),(1484,0,'vi','core/table/general','cancel','Huỷ bỏ','2022-04-20 20:01:10','2022-04-20 20:19:46'),(1485,0,'vi','core/table/general','delete','Xoá','2022-04-20 20:01:10','2022-04-20 20:19:46'),(1486,0,'vi','core/table/general','close','Đóng','2022-04-20 20:01:10','2022-04-20 20:19:46'),(1487,0,'vi','core/table/general','is_equal_to','Bằng với','2022-04-20 20:01:10','2022-04-20 20:19:46'),(1488,0,'vi','core/table/general','greater_than','Lớn hơn','2022-04-20 20:01:10','2022-04-20 20:19:46'),(1489,0,'vi','core/table/general','less_than','Nhỏ hơn','2022-04-20 20:01:10','2022-04-20 20:19:46'),(1490,0,'vi','core/table/general','value','Giá trị','2022-04-20 20:01:10','2022-04-20 20:19:46'),(1491,0,'vi','core/table/general','select_field','Chọn trường','2022-04-20 20:01:10','2022-04-20 20:19:46'),(1492,0,'vi','core/table/general','reset','Làm mới','2022-04-20 20:01:10','2022-04-20 20:19:46'),(1493,0,'vi','core/table/general','add_additional_filter','Thêm bộ lọc','2022-04-20 20:01:10','2022-04-20 20:19:46'),(1494,0,'vi','core/table/general','apply','Áp dụng','2022-04-20 20:01:10','2022-04-20 20:19:46'),(1495,0,'vi','core/table/general','select_option','Lựa chọn','2022-04-20 20:01:10','2022-04-20 20:19:46'),(1496,0,'vi','core/table/general','filters','Lọc dữ liệu','2022-04-20 20:01:10','2022-04-20 20:19:46'),(1497,0,'vi','core/table/general','bulk_change','Thay đổi hàng loạt','2022-04-20 20:01:10','2022-04-20 20:19:46'),(1498,0,'vi','core/table/general','bulk_actions','Hành động','2022-04-20 20:01:10','2022-04-20 20:19:46'),(1499,0,'vi','core/table/general','contains','Bao gồm','2022-04-20 20:01:10','2022-04-20 20:19:46'),(1500,0,'vi','core/table/general','filtered','(đã được lọc từ _MAX_ bản ghi)','2022-04-20 20:01:10','2022-04-20 20:19:46'),(1501,0,'en','packages/menu/menu','name','Menus','2022-04-20 20:01:10','2022-04-20 20:19:46'),(1502,0,'en','packages/menu/menu','key_name','Menu name (key: :key)','2022-04-20 20:01:10','2022-04-20 20:19:46'),(1503,0,'en','packages/menu/menu','basic_info','Basic information','2022-04-20 20:01:10','2022-04-20 20:19:46'),(1504,0,'en','packages/menu/menu','add_to_menu','Add to menu','2022-04-20 20:01:10','2022-04-20 20:19:46'),(1505,0,'en','packages/menu/menu','custom_link','Custom link','2022-04-20 20:01:10','2022-04-20 20:19:46'),(1506,0,'en','packages/menu/menu','add_link','Add link','2022-04-20 20:01:10','2022-04-20 20:19:46'),(1507,0,'en','packages/menu/menu','structure','Menu structure','2022-04-20 20:01:10','2022-04-20 20:19:46'),(1508,0,'en','packages/menu/menu','remove','Remove','2022-04-20 20:01:10','2022-04-20 20:19:46'),(1509,0,'en','packages/menu/menu','cancel','Cancel','2022-04-20 20:01:10','2022-04-20 20:19:46'),(1510,0,'en','packages/menu/menu','title','Title','2022-04-20 20:01:10','2022-04-20 20:19:46'),(1511,0,'en','packages/menu/menu','icon','Icon','2022-04-20 20:01:10','2022-04-20 20:19:46'),(1512,0,'en','packages/menu/menu','url','URL','2022-04-20 20:01:10','2022-04-20 20:19:46'),(1513,0,'en','packages/menu/menu','target','Target','2022-04-20 20:01:10','2022-04-20 20:19:46'),(1514,0,'en','packages/menu/menu','css_class','CSS class','2022-04-20 20:01:10','2022-04-20 20:19:46'),(1515,0,'en','packages/menu/menu','self_open_link','Open link directly','2022-04-20 20:01:10','2022-04-20 20:19:46'),(1516,0,'en','packages/menu/menu','blank_open_link','Open link in new tab','2022-04-20 20:01:10','2022-04-20 20:19:46'),(1517,0,'en','packages/menu/menu','create','Create menu','2022-04-20 20:01:10','2022-04-20 20:19:46'),(1518,0,'en','packages/menu/menu','edit','Edit menu','2022-04-20 20:01:10','2022-04-20 20:19:46'),(1519,0,'en','packages/menu/menu','menu_settings','Menu settings','2022-04-20 20:01:10','2022-04-20 20:19:46'),(1520,0,'en','packages/menu/menu','display_location','Display location','2022-04-20 20:01:10','2022-04-20 20:19:46'),(1521,0,'vi','packages/menu/menu','name','Menu','2022-04-20 20:01:10','2022-04-20 20:19:46'),(1522,0,'vi','packages/menu/menu','cancel','Hủy bỏ','2022-04-20 20:01:10','2022-04-20 20:19:46'),(1523,0,'vi','packages/menu/menu','add_link','Thêm liên kết','2022-04-20 20:01:10','2022-04-20 20:19:46'),(1524,0,'vi','packages/menu/menu','add_to_menu','Thêm vào trình đơn','2022-04-20 20:01:10','2022-04-20 20:19:46'),(1525,0,'vi','packages/menu/menu','basic_info','Thông tin cơ bản','2022-04-20 20:01:10','2022-04-20 20:19:46'),(1526,0,'vi','packages/menu/menu','blank_open_link','Mở liên kết trong tab mới','2022-04-20 20:01:10','2022-04-20 20:19:46'),(1527,0,'vi','packages/menu/menu','css_class','CSS class','2022-04-20 20:01:10','2022-04-20 20:19:46'),(1528,0,'vi','packages/menu/menu','custom_link','Liên kết tùy chọn','2022-04-20 20:01:10','2022-04-20 20:19:46'),(1529,0,'vi','packages/menu/menu','icon','Biểu tượng','2022-04-20 20:01:10','2022-04-20 20:19:46'),(1530,0,'vi','packages/menu/menu','key_name','Tên menu (key::key)','2022-04-20 20:01:10','2022-04-20 20:19:46'),(1531,0,'vi','packages/menu/menu','remove','Xóa','2022-04-20 20:01:10','2022-04-20 20:19:46'),(1532,0,'vi','packages/menu/menu','self_open_link','Mở liên kết trong tab hiện tại','2022-04-20 20:01:10','2022-04-20 20:19:46'),(1533,0,'vi','packages/menu/menu','structure','Cấu trúc trình đơn','2022-04-20 20:01:10','2022-04-20 20:19:46'),(1534,0,'vi','packages/menu/menu','target','Target','2022-04-20 20:01:10','2022-04-20 20:19:46'),(1535,0,'vi','packages/menu/menu','title','Tiêu đề','2022-04-20 20:01:10','2022-04-20 20:19:46'),(1536,0,'vi','packages/menu/menu','url','URL','2022-04-20 20:01:10','2022-04-20 20:19:46'),(1537,0,'vi','packages/menu/menu','create','Tạo trình đơn','2022-04-20 20:01:10','2022-04-20 20:19:46'),(1538,0,'vi','packages/menu/menu','edit','Sửa trình đơn','2022-04-20 20:01:10','2022-04-20 20:19:46'),(1539,0,'en','packages/page/pages','create','Create new page','2022-04-20 20:01:10','2022-04-20 20:19:46'),(1540,0,'en','packages/page/pages','edit','Edit page','2022-04-20 20:01:10','2022-04-20 20:19:46'),(1541,0,'en','packages/page/pages','form.name','Name','2022-04-20 20:01:10','2022-04-20 20:19:46'),(1542,0,'en','packages/page/pages','form.name_placeholder','Page\'s name (Maximum 120 characters)','2022-04-20 20:01:10','2022-04-20 20:19:46'),(1543,0,'en','packages/page/pages','form.content','Content','2022-04-20 20:01:10','2022-04-20 20:19:46'),(1544,0,'en','packages/page/pages','form.note','Note content','2022-04-20 20:01:10','2022-04-20 20:19:46'),(1545,0,'en','packages/page/pages','notices.no_select','Please select at least one record to take this action!','2022-04-20 20:01:10','2022-04-20 20:19:46'),(1546,0,'en','packages/page/pages','notices.update_success_message','Update successfully','2022-04-20 20:01:10','2022-04-20 20:19:46'),(1547,0,'en','packages/page/pages','cannot_delete','Page could not be deleted','2022-04-20 20:01:10','2022-04-20 20:19:46'),(1548,0,'en','packages/page/pages','deleted','Page deleted','2022-04-20 20:01:10','2022-04-20 20:19:46'),(1549,0,'en','packages/page/pages','pages','Pages','2022-04-20 20:01:10','2022-04-20 20:19:46'),(1550,0,'en','packages/page/pages','menu','Pages','2022-04-20 20:01:10','2022-04-20 20:19:46'),(1551,0,'en','packages/page/pages','menu_name','Pages','2022-04-20 20:01:10','2022-04-20 20:19:46'),(1552,0,'en','packages/page/pages','edit_this_page','Edit this page','2022-04-20 20:01:10','2022-04-20 20:19:46'),(1553,0,'en','packages/page/pages','total_pages','Total pages','2022-04-20 20:01:10','2022-04-20 20:19:46'),(1554,0,'en','packages/page/pages','settings.show_on_front','Your homepage displays','2022-04-20 20:01:10','2022-04-20 20:19:46'),(1555,0,'en','packages/page/pages','settings.select','— Select —','2022-04-20 20:01:10','2022-04-20 20:19:46'),(1556,0,'en','packages/page/pages','front_page','Front Page','2022-04-20 20:01:10','2022-04-20 20:19:46'),(1557,0,'vi','packages/page/pages','create','Thêm trang','2022-04-20 20:01:10','2022-04-20 20:19:46'),(1558,0,'vi','packages/page/pages','edit','Sửa trang','2022-04-20 20:01:10','2022-04-20 20:19:46'),(1559,0,'vi','packages/page/pages','form.name','Tiêu đề trang','2022-04-20 20:01:10','2022-04-20 20:19:46'),(1560,0,'vi','packages/page/pages','form.note','Nội dung ghi chú','2022-04-20 20:01:10','2022-04-20 20:19:46'),(1561,0,'vi','packages/page/pages','form.name_placeholder','Tên trang (tối đa 120 kí tự)','2022-04-20 20:01:10','2022-04-20 20:19:46'),(1562,0,'vi','packages/page/pages','form.content','Nội dung','2022-04-20 20:01:10','2022-04-20 20:19:46'),(1563,0,'vi','packages/page/pages','notices.no_select','Chọn ít nhất 1 trang để thực hiện hành động này!','2022-04-20 20:01:10','2022-04-20 20:19:46'),(1564,0,'vi','packages/page/pages','notices.update_success_message','Cập nhật thành công','2022-04-20 20:01:10','2022-04-20 20:19:46'),(1565,0,'vi','packages/page/pages','deleted','Xóa trang thành công','2022-04-20 20:01:10','2022-04-20 20:19:46'),(1566,0,'vi','packages/page/pages','cannot_delete','Không thể xóa trang','2022-04-20 20:01:10','2022-04-20 20:19:46'),(1567,0,'vi','packages/page/pages','menu','Trang','2022-04-20 20:01:10','2022-04-20 20:19:46'),(1568,0,'vi','packages/page/pages','menu_name','Trang','2022-04-20 20:01:10','2022-04-20 20:19:46'),(1569,0,'vi','packages/page/pages','edit_this_page','Sửa trang này','2022-04-20 20:01:10','2022-04-20 20:19:46'),(1570,0,'vi','packages/page/pages','pages','Trang','2022-04-20 20:01:10','2022-04-20 20:19:46'),(1571,0,'en','packages/plugin-management/plugin','enabled','Enabled','2022-04-20 20:01:10','2022-04-20 20:19:46'),(1572,0,'en','packages/plugin-management/plugin','deactivated','Deactivated','2022-04-20 20:01:10','2022-04-20 20:19:46'),(1573,0,'en','packages/plugin-management/plugin','activated','Activated','2022-04-20 20:01:10','2022-04-20 20:19:46'),(1574,0,'en','packages/plugin-management/plugin','activate','Activate','2022-04-20 20:01:10','2022-04-20 20:19:46'),(1575,0,'en','packages/plugin-management/plugin','deactivate','Deactivate','2022-04-20 20:01:10','2022-04-20 20:19:46'),(1576,0,'en','packages/plugin-management/plugin','author','By','2022-04-20 20:01:10','2022-04-20 20:19:46'),(1577,0,'en','packages/plugin-management/plugin','update_plugin_status_success','Update plugin successfully','2022-04-20 20:01:10','2022-04-20 20:19:46'),(1578,0,'en','packages/plugin-management/plugin','plugins','Plugins','2022-04-20 20:01:10','2022-04-20 20:19:46'),(1579,0,'en','packages/plugin-management/plugin','missing_required_plugins','Please activate plugin(s): :plugins before activate this plugin!','2022-04-20 20:01:10','2022-04-20 20:19:46'),(1580,0,'en','packages/plugin-management/plugin','remove','Remove','2022-04-20 20:01:10','2022-04-20 20:19:46'),(1581,0,'en','packages/plugin-management/plugin','remove_plugin_success','Remove plugin successfully!','2022-04-20 20:01:10','2022-04-20 20:19:46'),(1582,0,'en','packages/plugin-management/plugin','remove_plugin','Remove plugin','2022-04-20 20:01:10','2022-04-20 20:19:46'),(1583,0,'en','packages/plugin-management/plugin','remove_plugin_confirm_message','Do you really want to remove this plugin?','2022-04-20 20:01:10','2022-04-20 20:19:46'),(1584,0,'en','packages/plugin-management/plugin','remove_plugin_confirm_yes','Yes, remove it!','2022-04-20 20:01:10','2022-04-20 20:19:46'),(1585,0,'en','packages/plugin-management/plugin','total_plugins','Total plugins','2022-04-20 20:01:10','2022-04-20 20:19:46'),(1586,0,'en','packages/plugin-management/plugin','invalid_plugin','This plugin is not a valid plugin, please check it again!','2022-04-20 20:01:10','2022-04-20 20:19:46'),(1587,0,'en','packages/plugin-management/plugin','version','Version','2022-04-20 20:01:10','2022-04-20 20:19:46'),(1588,0,'en','packages/plugin-management/plugin','invalid_json','Invalid plugin.json!','2022-04-20 20:01:10','2022-04-20 20:19:46'),(1589,0,'en','packages/plugin-management/plugin','activate_success','Activate plugin successfully!','2022-04-20 20:01:10','2022-04-20 20:19:46'),(1590,0,'en','packages/plugin-management/plugin','activated_already','This plugin is activated already!','2022-04-20 20:01:10','2022-04-20 20:19:46'),(1591,0,'en','packages/plugin-management/plugin','plugin_not_exist','This plugin is not exists.','2022-04-20 20:01:10','2022-04-20 20:19:46'),(1592,0,'en','packages/plugin-management/plugin','missing_json_file','Missing file plugin.json!','2022-04-20 20:01:10','2022-04-20 20:19:46'),(1593,0,'en','packages/plugin-management/plugin','plugin_invalid','Plugin is valid!','2022-04-20 20:01:10','2022-04-20 20:19:46'),(1594,0,'en','packages/plugin-management/plugin','published_assets_success','Publish assets for plugin :name successfully!','2022-04-20 20:01:10','2022-04-20 20:19:46'),(1595,0,'en','packages/plugin-management/plugin','plugin_removed','Plugin has been removed!','2022-04-20 20:01:10','2022-04-20 20:19:46'),(1596,0,'en','packages/plugin-management/plugin','deactivated_success','Deactivate plugin successfully!','2022-04-20 20:01:10','2022-04-20 20:19:46'),(1597,0,'en','packages/plugin-management/plugin','deactivated_already','This plugin is deactivated already!','2022-04-20 20:01:10','2022-04-20 20:19:46'),(1598,0,'en','packages/plugin-management/plugin','folder_is_not_writeable','Cannot write files! Folder :name is not writable. Please chmod to make it writable!','2022-04-20 20:01:10','2022-04-20 20:19:46'),(1599,0,'en','packages/plugin-management/plugin','plugin_is_not_ready','Plugin :name is not ready to use','2022-04-20 20:01:10','2022-04-20 20:19:46'),(1600,0,'vi','packages/plugin-management/plugin','activate','Kích hoạt','2022-04-20 20:01:10','2022-04-20 20:19:46'),(1601,0,'vi','packages/plugin-management/plugin','author','Tác giả','2022-04-20 20:01:10','2022-04-20 20:19:46'),(1602,0,'vi','packages/plugin-management/plugin','version','Phiên bản','2022-04-20 20:01:10','2022-04-20 20:19:46'),(1603,0,'vi','packages/plugin-management/plugin','activated','Đã kích hoạt','2022-04-20 20:01:10','2022-04-20 20:19:46'),(1604,0,'vi','packages/plugin-management/plugin','deactivate','Hủy kích hoạt','2022-04-20 20:01:10','2022-04-20 20:19:46'),(1605,0,'vi','packages/plugin-management/plugin','deactivated','Đã vô hiệu','2022-04-20 20:01:10','2022-04-20 20:19:46'),(1606,0,'vi','packages/plugin-management/plugin','enabled','Kích hoạt','2022-04-20 20:01:10','2022-04-20 20:19:46'),(1607,0,'vi','packages/plugin-management/plugin','invalid_plugin','Gói mở rộng không hợp lệ','2022-04-20 20:01:10','2022-04-20 20:19:46'),(1608,0,'vi','packages/plugin-management/plugin','update_plugin_status_success','Cập nhật trạng thái gói mở rộng thành công','2022-04-20 20:01:10','2022-04-20 20:19:46'),(1609,0,'vi','packages/plugin-management/plugin','missing_required_plugins','Vui lòng kích hoạt các tiện ích mở rộng :plugins trước khi kích hoạt tiện ích này','2022-04-20 20:01:10','2022-04-20 20:19:46'),(1610,0,'vi','packages/plugin-management/plugin','plugins','Tiện ích mở rộng','2022-04-20 20:01:10','2022-04-20 20:19:46'),(1611,0,'en','packages/seo-helper/seo-helper','meta_box_header','Search Engine Optimize','2022-04-20 20:01:10','2022-04-20 20:19:46'),(1612,0,'en','packages/seo-helper/seo-helper','edit_seo_meta','Edit SEO meta','2022-04-20 20:01:10','2022-04-20 20:19:46'),(1613,0,'en','packages/seo-helper/seo-helper','default_description','Setup meta title & description to make your site easy to discovered on search engines such as Google','2022-04-20 20:01:10','2022-04-20 20:19:46'),(1614,0,'en','packages/seo-helper/seo-helper','seo_title','SEO Title','2022-04-20 20:01:10','2022-04-20 20:19:46'),(1615,0,'en','packages/seo-helper/seo-helper','seo_description','SEO description','2022-04-20 20:01:10','2022-04-20 20:19:46'),(1616,0,'vi','packages/seo-helper/seo-helper','meta_box_header','Tối ưu hoá bộ máy tìm kiếm (SEO)','2022-04-20 20:01:10','2022-04-20 20:19:46'),(1617,0,'vi','packages/seo-helper/seo-helper','edit_seo_meta','Chỉnh sửa SEO','2022-04-20 20:01:10','2022-04-20 20:19:46'),(1618,0,'vi','packages/seo-helper/seo-helper','default_description','Thiết lập các thẻ mô tả giúp người dùng dễ dàng tìm thấy trên công cụ tìm kiếm như Google.','2022-04-20 20:01:10','2022-04-20 20:19:46'),(1619,0,'vi','packages/seo-helper/seo-helper','seo_title','Tiêu đề trang','2022-04-20 20:01:10','2022-04-20 20:19:46'),(1620,0,'vi','packages/seo-helper/seo-helper','seo_description','Mô tả trang','2022-04-20 20:01:10','2022-04-20 20:19:46'),(1621,0,'en','packages/slug/slug','permalink_settings','Permalink','2022-04-20 20:01:10','2022-04-20 20:19:46'),(1622,0,'en','packages/slug/slug','settings.title','Permalink settings','2022-04-20 20:01:10','2022-04-20 20:19:46'),(1623,0,'en','packages/slug/slug','settings.description','Manage permalink for all modules.','2022-04-20 20:01:10','2022-04-20 20:19:46'),(1624,0,'en','packages/slug/slug','settings.preview','Preview','2022-04-20 20:01:10','2022-04-20 20:19:46'),(1625,0,'en','packages/slug/slug','settings.turn_off_automatic_url_translation_into_latin','Turn off automatic URL translation into Latin?','2022-04-20 20:01:10','2022-04-20 20:19:46'),(1626,0,'en','packages/slug/slug','preview','Preview','2022-04-20 20:01:10','2022-04-20 20:19:46'),(1627,0,'en','packages/slug/slug','prefix_for','Prefix for :name','2022-04-20 20:01:10','2022-04-20 20:19:46'),(1628,0,'en','packages/theme/theme','name','Themes','2022-04-20 20:01:10','2022-04-20 20:19:46'),(1629,0,'en','packages/theme/theme','theme','Theme','2022-04-20 20:01:10','2022-04-20 20:19:46'),(1630,0,'en','packages/theme/theme','author','Author','2022-04-20 20:01:10','2022-04-20 20:19:46'),(1631,0,'en','packages/theme/theme','version','Version','2022-04-20 20:01:10','2022-04-20 20:19:46'),(1632,0,'en','packages/theme/theme','description','Description','2022-04-20 20:01:11','2022-04-20 20:19:46'),(1633,0,'en','packages/theme/theme','active_success','Activate theme :name successfully!','2022-04-20 20:01:11','2022-04-20 20:19:46'),(1634,0,'en','packages/theme/theme','active','Active','2022-04-20 20:01:11','2022-04-20 20:19:46'),(1635,0,'en','packages/theme/theme','activated','Activated','2022-04-20 20:01:11','2022-04-20 20:19:46'),(1636,0,'en','packages/theme/theme','appearance','Appearance','2022-04-20 20:01:11','2022-04-20 20:19:46'),(1637,0,'en','packages/theme/theme','theme_options','Theme options','2022-04-20 20:01:11','2022-04-20 20:19:46'),(1638,0,'en','packages/theme/theme','save_changes','Save Changes','2022-04-20 20:01:11','2022-04-20 20:19:46'),(1639,0,'en','packages/theme/theme','developer_mode','Developer Mode Enabled','2022-04-20 20:01:11','2022-04-20 20:19:46'),(1640,0,'en','packages/theme/theme','custom_css','Custom CSS','2022-04-20 20:01:11','2022-04-20 20:19:46'),(1641,0,'en','packages/theme/theme','custom_js','Custom JS','2022-04-20 20:01:11','2022-04-20 20:19:46'),(1642,0,'en','packages/theme/theme','custom_header_js','Header JS','2022-04-20 20:01:11','2022-04-20 20:19:46'),(1643,0,'en','packages/theme/theme','custom_header_js_placeholder','JS in header of page, wrap it inside &#x3C;script&#x3E;&#x3C;/script&#x3E;','2022-04-20 20:01:11','2022-04-20 20:19:46'),(1644,0,'en','packages/theme/theme','custom_body_js','Body JS','2022-04-20 20:01:11','2022-04-20 20:19:46'),(1645,0,'en','packages/theme/theme','custom_body_js_placeholder','JS in body of page, wrap it inside &#x3C;script&#x3E;&#x3C;/script&#x3E;','2022-04-20 20:01:11','2022-04-20 20:19:46'),(1646,0,'en','packages/theme/theme','custom_footer_js','Footer JS','2022-04-20 20:01:11','2022-04-20 20:19:46'),(1647,0,'en','packages/theme/theme','custom_footer_js_placeholder','JS in footer of page, wrap it inside &#x3C;script&#x3E;&#x3C;/script&#x3E;','2022-04-20 20:01:11','2022-04-20 20:19:46'),(1648,0,'en','packages/theme/theme','remove_theme_success','Remove theme successfully!','2022-04-20 20:01:11','2022-04-20 20:19:46'),(1649,0,'en','packages/theme/theme','theme_is_not_existed','This theme is not existed!','2022-04-20 20:01:11','2022-04-20 20:19:46'),(1650,0,'en','packages/theme/theme','remove','Remove','2022-04-20 20:01:11','2022-04-20 20:19:46'),(1651,0,'en','packages/theme/theme','remove_theme','Remove theme','2022-04-20 20:01:11','2022-04-20 20:19:46'),(1652,0,'en','packages/theme/theme','remove_theme_confirm_message','Do you really want to remove this theme?','2022-04-20 20:01:11','2022-04-20 20:19:46'),(1653,0,'en','packages/theme/theme','remove_theme_confirm_yes','Yes, remove it!','2022-04-20 20:01:11','2022-04-20 20:19:46'),(1654,0,'en','packages/theme/theme','total_themes','Total themes','2022-04-20 20:01:11','2022-04-20 20:19:46'),(1655,0,'en','packages/theme/theme','show_admin_bar','Show admin bar (When admin logged in, still show admin bar in website)?','2022-04-20 20:01:11','2022-04-20 20:19:46'),(1656,0,'en','packages/theme/theme','settings.title','Theme','2022-04-20 20:01:11','2022-04-20 20:19:46'),(1657,0,'en','packages/theme/theme','settings.description','Setting for theme','2022-04-20 20:01:11','2022-04-20 20:19:46'),(1658,0,'en','packages/theme/theme','settings.redirect_404_to_homepage','Redirect all not found requests to homepage?','2022-04-20 20:01:11','2022-04-20 20:19:46'),(1659,0,'en','packages/theme/theme','add_new','Add new','2022-04-20 20:01:11','2022-04-20 20:19:46'),(1660,0,'en','packages/theme/theme','theme_activated_already','Theme \":name\" is activated already!','2022-04-20 20:01:11','2022-04-20 20:19:46'),(1661,0,'en','packages/theme/theme','missing_json_file','Missing file theme.json!','2022-04-20 20:01:11','2022-04-20 20:19:46'),(1662,0,'en','packages/theme/theme','theme_invalid','Theme is valid!','2022-04-20 20:01:11','2022-04-20 20:19:46'),(1663,0,'en','packages/theme/theme','published_assets_success','Publish assets for :themes successfully!','2022-04-20 20:01:11','2022-04-20 20:19:46'),(1664,0,'en','packages/theme/theme','cannot_remove_theme','Cannot remove activated theme, please activate another theme before removing \":name\"!','2022-04-20 20:01:11','2022-04-20 20:19:46'),(1665,0,'en','packages/theme/theme','theme_deleted','Theme \":name\" has been destroyed.','2022-04-20 20:01:11','2022-04-20 20:19:46'),(1666,0,'en','packages/theme/theme','removed_assets','Remove assets of a theme :name successfully!','2022-04-20 20:01:11','2022-04-20 20:19:46'),(1667,0,'en','packages/theme/theme','update_custom_css_success','Update custom CSS successfully!','2022-04-20 20:01:11','2022-04-20 20:19:46'),(1668,0,'en','packages/theme/theme','update_custom_js_success','Update custom JS successfully!','2022-04-20 20:01:11','2022-04-20 20:19:46'),(1669,0,'en','packages/theme/theme','go_to_dashboard','Go to dashboard','2022-04-20 20:01:11','2022-04-20 20:19:46'),(1670,0,'en','packages/theme/theme','custom_css_placeholder','Using Ctrl + Space to autocomplete.','2022-04-20 20:01:11','2022-04-20 20:19:46'),(1671,0,'en','packages/theme/theme','theme_option_general','General','2022-04-20 20:01:11','2022-04-20 20:19:46'),(1672,0,'en','packages/theme/theme','theme_option_general_description','General settings','2022-04-20 20:01:11','2022-04-20 20:19:46'),(1673,0,'en','packages/theme/theme','theme_option_seo_open_graph_image','SEO default Open Graph image','2022-04-20 20:01:11','2022-04-20 20:19:46'),(1674,0,'en','packages/theme/theme','theme_option_logo','Logo','2022-04-20 20:01:11','2022-04-20 20:19:46'),(1675,0,'en','packages/theme/theme','theme_option_favicon','Favicon','2022-04-20 20:01:11','2022-04-20 20:19:46'),(1676,0,'en','packages/theme/theme','folder_is_not_writeable','Cannot write files! Folder :name is not writable. Please chmod to make it writable!','2022-04-20 20:01:11','2022-04-20 20:19:46'),(1677,0,'vi','packages/theme/theme','activated','Đã kích hoạt','2022-04-20 20:01:11','2022-04-20 20:19:46'),(1678,0,'vi','packages/theme/theme','active','Kích hoạt','2022-04-20 20:01:11','2022-04-20 20:19:46'),(1679,0,'vi','packages/theme/theme','active_success','Kích hoạt giao diện thành công!','2022-04-20 20:01:11','2022-04-20 20:19:46'),(1680,0,'vi','packages/theme/theme','author','Tác giả','2022-04-20 20:01:11','2022-04-20 20:19:46'),(1681,0,'vi','packages/theme/theme','description','Mô tả','2022-04-20 20:01:11','2022-04-20 20:19:46'),(1682,0,'vi','packages/theme/theme','theme','Giao diện','2022-04-20 20:01:11','2022-04-20 20:19:46'),(1683,0,'vi','packages/theme/theme','theme_options','Tuỳ chọn giao diện','2022-04-20 20:01:11','2022-04-20 20:19:46'),(1684,0,'vi','packages/theme/theme','version','Phiên bản','2022-04-20 20:01:11','2022-04-20 20:19:46'),(1685,0,'vi','packages/theme/theme','save_changes','Lưu thay đổi','2022-04-20 20:01:11','2022-04-20 20:19:46'),(1686,0,'vi','packages/theme/theme','developer_mode','Đang kích hoạt chế độ thử nghiệm','2022-04-20 20:01:11','2022-04-20 20:19:46'),(1687,0,'vi','packages/theme/theme','custom_css','Tuỳ chỉnh CSS','2022-04-20 20:01:11','2022-04-20 20:19:46'),(1688,0,'en','packages/widget/global','name','Widgets','2022-04-20 20:01:11','2022-04-20 20:19:47'),(1689,0,'en','packages/widget/global','create','New widget','2022-04-20 20:01:11','2022-04-20 20:19:47'),(1690,0,'en','packages/widget/global','edit','Edit widget','2022-04-20 20:01:11','2022-04-20 20:19:47'),(1691,0,'en','packages/widget/global','delete','Delete','2022-04-20 20:01:11','2022-04-20 20:19:47'),(1692,0,'en','packages/widget/global','available','Available Widgets','2022-04-20 20:01:11','2022-04-20 20:19:47'),(1693,0,'en','packages/widget/global','instruction','To activate a widget drag it to a sidebar or click on it. To deactivate a widget and delete its settings, drag it back.','2022-04-20 20:01:11','2022-04-20 20:19:47'),(1694,0,'en','packages/widget/global','number_tag_display','Number tags will be display','2022-04-20 20:01:11','2022-04-20 20:19:47'),(1695,0,'en','packages/widget/global','number_post_display','Number posts will be display','2022-04-20 20:01:11','2022-04-20 20:19:47'),(1696,0,'en','packages/widget/global','select_menu','Select Menu','2022-04-20 20:01:11','2022-04-20 20:19:47'),(1697,0,'en','packages/widget/global','widget_text','Text','2022-04-20 20:01:11','2022-04-20 20:19:47'),(1698,0,'en','packages/widget/global','widget_text_description','Arbitrary text or HTML.','2022-04-20 20:01:11','2022-04-20 20:19:47'),(1699,0,'en','packages/widget/global','widget_recent_post','Recent Posts','2022-04-20 20:01:11','2022-04-20 20:19:47'),(1700,0,'en','packages/widget/global','widget_recent_post_description','Recent posts widget.','2022-04-20 20:01:11','2022-04-20 20:19:47'),(1701,0,'en','packages/widget/global','widget_custom_menu','Custom Menu','2022-04-20 20:01:11','2022-04-20 20:19:47'),(1702,0,'en','packages/widget/global','widget_custom_menu_description','Add a custom menu to your widget area.','2022-04-20 20:01:11','2022-04-20 20:19:47'),(1703,0,'en','packages/widget/global','widget_tag','Tags','2022-04-20 20:01:11','2022-04-20 20:19:47'),(1704,0,'en','packages/widget/global','widget_tag_description','Popular tags','2022-04-20 20:01:11','2022-04-20 20:19:47'),(1705,0,'en','packages/widget/global','save_success','Save widget successfully!','2022-04-20 20:01:11','2022-04-20 20:19:47'),(1706,0,'en','packages/widget/global','delete_success','Delete widget successfully!','2022-04-20 20:01:11','2022-04-20 20:19:47'),(1707,0,'en','packages/widget/widget','name','Widgets','2022-04-20 20:01:11','2022-04-20 20:19:47'),(1708,0,'en','packages/widget/widget','create','New widget','2022-04-20 20:01:11','2022-04-20 20:19:47'),(1709,0,'en','packages/widget/widget','edit','Edit widget','2022-04-20 20:01:11','2022-04-20 20:19:47'),(1710,0,'en','packages/widget/widget','delete','Delete','2022-04-20 20:01:11','2022-04-20 20:19:47'),(1711,0,'en','packages/widget/widget','available','Available Widgets','2022-04-20 20:01:11','2022-04-20 20:19:47'),(1712,0,'en','packages/widget/widget','instruction','To activate a widget drag it to a sidebar or click on it. To deactivate a widget and delete its settings, drag it back.','2022-04-20 20:01:11','2022-04-20 20:19:47'),(1713,0,'en','packages/widget/widget','number_tag_display','Number tags will be display','2022-04-20 20:01:11','2022-04-20 20:19:47'),(1714,0,'en','packages/widget/widget','number_post_display','Number posts will be display','2022-04-20 20:01:11','2022-04-20 20:19:47'),(1715,0,'en','packages/widget/widget','select_menu','Select Menu','2022-04-20 20:01:11','2022-04-20 20:19:47'),(1716,0,'en','packages/widget/widget','widget_text','Text','2022-04-20 20:01:11','2022-04-20 20:19:47'),(1717,0,'en','packages/widget/widget','widget_text_description','Arbitrary text or HTML.','2022-04-20 20:01:11','2022-04-20 20:19:47'),(1718,0,'en','packages/widget/widget','widget_recent_post','Recent Posts','2022-04-20 20:01:11','2022-04-20 20:19:47'),(1719,0,'en','packages/widget/widget','widget_recent_post_description','Recent posts widget.','2022-04-20 20:01:11','2022-04-20 20:19:47'),(1720,0,'en','packages/widget/widget','widget_custom_menu','Custom Menu','2022-04-20 20:01:11','2022-04-20 20:19:47'),(1721,0,'en','packages/widget/widget','widget_custom_menu_description','Add a custom menu to your widget area.','2022-04-20 20:01:11','2022-04-20 20:19:47'),(1722,0,'en','packages/widget/widget','widget_tag','Tags','2022-04-20 20:01:11','2022-04-20 20:19:47'),(1723,0,'en','packages/widget/widget','widget_tag_description','Popular tags','2022-04-20 20:01:11','2022-04-20 20:19:47'),(1724,0,'en','packages/widget/widget','save_success','Save widget successfully!','2022-04-20 20:01:11','2022-04-20 20:19:47'),(1725,0,'en','packages/widget/widget','delete_success','Delete widget successfully!','2022-04-20 20:01:11','2022-04-20 20:19:47'),(1726,0,'en','packages/widget/widget','primary_sidebar_name','Primary sidebar','2022-04-20 20:01:11','2022-04-20 20:19:47'),(1727,0,'en','packages/widget/widget','primary_sidebar_description','Primary sidebar section','2022-04-20 20:01:11','2022-04-20 20:19:47'),(1728,0,'vi','packages/widget/global','name','Widgets','2022-04-20 20:01:11','2022-04-20 20:19:47'),(1729,0,'vi','packages/widget/global','create','New widget','2022-04-20 20:01:11','2022-04-20 20:19:47'),(1730,0,'vi','packages/widget/global','edit','Edit widget','2022-04-20 20:01:11','2022-04-20 20:19:47'),(1731,0,'vi','packages/widget/global','available','Tiện ích có sẵn','2022-04-20 20:01:11','2022-04-20 20:19:47'),(1732,0,'vi','packages/widget/global','delete','Xóa','2022-04-20 20:01:11','2022-04-20 20:19:47'),(1733,0,'vi','packages/widget/global','instruction','Để kích hoạt tiện ích, hãy kéo nó vào sidebar hoặc nhấn vào nó. Để hủy kích hoạt tiện ích và xóa các thiết lập của tiện ích, kéo nó quay trở lại.','2022-04-20 20:01:11','2022-04-20 20:19:47'),(1734,0,'vi','packages/widget/global','number_post_display','Số bài viết sẽ hiển thị','2022-04-20 20:01:11','2022-04-20 20:19:47'),(1735,0,'vi','packages/widget/global','number_tag_display','Số thẻ sẽ hiển thị','2022-04-20 20:01:11','2022-04-20 20:19:47'),(1736,0,'vi','packages/widget/global','select_menu','Lựa chọn trình đơn','2022-04-20 20:01:11','2022-04-20 20:19:47'),(1737,0,'vi','packages/widget/global','widget_custom_menu','Menu tùy chỉnh','2022-04-20 20:01:11','2022-04-20 20:19:47'),(1738,0,'vi','packages/widget/global','widget_custom_menu_description','Thêm menu tùy chỉnh vào khu vực tiện ích của bạn','2022-04-20 20:01:11','2022-04-20 20:19:47'),(1739,0,'vi','packages/widget/global','widget_recent_post','Bài viết gần đây','2022-04-20 20:01:11','2022-04-20 20:19:47'),(1740,0,'vi','packages/widget/global','widget_recent_post_description','Tiện ích bài viết gần đây','2022-04-20 20:01:11','2022-04-20 20:19:47'),(1741,0,'vi','packages/widget/global','widget_tag','Thẻ','2022-04-20 20:01:11','2022-04-20 20:19:47'),(1742,0,'vi','packages/widget/global','widget_tag_description','Thẻ phổ biến, sử dụng nhiều','2022-04-20 20:01:11','2022-04-20 20:19:47'),(1743,0,'vi','packages/widget/global','widget_text','Văn bản','2022-04-20 20:01:11','2022-04-20 20:19:47'),(1744,0,'vi','packages/widget/global','widget_text_description','Văn bản tùy ý hoặc HTML.','2022-04-20 20:01:11','2022-04-20 20:19:47'),(1745,0,'vi','packages/widget/global','delete_success','Xoá tiện ích thành công','2022-04-20 20:01:11','2022-04-20 20:19:47'),(1746,0,'vi','packages/widget/global','save_success','Lưu tiện ích thành công!','2022-04-20 20:01:11','2022-04-20 20:19:47'),(1747,0,'en','plugins/ads/ads','name','Ads','2022-04-20 20:01:11','2022-04-20 20:19:47'),(1748,0,'en','plugins/ads/ads','create','New ads','2022-04-20 20:01:11','2022-04-20 20:19:47'),(1749,0,'en','plugins/ads/ads','edit','Edit ads','2022-04-20 20:01:11','2022-04-20 20:19:47'),(1750,0,'en','plugins/ads/ads','location','Location','2022-04-20 20:01:11','2022-04-20 20:19:47'),(1751,0,'en','plugins/ads/ads','url','URL','2022-04-20 20:01:11','2022-04-20 20:19:47'),(1752,0,'en','plugins/ads/ads','expired_at','Expired at','2022-04-20 20:01:11','2022-04-20 20:19:47'),(1753,0,'en','plugins/ads/ads','key','Key','2022-04-20 20:01:11','2022-04-20 20:19:47'),(1754,0,'en','plugins/ads/ads','shortcode','Shortcode','2022-04-20 20:01:11','2022-04-20 20:19:47'),(1755,0,'en','plugins/ads/ads','clicked','Clicked','2022-04-20 20:01:11','2022-04-20 20:19:47'),(1756,0,'en','plugins/ads/ads','not_set','Not set','2022-04-20 20:01:11','2022-04-20 20:19:47'),(1757,0,'en','plugins/analytics/analytics','sessions','Sessions','2022-04-20 20:01:11','2022-04-20 20:19:47'),(1758,0,'en','plugins/analytics/analytics','visitors','Visitors','2022-04-20 20:01:11','2022-04-20 20:19:47'),(1759,0,'en','plugins/analytics/analytics','pageviews','Pageviews','2022-04-20 20:01:11','2022-04-20 20:19:47'),(1760,0,'en','plugins/analytics/analytics','bounce_rate','Bounce Rate','2022-04-20 20:01:11','2022-04-20 20:19:47'),(1761,0,'en','plugins/analytics/analytics','page_session','Pages/Session','2022-04-20 20:01:11','2022-04-20 20:19:47'),(1762,0,'en','plugins/analytics/analytics','avg_duration','Avg. Duration','2022-04-20 20:01:11','2022-04-20 20:19:47'),(1763,0,'en','plugins/analytics/analytics','percent_new_session','Percent new session','2022-04-20 20:01:11','2022-04-20 20:19:47'),(1764,0,'en','plugins/analytics/analytics','new_users','New visitors','2022-04-20 20:01:11','2022-04-20 20:19:47'),(1765,0,'en','plugins/analytics/analytics','visits','visits','2022-04-20 20:01:11','2022-04-20 20:19:47'),(1766,0,'en','plugins/analytics/analytics','views','views','2022-04-20 20:01:11','2022-04-20 20:19:47'),(1767,0,'en','plugins/analytics/analytics','view_id_not_specified','You must provide a valid view id. The document here: <a href=\"https://docs.botble.com/cms/master/plugin-analytics\" target=\"_blank\">https://docs.botble.com/cms/master/plugin-analytics</a>','2022-04-20 20:01:11','2022-04-20 20:19:47'),(1768,0,'en','plugins/analytics/analytics','credential_is_not_valid','Analytics credentials is not valid. The document here: <a href=\"https://docs.botble.com/cms/master/plugin-analytics\" target=\"_blank\">https://docs.botble.com/cms/master/plugin-analytics</a>','2022-04-20 20:01:11','2022-04-20 20:19:47'),(1769,0,'en','plugins/analytics/analytics','start_date_can_not_before_end_date','Start date :start_date cannot be after end date :end_date','2022-04-20 20:01:11','2022-04-20 20:19:47'),(1770,0,'en','plugins/analytics/analytics','wrong_configuration','To view analytics you\'ll need to get a google analytics client id and add it to your settings. <br /> You also need JSON credential data. <br /> The document here: <a href=\"https://docs.botble.com/cms/master/plugin-analytics\" target=\"_blank\">https://docs.botble.com/cms/master/plugin-analytics</a>','2022-04-20 20:01:11','2022-04-20 20:19:47'),(1771,0,'en','plugins/analytics/analytics','settings.title','Google Analytics','2022-04-20 20:01:11','2022-04-20 20:19:47'),(1772,0,'en','plugins/analytics/analytics','settings.description','Config Credentials for Google Analytics','2022-04-20 20:01:11','2022-04-20 20:19:47'),(1773,0,'en','plugins/analytics/analytics','settings.tracking_code','Tracking ID','2022-04-20 20:01:11','2022-04-20 20:19:47'),(1774,0,'en','plugins/analytics/analytics','settings.tracking_code_placeholder','Example: GA-12586526-8','2022-04-20 20:01:11','2022-04-20 20:19:47'),(1775,0,'en','plugins/analytics/analytics','settings.view_id','View ID','2022-04-20 20:01:11','2022-04-20 20:19:47'),(1776,0,'en','plugins/analytics/analytics','settings.view_id_description','Google Analytics View ID','2022-04-20 20:01:11','2022-04-20 20:19:47'),(1777,0,'en','plugins/analytics/analytics','settings.json_credential','Service Account Credentials','2022-04-20 20:01:11','2022-04-20 20:19:47'),(1778,0,'en','plugins/analytics/analytics','settings.json_credential_description','Service Account Credentials','2022-04-20 20:01:11','2022-04-20 20:19:47'),(1779,0,'en','plugins/analytics/analytics','widget_analytics_page','Top Most Visit Pages','2022-04-20 20:01:11','2022-04-20 20:19:47'),(1780,0,'en','plugins/analytics/analytics','widget_analytics_browser','Top Browsers','2022-04-20 20:01:11','2022-04-20 20:19:47'),(1781,0,'en','plugins/analytics/analytics','widget_analytics_referrer','Top Referrers','2022-04-20 20:01:11','2022-04-20 20:19:47'),(1782,0,'en','plugins/analytics/analytics','widget_analytics_general','Site Analytics','2022-04-20 20:01:11','2022-04-20 20:19:47'),(1783,0,'vi','plugins/analytics/analytics','avg_duration','Trung bình','2022-04-20 20:01:11','2022-04-20 20:19:47'),(1784,0,'vi','plugins/analytics/analytics','bounce_rate','Tỉ lệ thoát','2022-04-20 20:01:11','2022-04-20 20:19:47'),(1785,0,'vi','plugins/analytics/analytics','page_session','Trang/Phiên','2022-04-20 20:01:11','2022-04-20 20:19:47'),(1786,0,'vi','plugins/analytics/analytics','pageviews','Lượt xem','2022-04-20 20:01:11','2022-04-20 20:19:47'),(1787,0,'vi','plugins/analytics/analytics','sessions','Phiên','2022-04-20 20:01:11','2022-04-20 20:19:47'),(1788,0,'vi','plugins/analytics/analytics','views','lượt xem','2022-04-20 20:01:11','2022-04-20 20:19:47'),(1789,0,'vi','plugins/analytics/analytics','visitors','Người truy cập','2022-04-20 20:01:11','2022-04-20 20:19:47'),(1790,0,'vi','plugins/analytics/analytics','visits','lượt ghé thăm','2022-04-20 20:01:11','2022-04-20 20:19:47'),(1791,0,'vi','plugins/analytics/analytics','credential_is_not_valid','Thông tin cài đặt không hợp lệ. Tài liệu hướng dẫn tại đây: <a href=\"http://docs.botble.com/cms/:version/analytics\" target=\"_blank\">http://docs.botble.com/cms/:version/analytics</a>','2022-04-20 20:01:11','2022-04-20 20:19:47'),(1792,0,'vi','plugins/analytics/analytics','new_users','Lượt khách mới','2022-04-20 20:01:11','2022-04-20 20:19:47'),(1793,0,'vi','plugins/analytics/analytics','percent_new_session','Tỉ lệ khách mới','2022-04-20 20:01:11','2022-04-20 20:19:47'),(1794,0,'vi','plugins/analytics/analytics','start_date_can_not_before_end_date','Ngày bắt đầu :start_date không thể sau ngày kết thúc :end_date','2022-04-20 20:01:11','2022-04-20 20:19:47'),(1795,0,'vi','plugins/analytics/analytics','view_id_not_specified','Bạn phải cung cấp View ID hợp lê. Tài liệu hướng dẫn tại đây: <a href=\"http://docs.botble.com/cms/:version/analytics\" target=\"_blank\">http://docs.botble.com/cms/:version/analytics</a>','2022-04-20 20:01:11','2022-04-20 20:19:47'),(1796,0,'vi','plugins/analytics/analytics','wrong_configuration','Để xem dữ liệu thống kê Google Analytics, bạn cần lấy thông tin Client ID và thêm nó vào trong phần cài đặt. Bạn cũng cần thông tin xác thực dạng JSON. Tài liệu hướng dẫn tại đây: <a href=\"http://docs.botble.com/cms/:version/analytics\" target=\"_blank\">http://docs.botble.com/cms/:version/analytics</a>','2022-04-20 20:01:11','2022-04-20 20:19:47'),(1797,0,'vi','plugins/analytics/analytics','settings.title','Google Analytics','2022-04-20 20:01:11','2022-04-20 20:19:47'),(1798,0,'vi','plugins/analytics/analytics','settings.description','Config Credentials for Google Analytics','2022-04-20 20:01:11','2022-04-20 20:19:47'),(1799,0,'vi','plugins/analytics/analytics','settings.tracking_code','Tracking Code','2022-04-20 20:01:11','2022-04-20 20:19:47'),(1800,0,'vi','plugins/analytics/analytics','settings.tracking_code_placeholder','Example: GA-12586526-8','2022-04-20 20:01:11','2022-04-20 20:19:47'),(1801,0,'vi','plugins/analytics/analytics','settings.view_id','View ID','2022-04-20 20:01:11','2022-04-20 20:19:47'),(1802,0,'vi','plugins/analytics/analytics','settings.view_id_description','Google Analytics View ID','2022-04-20 20:01:11','2022-04-20 20:19:47'),(1803,0,'vi','plugins/analytics/analytics','settings.json_credential','Service Account Credentials','2022-04-20 20:01:11','2022-04-20 20:19:47'),(1804,0,'vi','plugins/analytics/analytics','settings.json_credential_description','Service Account Credentials','2022-04-20 20:01:11','2022-04-20 20:19:47'),(1805,0,'vi','plugins/analytics/analytics','widget_analytics_browser','Trình duyệt truy cập nhiều','2022-04-20 20:01:11','2022-04-20 20:19:47'),(1806,0,'vi','plugins/analytics/analytics','widget_analytics_general','Thống kê truy cập','2022-04-20 20:01:11','2022-04-20 20:19:47'),(1807,0,'vi','plugins/analytics/analytics','widget_analytics_page','Trang được xem nhiều nhất','2022-04-20 20:01:11','2022-04-20 20:19:47'),(1808,0,'vi','plugins/analytics/analytics','widget_analytics_referrer','Trang giới thiệu nhiều','2022-04-20 20:01:11','2022-04-20 20:19:47'),(1809,0,'en','plugins/audit-log/history','name','Activities Logs','2022-04-20 20:01:11','2022-04-20 20:19:47'),(1810,0,'en','plugins/audit-log/history','created','created','2022-04-20 20:01:11','2022-04-20 20:19:47'),(1811,0,'en','plugins/audit-log/history','updated','updated','2022-04-20 20:01:11','2022-04-20 20:19:47'),(1812,0,'en','plugins/audit-log/history','deleted','deleted','2022-04-20 20:01:11','2022-04-20 20:19:47'),(1813,0,'en','plugins/audit-log/history','logged in','logged in','2022-04-20 20:01:11','2022-04-20 20:19:47'),(1814,0,'en','plugins/audit-log/history','logged out','logged out','2022-04-20 20:01:11','2022-04-20 20:19:47'),(1815,0,'en','plugins/audit-log/history','changed password','changed password','2022-04-20 20:01:11','2022-04-20 20:19:47'),(1816,0,'en','plugins/audit-log/history','updated profile','updated profile','2022-04-20 20:01:11','2022-04-20 20:19:47'),(1817,0,'en','plugins/audit-log/history','attached','attached','2022-04-20 20:01:11','2022-04-20 20:19:47'),(1818,0,'en','plugins/audit-log/history','shared','shared','2022-04-20 20:01:11','2022-04-20 20:19:47'),(1819,0,'en','plugins/audit-log/history','to the system','to the system','2022-04-20 20:01:11','2022-04-20 20:19:47'),(1820,0,'en','plugins/audit-log/history','of the system','of the system','2022-04-20 20:01:11','2022-04-20 20:19:47'),(1821,0,'en','plugins/audit-log/history','menu','menu','2022-04-20 20:01:11','2022-04-20 20:19:47'),(1822,0,'en','plugins/audit-log/history','post','post','2022-04-20 20:01:11','2022-04-20 20:19:47'),(1823,0,'en','plugins/audit-log/history','page','page','2022-04-20 20:01:11','2022-04-20 20:19:47'),(1824,0,'en','plugins/audit-log/history','category','category','2022-04-20 20:01:11','2022-04-20 20:19:47'),(1825,0,'en','plugins/audit-log/history','tag','tag','2022-04-20 20:01:11','2022-04-20 20:19:47'),(1826,0,'en','plugins/audit-log/history','user','user','2022-04-20 20:01:11','2022-04-20 20:19:47'),(1827,0,'en','plugins/audit-log/history','contact','contact','2022-04-20 20:01:11','2022-04-20 20:19:47'),(1828,0,'en','plugins/audit-log/history','backup','backup','2022-04-20 20:01:11','2022-04-20 20:19:47'),(1829,0,'en','plugins/audit-log/history','custom-field','custom field','2022-04-20 20:01:11','2022-04-20 20:19:47'),(1830,0,'en','plugins/audit-log/history','widget_audit_logs','Activities Logs','2022-04-20 20:01:11','2022-04-20 20:19:47'),(1831,0,'en','plugins/audit-log/history','action','Action','2022-04-20 20:01:11','2022-04-20 20:19:47'),(1832,0,'en','plugins/audit-log/history','user_agent','User Agent','2022-04-20 20:01:11','2022-04-20 20:19:47'),(1833,0,'en','plugins/audit-log/history','system','System','2022-04-20 20:01:11','2022-04-20 20:19:47'),(1834,0,'en','plugins/audit-log/history','delete_all','Delete all records','2022-04-20 20:01:11','2022-04-20 20:19:47'),(1835,0,'vi','plugins/audit-log/history','name','Lịch sử hoạt động','2022-04-20 20:01:11','2022-04-20 20:19:47'),(1836,0,'vi','plugins/audit-log/history','created',' đã tạo','2022-04-20 20:01:11','2022-04-20 20:19:47'),(1837,0,'vi','plugins/audit-log/history','updated',' đã cập nhật','2022-04-20 20:01:11','2022-04-20 20:19:47'),(1838,0,'vi','plugins/audit-log/history','deleted',' đã xóa','2022-04-20 20:01:11','2022-04-20 20:19:47'),(1839,0,'vi','plugins/audit-log/history','attached','đính kèm','2022-04-20 20:01:11','2022-04-20 20:19:47'),(1840,0,'vi','plugins/audit-log/history','backup','sao lưu','2022-04-20 20:01:11','2022-04-20 20:19:47'),(1841,0,'vi','plugins/audit-log/history','category','danh mục','2022-04-20 20:01:11','2022-04-20 20:19:47'),(1842,0,'vi','plugins/audit-log/history','changed password','thay đổi mật khẩu','2022-04-20 20:01:11','2022-04-20 20:19:47'),(1843,0,'vi','plugins/audit-log/history','contact','liên hệ','2022-04-20 20:01:11','2022-04-20 20:19:47'),(1844,0,'vi','plugins/audit-log/history','custom-field','khung mở rộng','2022-04-20 20:01:11','2022-04-20 20:19:47'),(1845,0,'vi','plugins/audit-log/history','logged in','đăng nhập','2022-04-20 20:01:11','2022-04-20 20:19:47'),(1846,0,'vi','plugins/audit-log/history','logged out','đăng xuất','2022-04-20 20:01:11','2022-04-20 20:19:47'),(1847,0,'vi','plugins/audit-log/history','menu','trình đơn','2022-04-20 20:01:11','2022-04-20 20:19:47'),(1848,0,'vi','plugins/audit-log/history','of the system','khỏi hệ thống','2022-04-20 20:01:11','2022-04-20 20:19:47'),(1849,0,'vi','plugins/audit-log/history','page','trang','2022-04-20 20:01:11','2022-04-20 20:19:47'),(1850,0,'vi','plugins/audit-log/history','post','bài viết','2022-04-20 20:01:11','2022-04-20 20:19:47'),(1851,0,'vi','plugins/audit-log/history','shared','đã chia sẻ','2022-04-20 20:01:11','2022-04-20 20:19:47'),(1852,0,'vi','plugins/audit-log/history','tag','thẻ','2022-04-20 20:01:11','2022-04-20 20:19:47'),(1853,0,'vi','plugins/audit-log/history','to the system','vào hệ thống','2022-04-20 20:01:11','2022-04-20 20:19:47'),(1854,0,'vi','plugins/audit-log/history','updated profile','cập nhật tài khoản','2022-04-20 20:01:11','2022-04-20 20:19:47'),(1855,0,'vi','plugins/audit-log/history','user','thành viên','2022-04-20 20:01:11','2022-04-20 20:19:47'),(1856,0,'vi','plugins/audit-log/history','widget_audit_logs','Lịch sử hoạt động','2022-04-20 20:01:11','2022-04-20 20:19:47'),(1857,0,'en','plugins/backup/backup','name','Backup','2022-04-20 20:01:11','2022-04-20 20:19:47'),(1858,0,'en','plugins/backup/backup','backup_description','Backup database and uploads folder.','2022-04-20 20:01:11','2022-04-20 20:19:47'),(1859,0,'en','plugins/backup/backup','create_backup_success','Created backup successfully!','2022-04-20 20:01:11','2022-04-20 20:19:47'),(1860,0,'en','plugins/backup/backup','delete_backup_success','Delete backup successfully!','2022-04-20 20:01:11','2022-04-20 20:19:47'),(1861,0,'en','plugins/backup/backup','restore_backup_success','Restore backup successfully!','2022-04-20 20:01:11','2022-04-20 20:19:47'),(1862,0,'en','plugins/backup/backup','generate_btn','Generate backup','2022-04-20 20:01:11','2022-04-20 20:19:47'),(1863,0,'en','plugins/backup/backup','create','Create a backup','2022-04-20 20:01:11','2022-04-20 20:19:47'),(1864,0,'en','plugins/backup/backup','restore','Restore a backup','2022-04-20 20:01:11','2022-04-20 20:19:47'),(1865,0,'en','plugins/backup/backup','create_btn','Create','2022-04-20 20:01:11','2022-04-20 20:19:47'),(1866,0,'en','plugins/backup/backup','restore_btn','Restore','2022-04-20 20:01:11','2022-04-20 20:19:47'),(1867,0,'en','plugins/backup/backup','restore_confirm_msg','Do you really want to restore this revision?','2022-04-20 20:01:11','2022-04-20 20:19:47'),(1868,0,'en','plugins/backup/backup','download_uploads_folder','Download backup of uploads folder','2022-04-20 20:01:11','2022-04-20 20:19:47'),(1869,0,'en','plugins/backup/backup','download_database','Download backup of database','2022-04-20 20:01:11','2022-04-20 20:19:47'),(1870,0,'en','plugins/backup/backup','restore_tooltip','Restore this backup','2022-04-20 20:01:11','2022-04-20 20:19:47'),(1871,0,'en','plugins/backup/backup','demo_alert','Hi guest, if you see demo site is destroyed, please help me <a href=\":link\">go here</a> and restore demo site to the latest revision! Thank you so much!','2022-04-20 20:01:11','2022-04-20 20:19:47'),(1872,0,'en','plugins/backup/backup','menu_name','Backups','2022-04-20 20:01:11','2022-04-20 20:19:47'),(1873,0,'en','plugins/backup/backup','size','Size','2022-04-20 20:01:11','2022-04-20 20:19:47'),(1874,0,'en','plugins/backup/backup','no_backups','There is no backup now!','2022-04-20 20:01:11','2022-04-20 20:19:47'),(1875,0,'en','plugins/backup/backup','proc_open_disabled_error','Function <strong>proc_open()</strong> has been disabled so the system cannot backup the database. Please contact your hosting provider to enable it.','2022-04-20 20:01:11','2022-04-20 20:19:47'),(1876,0,'en','plugins/backup/backup','database_backup_not_existed','Backup database is not existed!','2022-04-20 20:01:11','2022-04-20 20:19:47'),(1877,0,'en','plugins/backup/backup','uploads_folder_backup_not_existed','Backup uploads folder is not existed!','2022-04-20 20:01:11','2022-04-20 20:19:47'),(1878,0,'en','plugins/backup/backup','important_message1','This is a simple backup feature, it is a solution for you if your site has < 1GB data and can be used for quickly backup your site.','2022-04-20 20:01:11','2022-04-20 20:19:47'),(1879,0,'en','plugins/backup/backup','important_message2','If you have more than 1GB images/files in local storage, you should use backup feature of your hosting or VPS.','2022-04-20 20:01:11','2022-04-20 20:19:47'),(1880,0,'en','plugins/backup/backup','important_message3','To backup your database, function <strong>proc_open()</strong> or <strong>system()</strong> must be enabled. Contact your hosting provider to enable it if it is disabled.','2022-04-20 20:01:11','2022-04-20 20:19:47'),(1881,0,'en','plugins/backup/backup','important_message4','It is not a full backup, it is just back up uploaded files and your database.','2022-04-20 20:01:11','2022-04-20 20:19:47'),(1882,0,'en','plugins/backup/backup','cannot_restore_database','Cannot restore database. The database backup is missing!','2022-04-20 20:01:11','2022-04-20 20:19:47'),(1883,0,'vi','plugins/backup/backup','backup_description','Sao lưu cơ sở dữ liệu và thư mục /uploads','2022-04-20 20:01:11','2022-04-20 20:19:47'),(1884,0,'vi','plugins/backup/backup','create','Tạo bản sao lưu','2022-04-20 20:01:12','2022-04-20 20:19:47'),(1885,0,'vi','plugins/backup/backup','create_backup_success','Tạo bản sao lưu thành công!','2022-04-20 20:01:12','2022-04-20 20:19:47'),(1886,0,'vi','plugins/backup/backup','create_btn','Tạo','2022-04-20 20:01:12','2022-04-20 20:19:47'),(1887,0,'vi','plugins/backup/backup','delete_backup_success','Xóa bản sao lưu thành công!','2022-04-20 20:01:12','2022-04-20 20:19:47'),(1888,0,'vi','plugins/backup/backup','generate_btn','Tạo sao lưu','2022-04-20 20:01:12','2022-04-20 20:19:47'),(1889,0,'vi','plugins/backup/backup','name','Sao lưu','2022-04-20 20:01:12','2022-04-20 20:19:47'),(1890,0,'vi','plugins/backup/backup','restore','Khôi phục bản sao lưu','2022-04-20 20:01:12','2022-04-20 20:19:47'),(1891,0,'vi','plugins/backup/backup','restore_backup_success','Khôi phục bản sao lưu thành công','2022-04-20 20:01:12','2022-04-20 20:19:47'),(1892,0,'vi','plugins/backup/backup','restore_btn','Khôi phục','2022-04-20 20:01:12','2022-04-20 20:19:47'),(1893,0,'vi','plugins/backup/backup','restore_confirm_msg','Bạn có chắc chắn muốn khôi phục hệ thống về thời điểm tạo bản sao lưu này?','2022-04-20 20:01:12','2022-04-20 20:19:47'),(1894,0,'vi','plugins/backup/backup','restore_tooltip','Khôi phục bản sao lưu này','2022-04-20 20:01:12','2022-04-20 20:19:47'),(1895,0,'vi','plugins/backup/backup','download_database','Tải về bản sao lưu CSDL','2022-04-20 20:01:12','2022-04-20 20:19:47'),(1896,0,'vi','plugins/backup/backup','download_uploads_folder','Tải về bản sao lưu thư mục uploads','2022-04-20 20:01:12','2022-04-20 20:19:47'),(1897,0,'vi','plugins/backup/backup','menu_name','Sao lưu','2022-04-20 20:01:12','2022-04-20 20:19:47'),(1898,0,'vi','plugins/backup/backup','demo_alert','Chào khách, nếu bạn thấy trang demo bị phá hoại, hãy tới <a href=\":link\">trang sao lưu</a> và khôi phục bản sao lưu cuối cùng. Cảm ơn bạn nhiều!','2022-04-20 20:01:12','2022-04-20 20:19:47'),(1899,0,'en','plugins/blog/base','menu_name','Blog','2022-04-20 20:01:12','2022-04-20 20:19:47'),(1900,0,'en','plugins/blog/base','blog_page','Blog Page','2022-04-20 20:01:12','2022-04-20 20:19:47'),(1901,0,'en','plugins/blog/base','select','-- Select --','2022-04-20 20:01:12','2022-04-20 20:19:47'),(1902,0,'en','plugins/blog/base','blog_page_id','Blog page','2022-04-20 20:01:12','2022-04-20 20:19:47'),(1903,0,'en','plugins/blog/base','number_posts_per_page','Number posts per page','2022-04-20 20:01:12','2022-04-20 20:19:47'),(1904,0,'en','plugins/blog/base','write_some_tags','Write some tags','2022-04-20 20:01:12','2022-04-20 20:19:47'),(1905,0,'en','plugins/blog/base','short_code_name','Blog posts','2022-04-20 20:01:12','2022-04-20 20:19:47'),(1906,0,'en','plugins/blog/base','short_code_description','Add blog posts','2022-04-20 20:01:12','2022-04-20 20:19:47'),(1907,0,'en','plugins/blog/base','number_posts_per_page_in_category','Number of posts per page in a category','2022-04-20 20:01:12','2022-04-20 20:19:47'),(1908,0,'en','plugins/blog/base','number_posts_per_page_in_tag','Number of posts per page in a tag','2022-04-20 20:01:12','2022-04-20 20:19:47'),(1909,0,'en','plugins/blog/categories','create','Create new category','2022-04-20 20:01:12','2022-04-20 20:19:47'),(1910,0,'en','plugins/blog/categories','edit','Edit category','2022-04-20 20:01:12','2022-04-20 20:19:47'),(1911,0,'en','plugins/blog/categories','menu','Categories','2022-04-20 20:01:12','2022-04-20 20:19:47'),(1912,0,'en','plugins/blog/categories','edit_this_category','Edit this category','2022-04-20 20:01:12','2022-04-20 20:19:47'),(1913,0,'en','plugins/blog/categories','menu_name','Categories','2022-04-20 20:01:12','2022-04-20 20:19:47'),(1914,0,'en','plugins/blog/categories','none','None','2022-04-20 20:01:12','2022-04-20 20:19:47'),(1915,0,'en','plugins/blog/categories','total_posts','Total posts: :total','2022-04-20 20:01:12','2022-04-20 20:19:47'),(1916,0,'en','plugins/blog/member','dob','Born :date','2022-04-20 20:01:12','2022-04-20 20:19:47'),(1917,0,'en','plugins/blog/member','draft_posts','Draft Posts','2022-04-20 20:01:12','2022-04-20 20:19:47'),(1918,0,'en','plugins/blog/member','pending_posts','Pending Posts','2022-04-20 20:01:12','2022-04-20 20:19:47'),(1919,0,'en','plugins/blog/member','published_posts','Published Posts','2022-04-20 20:01:12','2022-04-20 20:19:47'),(1920,0,'en','plugins/blog/member','posts','Posts','2022-04-20 20:01:12','2022-04-20 20:19:47'),(1921,0,'en','plugins/blog/member','write_post','Write a post','2022-04-20 20:01:12','2022-04-20 20:19:47'),(1922,0,'en','plugins/blog/posts','create','Create new post','2022-04-20 20:01:12','2022-04-20 20:19:47'),(1923,0,'en','plugins/blog/posts','edit','Edit post','2022-04-20 20:01:12','2022-04-20 20:19:47'),(1924,0,'en','plugins/blog/posts','form.name','Name','2022-04-20 20:01:12','2022-04-20 20:19:47'),(1925,0,'en','plugins/blog/posts','form.name_placeholder','Post\'s name (Maximum :c characters)','2022-04-20 20:01:12','2022-04-20 20:19:47'),(1926,0,'en','plugins/blog/posts','form.description','Description','2022-04-20 20:01:12','2022-04-20 20:19:47'),(1927,0,'en','plugins/blog/posts','form.description_placeholder','Short description for post (Maximum :c characters)','2022-04-20 20:01:12','2022-04-20 20:19:47'),(1928,0,'en','plugins/blog/posts','form.categories','Categories','2022-04-20 20:01:12','2022-04-20 20:19:47'),(1929,0,'en','plugins/blog/posts','form.tags','Tags','2022-04-20 20:01:12','2022-04-20 20:19:47'),(1930,0,'en','plugins/blog/posts','form.tags_placeholder','Tags','2022-04-20 20:01:12','2022-04-20 20:19:47'),(1931,0,'en','plugins/blog/posts','form.content','Content','2022-04-20 20:01:12','2022-04-20 20:19:47'),(1932,0,'en','plugins/blog/posts','form.is_featured','Is featured?','2022-04-20 20:01:12','2022-04-20 20:19:47'),(1933,0,'en','plugins/blog/posts','form.note','Note content','2022-04-20 20:01:12','2022-04-20 20:19:47'),(1934,0,'en','plugins/blog/posts','form.format_type','Format','2022-04-20 20:01:12','2022-04-20 20:19:47'),(1935,0,'en','plugins/blog/posts','cannot_delete','Post could not be deleted','2022-04-20 20:01:12','2022-04-20 20:19:47'),(1936,0,'en','plugins/blog/posts','post_deleted','Post deleted','2022-04-20 20:01:12','2022-04-20 20:19:47'),(1937,0,'en','plugins/blog/posts','posts','Posts','2022-04-20 20:01:12','2022-04-20 20:19:47'),(1938,0,'en','plugins/blog/posts','post','Post','2022-04-20 20:01:12','2022-04-20 20:19:47'),(1939,0,'en','plugins/blog/posts','edit_this_post','Edit this post','2022-04-20 20:01:12','2022-04-20 20:19:47'),(1940,0,'en','plugins/blog/posts','no_new_post_now','There is no new post now!','2022-04-20 20:01:12','2022-04-20 20:19:47'),(1941,0,'en','plugins/blog/posts','menu_name','Posts','2022-04-20 20:01:12','2022-04-20 20:19:47'),(1942,0,'en','plugins/blog/posts','widget_posts_recent','Recent Posts','2022-04-20 20:01:12','2022-04-20 20:19:47'),(1943,0,'en','plugins/blog/posts','categories','Categories','2022-04-20 20:01:12','2022-04-20 20:19:47'),(1944,0,'en','plugins/blog/posts','category','Category','2022-04-20 20:01:12','2022-04-20 20:19:47'),(1945,0,'en','plugins/blog/posts','author','Author','2022-04-20 20:01:12','2022-04-20 20:19:47'),(1946,0,'en','plugins/blog/settings','select','-- Select --','2022-04-20 20:01:12','2022-04-20 20:19:47'),(1947,0,'en','plugins/blog/settings','blog_page_id','Blog page','2022-04-20 20:01:12','2022-04-20 20:19:47'),(1948,0,'en','plugins/blog/tags','form.name','Name','2022-04-20 20:01:12','2022-04-20 20:19:47'),(1949,0,'en','plugins/blog/tags','form.name_placeholder','Tag\'s name (Maximum 120 characters)','2022-04-20 20:01:12','2022-04-20 20:19:47'),(1950,0,'en','plugins/blog/tags','form.description','Description','2022-04-20 20:01:12','2022-04-20 20:19:47'),(1951,0,'en','plugins/blog/tags','form.description_placeholder','Short description for tag (Maximum 400 characters)','2022-04-20 20:01:12','2022-04-20 20:19:47'),(1952,0,'en','plugins/blog/tags','form.categories','Categories','2022-04-20 20:01:12','2022-04-20 20:19:47'),(1953,0,'en','plugins/blog/tags','notices.no_select','Please select at least one tag to take this action!','2022-04-20 20:01:12','2022-04-20 20:19:47'),(1954,0,'en','plugins/blog/tags','create','Create new tag','2022-04-20 20:01:12','2022-04-20 20:19:47'),(1955,0,'en','plugins/blog/tags','edit','Edit tag','2022-04-20 20:01:12','2022-04-20 20:19:47'),(1956,0,'en','plugins/blog/tags','cannot_delete','Tag could not be deleted','2022-04-20 20:01:12','2022-04-20 20:19:47'),(1957,0,'en','plugins/blog/tags','deleted','Tag deleted','2022-04-20 20:01:12','2022-04-20 20:19:47'),(1958,0,'en','plugins/blog/tags','menu','Tags','2022-04-20 20:01:12','2022-04-20 20:19:47'),(1959,0,'en','plugins/blog/tags','edit_this_tag','Edit this tag','2022-04-20 20:01:12','2022-04-20 20:19:47'),(1960,0,'en','plugins/blog/tags','menu_name','Tags','2022-04-20 20:01:12','2022-04-20 20:19:47'),(1961,0,'vi','plugins/blog/base','menu_name','Blog','2022-04-20 20:01:12','2022-04-20 20:19:47'),(1962,0,'vi','plugins/blog/categories','create','Thêm danh mục mới','2022-04-20 20:01:12','2022-04-20 20:19:47'),(1963,0,'vi','plugins/blog/categories','edit','Sửa danh mục','2022-04-20 20:01:12','2022-04-20 20:19:47'),(1964,0,'vi','plugins/blog/categories','menu_name','Danh mục','2022-04-20 20:01:12','2022-04-20 20:19:47'),(1965,0,'vi','plugins/blog/categories','edit_this_category','Sửa danh mục này','2022-04-20 20:01:12','2022-04-20 20:19:47'),(1966,0,'vi','plugins/blog/categories','menu','Danh mục','2022-04-20 20:01:12','2022-04-20 20:19:47'),(1967,0,'vi','plugins/blog/posts','create','Thêm bài viết','2022-04-20 20:01:12','2022-04-20 20:19:47'),(1968,0,'vi','plugins/blog/posts','edit','Sửa bài viết','2022-04-20 20:01:12','2022-04-20 20:19:47'),(1969,0,'vi','plugins/blog/posts','form.name','Tên','2022-04-20 20:01:12','2022-04-20 20:19:47'),(1970,0,'vi','plugins/blog/posts','form.name_placeholder','Tên bài viết (Tối đa 120 kí tự)','2022-04-20 20:01:12','2022-04-20 20:19:47'),(1971,0,'vi','plugins/blog/posts','form.description','Mô tả','2022-04-20 20:01:12','2022-04-20 20:19:47'),(1972,0,'vi','plugins/blog/posts','form.description_placeholder','Mô tả ngắn cho bài viết (Tối đa 400 kí tự)','2022-04-20 20:01:12','2022-04-20 20:19:47'),(1973,0,'vi','plugins/blog/posts','form.categories','Chuyên mục','2022-04-20 20:01:12','2022-04-20 20:19:47'),(1974,0,'vi','plugins/blog/posts','form.tags','Từ khóa','2022-04-20 20:01:12','2022-04-20 20:19:47'),(1975,0,'vi','plugins/blog/posts','form.tags_placeholder','Thêm từ khóa','2022-04-20 20:01:12','2022-04-20 20:19:47'),(1976,0,'vi','plugins/blog/posts','form.content','Nội dung','2022-04-20 20:01:12','2022-04-20 20:19:47'),(1977,0,'vi','plugins/blog/posts','form.note','Nội dung ghi chú','2022-04-20 20:01:12','2022-04-20 20:19:47'),(1978,0,'vi','plugins/blog/posts','form.format_type','Định dạng','2022-04-20 20:01:12','2022-04-20 20:19:47'),(1979,0,'vi','plugins/blog/posts','post_deleted','Xóa bài viết thành công','2022-04-20 20:01:12','2022-04-20 20:19:47'),(1980,0,'vi','plugins/blog/posts','cannot_delete','Không thể xóa bài viết','2022-04-20 20:01:12','2022-04-20 20:19:47'),(1981,0,'vi','plugins/blog/posts','menu_name','Bài viết','2022-04-20 20:01:12','2022-04-20 20:19:47'),(1982,0,'vi','plugins/blog/posts','edit_this_post','Sửa bài viết này','2022-04-20 20:01:12','2022-04-20 20:19:47'),(1983,0,'vi','plugins/blog/posts','no_new_post_now','Hiện tại không có bài viết mới!','2022-04-20 20:01:12','2022-04-20 20:19:47'),(1984,0,'vi','plugins/blog/posts','posts','Bài viết','2022-04-20 20:01:12','2022-04-20 20:19:47'),(1985,0,'vi','plugins/blog/posts','widget_posts_recent','Bài viết gần đây','2022-04-20 20:01:12','2022-04-20 20:19:47'),(1986,0,'vi','plugins/blog/posts','author','Tác giả','2022-04-20 20:01:12','2022-04-20 20:19:47'),(1987,0,'vi','plugins/blog/tags','create','Thêm thẻ mới','2022-04-20 20:01:12','2022-04-20 20:19:47'),(1988,0,'vi','plugins/blog/tags','edit','Sửa thẻ','2022-04-20 20:01:12','2022-04-20 20:19:47'),(1989,0,'vi','plugins/blog/tags','form.name','Tên','2022-04-20 20:01:12','2022-04-20 20:19:47'),(1990,0,'vi','plugins/blog/tags','form.name_placeholder','Tên thẻ (Tối đa 120 kí tự)','2022-04-20 20:01:12','2022-04-20 20:19:47'),(1991,0,'vi','plugins/blog/tags','form.description','Mô tả','2022-04-20 20:01:12','2022-04-20 20:19:47'),(1992,0,'vi','plugins/blog/tags','form.description_placeholder','Mô tả ngắn cho tag (Tối đa 400 kí tự)','2022-04-20 20:01:12','2022-04-20 20:19:47'),(1993,0,'vi','plugins/blog/tags','form.categories','Chuyên mục','2022-04-20 20:01:12','2022-04-20 20:19:47'),(1994,0,'vi','plugins/blog/tags','notices.no_select','Chọn ít nhất 1 bài viết để thực hiện hành động này!','2022-04-20 20:01:12','2022-04-20 20:19:47'),(1995,0,'vi','plugins/blog/tags','cannot_delete','Không thể xóa thẻ','2022-04-20 20:01:12','2022-04-20 20:19:47'),(1996,0,'vi','plugins/blog/tags','deleted','Xóa thẻ thành công','2022-04-20 20:01:12','2022-04-20 20:19:47'),(1997,0,'vi','plugins/blog/tags','menu_name','Thẻ','2022-04-20 20:01:12','2022-04-20 20:19:47'),(1998,0,'vi','plugins/blog/tags','edit_this_tag','Sửa thẻ này','2022-04-20 20:01:12','2022-04-20 20:19:47'),(1999,0,'vi','plugins/blog/tags','menu','Thẻ','2022-04-20 20:01:12','2022-04-20 20:19:47'),(2000,0,'en','plugins/captcha/captcha','settings.title','Captcha','2022-04-20 20:01:12','2022-04-20 20:19:47'),(2001,0,'en','plugins/captcha/captcha','settings.description','Settings for Google Captcha','2022-04-20 20:01:12','2022-04-20 20:19:47'),(2002,0,'en','plugins/captcha/captcha','settings.captcha_site_key','Captcha Site Key','2022-04-20 20:01:12','2022-04-20 20:19:47'),(2003,0,'en','plugins/captcha/captcha','settings.captcha_secret','Captcha Secret','2022-04-20 20:01:12','2022-04-20 20:19:47'),(2004,0,'en','plugins/captcha/captcha','settings.enable_captcha','Enable Captcha?','2022-04-20 20:01:12','2022-04-20 20:19:47'),(2005,0,'en','plugins/captcha/captcha','settings.helper','Go here to get credentials https://www.google.com/recaptcha/admin#list.','2022-04-20 20:01:12','2022-04-20 20:19:47'),(2006,0,'en','plugins/captcha/captcha','settings.hide_badge','Hide recaptcha badge (for v3)','2022-04-20 20:01:12','2022-04-20 20:19:47'),(2007,0,'en','plugins/captcha/captcha','settings.type','Type','2022-04-20 20:01:12','2022-04-20 20:19:47'),(2008,0,'en','plugins/captcha/captcha','settings.v2_description','V2 (Verify requests with a challenge)','2022-04-20 20:01:12','2022-04-20 20:19:47'),(2009,0,'en','plugins/captcha/captcha','settings.v3_description','V3 (Verify requests with a score)','2022-04-20 20:01:12','2022-04-20 20:19:47'),(2010,0,'en','plugins/captcha/captcha','failed_validate','Failed to validate the captcha.','2022-04-20 20:01:12','2022-04-20 20:19:47'),(2011,0,'en','plugins/contact/contact','menu','Contact','2022-04-20 20:01:12','2022-04-20 20:19:47'),(2012,0,'en','plugins/contact/contact','edit','View contact','2022-04-20 20:01:12','2022-04-20 20:19:47'),(2013,0,'en','plugins/contact/contact','tables.phone','Phone','2022-04-20 20:01:12','2022-04-20 20:19:47'),(2014,0,'en','plugins/contact/contact','tables.email','Email','2022-04-20 20:01:12','2022-04-20 20:19:47'),(2015,0,'en','plugins/contact/contact','tables.full_name','Full Name','2022-04-20 20:01:12','2022-04-20 20:19:47'),(2016,0,'en','plugins/contact/contact','tables.time','Time','2022-04-20 20:01:12','2022-04-20 20:19:47'),(2017,0,'en','plugins/contact/contact','tables.address','Address','2022-04-20 20:01:12','2022-04-20 20:19:47'),(2018,0,'en','plugins/contact/contact','tables.subject','Subject','2022-04-20 20:01:12','2022-04-20 20:19:47'),(2019,0,'en','plugins/contact/contact','tables.content','Content','2022-04-20 20:01:12','2022-04-20 20:19:47'),(2020,0,'en','plugins/contact/contact','contact_information','Contact information','2022-04-20 20:01:12','2022-04-20 20:19:47'),(2021,0,'en','plugins/contact/contact','replies','Replies','2022-04-20 20:01:12','2022-04-20 20:19:47'),(2022,0,'en','plugins/contact/contact','email.header','Email','2022-04-20 20:01:12','2022-04-20 20:19:47'),(2023,0,'en','plugins/contact/contact','email.title','New contact from your site','2022-04-20 20:01:12','2022-04-20 20:19:47'),(2024,0,'en','plugins/contact/contact','form.name.required','Name is required','2022-04-20 20:01:12','2022-04-20 20:19:47'),(2025,0,'en','plugins/contact/contact','form.email.required','Email is required','2022-04-20 20:01:12','2022-04-20 20:19:47'),(2026,0,'en','plugins/contact/contact','form.email.email','The email address is not valid','2022-04-20 20:01:12','2022-04-20 20:19:47'),(2027,0,'en','plugins/contact/contact','form.content.required','Content is required','2022-04-20 20:01:12','2022-04-20 20:19:47'),(2028,0,'en','plugins/contact/contact','contact_sent_from','This contact information sent from','2022-04-20 20:01:12','2022-04-20 20:19:47'),(2029,0,'en','plugins/contact/contact','sender','Sender','2022-04-20 20:01:12','2022-04-20 20:19:47'),(2030,0,'en','plugins/contact/contact','sender_email','Email','2022-04-20 20:01:12','2022-04-20 20:19:47'),(2031,0,'en','plugins/contact/contact','sender_address','Address','2022-04-20 20:01:12','2022-04-20 20:19:47'),(2032,0,'en','plugins/contact/contact','sender_phone','Phone','2022-04-20 20:01:12','2022-04-20 20:19:47'),(2033,0,'en','plugins/contact/contact','message_content','Message content','2022-04-20 20:01:12','2022-04-20 20:19:47'),(2034,0,'en','plugins/contact/contact','sent_from','Email sent from','2022-04-20 20:01:12','2022-04-20 20:19:47'),(2035,0,'en','plugins/contact/contact','form_name','Name','2022-04-20 20:01:12','2022-04-20 20:19:47'),(2036,0,'en','plugins/contact/contact','form_email','Email','2022-04-20 20:01:12','2022-04-20 20:19:47'),(2037,0,'en','plugins/contact/contact','form_address','Address','2022-04-20 20:01:12','2022-04-20 20:19:47'),(2038,0,'en','plugins/contact/contact','form_subject','Subject','2022-04-20 20:01:12','2022-04-20 20:19:47'),(2039,0,'en','plugins/contact/contact','form_phone','Phone','2022-04-20 20:01:12','2022-04-20 20:19:47'),(2040,0,'en','plugins/contact/contact','form_message','Message','2022-04-20 20:01:12','2022-04-20 20:19:47'),(2041,0,'en','plugins/contact/contact','required_field','The field with (<span style=\"color: red\">*</span>) is required.','2022-04-20 20:01:12','2022-04-20 20:19:47'),(2042,0,'en','plugins/contact/contact','send_btn','Send message','2022-04-20 20:01:12','2022-04-20 20:19:47'),(2043,0,'en','plugins/contact/contact','new_msg_notice','You have <span class=\"bold\">:count</span> New Messages','2022-04-20 20:01:12','2022-04-20 20:19:47'),(2044,0,'en','plugins/contact/contact','view_all','View all','2022-04-20 20:01:12','2022-04-20 20:19:47'),(2045,0,'en','plugins/contact/contact','statuses.read','Read','2022-04-20 20:01:12','2022-04-20 20:19:47'),(2046,0,'en','plugins/contact/contact','statuses.unread','Unread','2022-04-20 20:01:12','2022-04-20 20:19:47'),(2047,0,'en','plugins/contact/contact','phone','Phone','2022-04-20 20:01:12','2022-04-20 20:19:47'),(2048,0,'en','plugins/contact/contact','address','Address','2022-04-20 20:01:12','2022-04-20 20:19:47'),(2049,0,'en','plugins/contact/contact','message','Message','2022-04-20 20:01:12','2022-04-20 20:19:47'),(2050,0,'en','plugins/contact/contact','settings.email.title','Contact','2022-04-20 20:01:12','2022-04-20 20:19:47'),(2051,0,'en','plugins/contact/contact','settings.email.description','Contact email configuration','2022-04-20 20:01:12','2022-04-20 20:19:47'),(2052,0,'en','plugins/contact/contact','settings.email.templates.notice_title','Send notice to administrator','2022-04-20 20:01:12','2022-04-20 20:19:47'),(2053,0,'en','plugins/contact/contact','settings.email.templates.notice_description','Email template to send notice to administrator when system get new contact','2022-04-20 20:01:12','2022-04-20 20:19:47'),(2054,0,'en','plugins/contact/contact','no_reply','No reply yet!','2022-04-20 20:01:12','2022-04-20 20:19:47'),(2055,0,'en','plugins/contact/contact','reply','Reply','2022-04-20 20:01:12','2022-04-20 20:19:47'),(2056,0,'en','plugins/contact/contact','send','Send','2022-04-20 20:01:12','2022-04-20 20:19:47'),(2057,0,'en','plugins/contact/contact','shortcode_name','Contact form','2022-04-20 20:01:12','2022-04-20 20:19:47'),(2058,0,'en','plugins/contact/contact','shortcode_description','Add a contact form','2022-04-20 20:01:12','2022-04-20 20:19:47'),(2059,0,'en','plugins/contact/contact','shortcode_content_description','Add shortcode [contact-form][/contact-form] to editor?','2022-04-20 20:01:12','2022-04-20 20:19:47'),(2060,0,'en','plugins/contact/contact','message_sent_success','Message sent successfully!','2022-04-20 20:01:12','2022-04-20 20:19:47'),(2061,0,'vi','plugins/contact/contact','menu','Liên hệ','2022-04-20 20:01:12','2022-04-20 20:19:47'),(2062,0,'vi','plugins/contact/contact','edit','Xem liên hệ','2022-04-20 20:01:12','2022-04-20 20:19:47'),(2063,0,'vi','plugins/contact/contact','tables.phone','Điện thoại','2022-04-20 20:01:12','2022-04-20 20:19:47'),(2064,0,'vi','plugins/contact/contact','tables.email','Email','2022-04-20 20:01:12','2022-04-20 20:19:47'),(2065,0,'vi','plugins/contact/contact','tables.full_name','Họ tên','2022-04-20 20:01:12','2022-04-20 20:19:47'),(2066,0,'vi','plugins/contact/contact','tables.time','Thời gian','2022-04-20 20:01:12','2022-04-20 20:19:47'),(2067,0,'vi','plugins/contact/contact','tables.address','Địa địa chỉ','2022-04-20 20:01:12','2022-04-20 20:19:47'),(2068,0,'vi','plugins/contact/contact','tables.subject','Tiêu đề','2022-04-20 20:01:12','2022-04-20 20:19:47'),(2069,0,'vi','plugins/contact/contact','tables.content','Nội dung','2022-04-20 20:01:12','2022-04-20 20:19:47'),(2070,0,'vi','plugins/contact/contact','contact_information','Thông tin liên hệ','2022-04-20 20:01:12','2022-04-20 20:19:47'),(2071,0,'vi','plugins/contact/contact','email.title','Thông tin liên hệ mới','2022-04-20 20:01:12','2022-04-20 20:19:47'),(2072,0,'vi','plugins/contact/contact','email.header','Email','2022-04-20 20:01:12','2022-04-20 20:19:47'),(2073,0,'vi','plugins/contact/contact','contact_sent_from','Liên hệ này được gửi từ','2022-04-20 20:01:12','2022-04-20 20:19:47'),(2074,0,'vi','plugins/contact/contact','form_address','Địa chỉ','2022-04-20 20:01:12','2022-04-20 20:19:47'),(2075,0,'vi','plugins/contact/contact','form_email','Thư điện tử','2022-04-20 20:01:12','2022-04-20 20:19:47'),(2076,0,'vi','plugins/contact/contact','form_message','Thông điệp','2022-04-20 20:01:12','2022-04-20 20:19:47'),(2077,0,'vi','plugins/contact/contact','form_name','Họ tên','2022-04-20 20:01:12','2022-04-20 20:19:47'),(2078,0,'vi','plugins/contact/contact','form_phone','Số điện thoại','2022-04-20 20:01:12','2022-04-20 20:19:47'),(2079,0,'vi','plugins/contact/contact','message_content','Nội dung thông điệp','2022-04-20 20:01:12','2022-04-20 20:19:47'),(2080,0,'vi','plugins/contact/contact','required_field','Những trường có dấu (<span style=\"color: red\">*</span>) là bắt buộc.','2022-04-20 20:01:12','2022-04-20 20:19:47'),(2081,0,'vi','plugins/contact/contact','send_btn','Gửi tin nhắn','2022-04-20 20:01:12','2022-04-20 20:19:47'),(2082,0,'vi','plugins/contact/contact','sender','Người gửi','2022-04-20 20:01:12','2022-04-20 20:19:47'),(2083,0,'vi','plugins/contact/contact','sender_address','Địa chỉ','2022-04-20 20:01:12','2022-04-20 20:19:47'),(2084,0,'vi','plugins/contact/contact','sender_email','Thư điện tử','2022-04-20 20:01:12','2022-04-20 20:19:47'),(2085,0,'vi','plugins/contact/contact','sender_phone','Số điện thoại','2022-04-20 20:01:12','2022-04-20 20:19:47'),(2086,0,'vi','plugins/contact/contact','sent_from','Thư được gửi từ','2022-04-20 20:01:12','2022-04-20 20:19:47'),(2087,0,'vi','plugins/contact/contact','address','Địa chỉ','2022-04-20 20:01:12','2022-04-20 20:19:47'),(2088,0,'vi','plugins/contact/contact','message','Liên hệ','2022-04-20 20:01:12','2022-04-20 20:19:47'),(2089,0,'vi','plugins/contact/contact','new_msg_notice','Bạn có <span class=\"bold\">:count</span> tin nhắn mới','2022-04-20 20:01:12','2022-04-20 20:19:47'),(2090,0,'vi','plugins/contact/contact','phone','Điện thoại','2022-04-20 20:01:12','2022-04-20 20:19:47'),(2091,0,'vi','plugins/contact/contact','statuses.read','Đã đọc','2022-04-20 20:01:12','2022-04-20 20:19:47'),(2092,0,'vi','plugins/contact/contact','statuses.unread','Chưa đọc','2022-04-20 20:01:12','2022-04-20 20:19:47'),(2093,0,'vi','plugins/contact/contact','view_all','Xem tất cả','2022-04-20 20:01:12','2022-04-20 20:19:47'),(2094,0,'vi','plugins/contact/contact','settings.email.title','Liên hệ','2022-04-20 20:01:12','2022-04-20 20:19:47'),(2095,0,'vi','plugins/contact/contact','settings.email.description','Cấu hình thông tin cho mục liên hệ','2022-04-20 20:01:12','2022-04-20 20:19:47'),(2096,0,'vi','plugins/contact/contact','settings.email.templates.notice_title','Thông báo tới admin','2022-04-20 20:01:12','2022-04-20 20:19:47'),(2097,0,'vi','plugins/contact/contact','settings.email.templates.notice_description','Mẫu nội dung email gửi tới admin khi có liên hệ mới','2022-04-20 20:01:12','2022-04-20 20:19:47'),(2098,0,'en','plugins/cookie-consent/cookie-consent','theme_options.name','Cookie Consent','2022-04-20 20:01:12','2022-04-20 20:19:47'),(2099,0,'en','plugins/cookie-consent/cookie-consent','theme_options.description','Cookie consent settings','2022-04-20 20:01:12','2022-04-20 20:19:47'),(2100,0,'en','plugins/cookie-consent/cookie-consent','theme_options.enable','Enable cookie consent?','2022-04-20 20:01:12','2022-04-20 20:19:47'),(2101,0,'en','plugins/cookie-consent/cookie-consent','theme_options.message','Message','2022-04-20 20:01:12','2022-04-20 20:19:47'),(2102,0,'en','plugins/cookie-consent/cookie-consent','theme_options.button_text','Button text','2022-04-20 20:01:12','2022-04-20 20:19:47'),(2103,0,'en','plugins/cookie-consent/cookie-consent','theme_options.max_width','Max width (px)','2022-04-20 20:01:12','2022-04-20 20:19:47'),(2104,0,'en','plugins/cookie-consent/cookie-consent','theme_options.background_color','Background color','2022-04-20 20:01:12','2022-04-20 20:19:47'),(2105,0,'en','plugins/cookie-consent/cookie-consent','theme_options.text_color','Text color','2022-04-20 20:01:12','2022-04-20 20:19:47'),(2106,0,'en','plugins/cookie-consent/cookie-consent','theme_options.learn_more_url','Learn more URL','2022-04-20 20:01:12','2022-04-20 20:19:47'),(2107,0,'en','plugins/cookie-consent/cookie-consent','theme_options.learn_more_text','Learn more text','2022-04-20 20:01:12','2022-04-20 20:19:47'),(2108,0,'en','plugins/cookie-consent/cookie-consent','theme_options.style','Style','2022-04-20 20:01:12','2022-04-20 20:19:47'),(2109,0,'en','plugins/cookie-consent/cookie-consent','theme_options.full_width','Full width','2022-04-20 20:01:12','2022-04-20 20:19:47'),(2110,0,'en','plugins/cookie-consent/cookie-consent','theme_options.minimal','Minimal','2022-04-20 20:01:12','2022-04-20 20:19:47'),(2111,0,'en','plugins/cookie-consent/cookie-consent','message','Your experience on this site will be improved by allowing cookies.','2022-04-20 20:01:12','2022-04-20 20:19:47'),(2112,0,'en','plugins/cookie-consent/cookie-consent','button_text','Allow cookies','2022-04-20 20:01:12','2022-04-20 20:19:47'),(2113,0,'en','plugins/ecommerce/brands','name','Brands','2022-04-20 20:01:12','2022-04-20 20:19:47'),(2114,0,'en','plugins/ecommerce/brands','create','New brand','2022-04-20 20:01:12','2022-04-20 20:19:47'),(2115,0,'en','plugins/ecommerce/brands','edit','Edit brand','2022-04-20 20:01:13','2022-04-20 20:19:47'),(2116,0,'en','plugins/ecommerce/brands','form.name','Name','2022-04-20 20:01:13','2022-04-20 20:19:47'),(2117,0,'en','plugins/ecommerce/brands','form.name_placeholder','Brand\'s name (Maximum 255 characters)','2022-04-20 20:01:13','2022-04-20 20:19:47'),(2118,0,'en','plugins/ecommerce/brands','form.description','Description','2022-04-20 20:01:13','2022-04-20 20:19:47'),(2119,0,'en','plugins/ecommerce/brands','form.description_placeholder','Short description for brand (Maximum 400 characters)','2022-04-20 20:01:13','2022-04-20 20:19:47'),(2120,0,'en','plugins/ecommerce/brands','form.website','Website','2022-04-20 20:01:13','2022-04-20 20:19:47'),(2121,0,'en','plugins/ecommerce/brands','form.logo','Logo','2022-04-20 20:01:13','2022-04-20 20:19:47'),(2122,0,'en','plugins/ecommerce/brands','form.is_featured','Is featured','2022-04-20 20:01:13','2022-04-20 20:19:47'),(2123,0,'en','plugins/ecommerce/brands','logo','Logo','2022-04-20 20:01:13','2022-04-20 20:19:47'),(2124,0,'en','plugins/ecommerce/brands','website','Website','2022-04-20 20:01:13','2022-04-20 20:19:47'),(2125,0,'en','plugins/ecommerce/brands','notices.no_select','Please select at least one record to take this action!','2022-04-20 20:01:13','2022-04-20 20:19:47'),(2126,0,'en','plugins/ecommerce/brands','notices.update_success_message','Update successfully','2022-04-20 20:01:13','2022-04-20 20:19:47'),(2127,0,'en','plugins/ecommerce/brands','cannot_delete','Brand could not be deleted','2022-04-20 20:01:13','2022-04-20 20:19:47'),(2128,0,'en','plugins/ecommerce/brands','brand_deleted','Brand deleted','2022-04-20 20:01:13','2022-04-20 20:19:47'),(2129,0,'en','plugins/ecommerce/brands','menu','Brands','2022-04-20 20:01:13','2022-04-20 20:19:47'),(2130,0,'en','plugins/ecommerce/brands','no_brand','No brand','2022-04-20 20:01:13','2022-04-20 20:19:47'),(2131,0,'en','plugins/ecommerce/brands','intro.title','Manage brands','2022-04-20 20:01:13','2022-04-20 20:19:47'),(2132,0,'en','plugins/ecommerce/brands','intro.description','Manage product brands such as Nike, Adidas, Bitis ...','2022-04-20 20:01:13','2022-04-20 20:19:47'),(2133,0,'en','plugins/ecommerce/brands','intro.button_text','Create brand','2022-04-20 20:01:13','2022-04-20 20:19:47'),(2134,0,'en','plugins/ecommerce/bulk-import','name','Bulk Import','2022-04-20 20:01:13','2022-04-20 20:19:47'),(2135,0,'en','plugins/ecommerce/bulk-import','loading_text','Importing','2022-04-20 20:01:13','2022-04-20 20:19:47'),(2136,0,'en','plugins/ecommerce/bulk-import','imported_successfully','Imported successfully.','2022-04-20 20:01:13','2022-04-20 20:19:47'),(2137,0,'en','plugins/ecommerce/bulk-import','please_choose_the_file_mime','Please choose the file mime :types','2022-04-20 20:01:13','2022-04-20 20:19:47'),(2138,0,'en','plugins/ecommerce/bulk-import','please_choose_the_file','Please choose the file','2022-04-20 20:01:13','2022-04-20 20:19:47'),(2139,0,'en','plugins/ecommerce/bulk-import','start_import','Start Import','2022-04-20 20:01:13','2022-04-20 20:19:47'),(2140,0,'en','plugins/ecommerce/bulk-import','note','Note!','2022-04-20 20:01:13','2022-04-20 20:19:47'),(2141,0,'en','plugins/ecommerce/bulk-import','warning_before_importing','If this is your first time using this feature, please read the documentation or contact the Administrator for access to the correct functionality!','2022-04-20 20:01:13','2022-04-20 20:19:47'),(2142,0,'en','plugins/ecommerce/bulk-import','results','Result: :success successes, :failed failures','2022-04-20 20:01:13','2022-04-20 20:19:47'),(2143,0,'en','plugins/ecommerce/bulk-import','failures','Failures','2022-04-20 20:01:13','2022-04-20 20:19:47'),(2144,0,'en','plugins/ecommerce/bulk-import','tables.import','Import','2022-04-20 20:01:13','2022-04-20 20:19:47'),(2145,0,'en','plugins/ecommerce/bulk-import','template','Template','2022-04-20 20:01:13','2022-04-20 20:19:47'),(2146,0,'en','plugins/ecommerce/bulk-import','rules','Rules','2022-04-20 20:01:13','2022-04-20 20:19:47'),(2147,0,'en','plugins/ecommerce/bulk-import','choose_file_with_mime','Choose file with mime: (:types)','2022-04-20 20:01:13','2022-04-20 20:19:47'),(2148,0,'en','plugins/ecommerce/bulk-import','choose_file','Choose file','2022-04-20 20:01:13','2022-04-20 20:19:47'),(2149,0,'en','plugins/ecommerce/bulk-import','menu','Import products','2022-04-20 20:01:13','2022-04-20 20:19:47'),(2150,0,'en','plugins/ecommerce/bulk-import','download-csv-file','Download CSV template','2022-04-20 20:01:13','2022-04-20 20:19:47'),(2151,0,'en','plugins/ecommerce/bulk-import','download-excel-file','Download Excel template','2022-04-20 20:01:13','2022-04-20 20:19:47'),(2152,0,'en','plugins/ecommerce/bulk-import','downloading','Downloading...','2022-04-20 20:01:13','2022-04-20 20:19:47'),(2153,0,'en','plugins/ecommerce/bulk-import','export.template.input_error','Input error','2022-04-20 20:01:13','2022-04-20 20:19:47'),(2154,0,'en','plugins/ecommerce/bulk-import','export.template.number_not_allowed','Number is not allowed!','2022-04-20 20:01:13','2022-04-20 20:19:47'),(2155,0,'en','plugins/ecommerce/bulk-import','export.template.allowed_input','Allowed input','2022-04-20 20:01:13','2022-04-20 20:19:47'),(2156,0,'en','plugins/ecommerce/bulk-import','export.template.prompt_decimal','Only numbers or decimals are accepted and greater than or equal to :min.','2022-04-20 20:01:13','2022-04-20 20:19:47'),(2157,0,'en','plugins/ecommerce/bulk-import','export.template.prompt_whole_number','Only numbers are accepted and greater than or equal to :min.','2022-04-20 20:01:13','2022-04-20 20:19:47'),(2158,0,'en','plugins/ecommerce/bulk-import','export.template.prompt_list','Please pick a value from the drop-down list.','2022-04-20 20:01:13','2022-04-20 20:19:47'),(2159,0,'en','plugins/ecommerce/bulk-import','export.template.pick_from_list','Pick from list','2022-04-20 20:01:13','2022-04-20 20:19:47'),(2160,0,'en','plugins/ecommerce/bulk-import','export.template.value_not_in_list','Value is not in list.','2022-04-20 20:01:13','2022-04-20 20:19:47'),(2161,0,'en','plugins/ecommerce/bulk-import','import_failed_description','Import failed, please check the errors below!','2022-04-20 20:01:13','2022-04-20 20:19:47'),(2162,0,'en','plugins/ecommerce/currency','currencies','Currencies','2022-04-20 20:01:13','2022-04-20 20:19:47'),(2163,0,'en','plugins/ecommerce/currency','setting_description','List of currencies using on website','2022-04-20 20:01:13','2022-04-20 20:19:47'),(2164,0,'en','plugins/ecommerce/currency','name','Name','2022-04-20 20:01:13','2022-04-20 20:19:47'),(2165,0,'en','plugins/ecommerce/currency','symbol','Symbol','2022-04-20 20:01:13','2022-04-20 20:19:47'),(2166,0,'en','plugins/ecommerce/currency','number_of_decimals','Number of decimals','2022-04-20 20:01:13','2022-04-20 20:19:47'),(2167,0,'en','plugins/ecommerce/currency','exchange_rate','Exchange rate','2022-04-20 20:01:13','2022-04-20 20:19:47'),(2168,0,'en','plugins/ecommerce/currency','is_prefix_symbol','Position of symbol','2022-04-20 20:01:13','2022-04-20 20:19:47'),(2169,0,'en','plugins/ecommerce/currency','is_default','Is default?','2022-04-20 20:01:13','2022-04-20 20:19:47'),(2170,0,'en','plugins/ecommerce/currency','remove','Remove','2022-04-20 20:01:13','2022-04-20 20:19:47'),(2171,0,'en','plugins/ecommerce/currency','new_currency','Add a new currency','2022-04-20 20:01:13','2022-04-20 20:19:47'),(2172,0,'en','plugins/ecommerce/currency','save_settings','Save settings','2022-04-20 20:01:13','2022-04-20 20:19:47'),(2173,0,'en','plugins/ecommerce/currency','before_number','Before number','2022-04-20 20:01:13','2022-04-20 20:19:47'),(2174,0,'en','plugins/ecommerce/currency','after_number','After number','2022-04-20 20:01:13','2022-04-20 20:19:47'),(2175,0,'en','plugins/ecommerce/currency','require_at_least_one_currency','The system requires at least one currency!','2022-04-20 20:01:13','2022-04-20 20:19:47'),(2176,0,'en','plugins/ecommerce/currency','enable_auto_detect_visitor_currency','Enable auto-detect visitor currency?','2022-04-20 20:01:13','2022-04-20 20:19:47'),(2177,0,'en','plugins/ecommerce/customer','name','Customers','2022-04-20 20:01:13','2022-04-20 20:19:47'),(2178,0,'en','plugins/ecommerce/customer','create','Create a customer','2022-04-20 20:01:13','2022-04-20 20:19:47'),(2179,0,'en','plugins/ecommerce/customer','edit','Edit customer \":name\"','2022-04-20 20:01:13','2022-04-20 20:19:47'),(2180,0,'en','plugins/ecommerce/customer','email','Email','2022-04-20 20:01:13','2022-04-20 20:19:47'),(2181,0,'en','plugins/ecommerce/customer','email_placeholder','Ex: example@gmail.com','2022-04-20 20:01:13','2022-04-20 20:19:47'),(2182,0,'en','plugins/ecommerce/customer','password','Password','2022-04-20 20:01:13','2022-04-20 20:19:47'),(2183,0,'en','plugins/ecommerce/customer','change_password','Change password?','2022-04-20 20:01:13','2022-04-20 20:19:47'),(2184,0,'en','plugins/ecommerce/customer','password_confirmation','Password confirmation','2022-04-20 20:01:13','2022-04-20 20:19:47'),(2185,0,'en','plugins/ecommerce/customer','intro.title','Manage customers','2022-04-20 20:01:13','2022-04-20 20:19:47'),(2186,0,'en','plugins/ecommerce/customer','intro.description','When a customer buy your product(s), you will know their order histories.','2022-04-20 20:01:13','2022-04-20 20:19:47'),(2187,0,'en','plugins/ecommerce/customer','intro.button_text','Create customer','2022-04-20 20:01:13','2022-04-20 20:19:47'),(2188,0,'en','plugins/ecommerce/customer','phone','Phone','2022-04-20 20:01:13','2022-04-20 20:19:47'),(2189,0,'en','plugins/ecommerce/customer','phone_placeholder','Phone','2022-04-20 20:01:13','2022-04-20 20:19:47'),(2190,0,'en','plugins/ecommerce/customer','avatar','Avatar','2022-04-20 20:01:13','2022-04-20 20:19:47'),(2191,0,'en','plugins/ecommerce/customer','dob','Date of birth','2022-04-20 20:01:13','2022-04-20 20:19:47'),(2192,0,'en','plugins/ecommerce/customer','statuses.activated','Activated','2022-04-20 20:01:13','2022-04-20 20:19:47'),(2193,0,'en','plugins/ecommerce/customer','statuses.locked','Locked','2022-04-20 20:01:13','2022-04-20 20:19:47'),(2194,0,'en','plugins/ecommerce/customer','email_verified','Email verified?','2022-04-20 20:01:13','2022-04-20 20:19:47'),(2195,0,'en','plugins/ecommerce/discount','name','Discounts','2022-04-20 20:01:13','2022-04-20 20:19:47'),(2196,0,'en','plugins/ecommerce/discount','create','Create discount','2022-04-20 20:01:13','2022-04-20 20:19:47'),(2197,0,'en','plugins/ecommerce/discount','invalid_coupon','This coupon is invalid or expired!','2022-04-20 20:01:13','2022-04-20 20:19:47'),(2198,0,'en','plugins/ecommerce/discount','cannot_use_same_time_with_other_discount_program','Cannot use this coupon in the same time with other discount program!','2022-04-20 20:01:13','2022-04-20 20:19:47'),(2199,0,'en','plugins/ecommerce/discount','not_used','This coupon is not used yet!','2022-04-20 20:01:13','2022-04-20 20:19:47'),(2200,0,'en','plugins/ecommerce/discount','detail','Detail','2022-04-20 20:01:13','2022-04-20 20:19:47'),(2201,0,'en','plugins/ecommerce/discount','used','Used','2022-04-20 20:01:13','2022-04-20 20:19:47'),(2202,0,'en','plugins/ecommerce/discount','intro.title','Manage discount/coupon code','2022-04-20 20:01:13','2022-04-20 20:19:47'),(2203,0,'en','plugins/ecommerce/discount','intro.description','Create coupon code or promotion for your products.','2022-04-20 20:01:13','2022-04-20 20:19:47'),(2204,0,'en','plugins/ecommerce/discount','intro.button_text','Create discount','2022-04-20 20:01:13','2022-04-20 20:19:47'),(2205,0,'en','plugins/ecommerce/discount','expired','Expired','2022-04-20 20:01:13','2022-04-20 20:19:47'),(2206,0,'en','plugins/ecommerce/discount','discount_promotion','Discount promotion','2022-04-20 20:01:13','2022-04-20 20:19:47'),(2207,0,'en','plugins/ecommerce/discount','can','can','2022-04-20 20:01:13','2022-04-20 20:19:47'),(2208,0,'en','plugins/ecommerce/discount','cannot','cannot','2022-04-20 20:01:13','2022-04-20 20:19:47'),(2209,0,'en','plugins/ecommerce/discount','use_with_promotion','be used with promotion','2022-04-20 20:01:13','2022-04-20 20:19:47'),(2210,0,'en','plugins/ecommerce/discount','create_discount_validate_title_required_if','Please enter the name of the promotion','2022-04-20 20:01:13','2022-04-20 20:19:47'),(2211,0,'en','plugins/ecommerce/discount','create_discount_validate_code_required_if','Please enter the promotion code','2022-04-20 20:01:13','2022-04-20 20:19:47'),(2212,0,'en','plugins/ecommerce/discount','create_discount_validate_value_required','Amount must be greater than 0','2022-04-20 20:01:13','2022-04-20 20:19:47'),(2213,0,'en','plugins/ecommerce/discount','create_discount_validate_target_required','No object selected for promotion','2022-04-20 20:01:13','2022-04-20 20:19:47'),(2214,0,'en','plugins/ecommerce/discount','enums.type-options.amount','Amount - Fixed','2022-04-20 20:01:13','2022-04-20 20:19:47'),(2215,0,'en','plugins/ecommerce/discount','enums.type-options.percentage','Discount %','2022-04-20 20:01:13','2022-04-20 20:19:47'),(2216,0,'en','plugins/ecommerce/discount','enums.type-options.shipping','Free shipping','2022-04-20 20:01:13','2022-04-20 20:19:47'),(2217,0,'en','plugins/ecommerce/discount','enums.type-options.same-price','Same price','2022-04-20 20:01:13','2022-04-20 20:19:47'),(2218,0,'en','plugins/ecommerce/discount','discount','Discount','2022-04-20 20:01:13','2022-04-20 20:19:47'),(2219,0,'en','plugins/ecommerce/discount','create_coupon_code','Create coupon code','2022-04-20 20:01:13','2022-04-20 20:19:47'),(2220,0,'en','plugins/ecommerce/discount','create_discount_promotion','Create discount promotion','2022-04-20 20:01:13','2022-04-20 20:19:47'),(2221,0,'en','plugins/ecommerce/discount','generate_coupon_code','Generate coupon code','2022-04-20 20:01:13','2022-04-20 20:19:47'),(2222,0,'en','plugins/ecommerce/discount','customers_will_enter_this_coupon_code_when_they_checkout','Customers will enter this coupon code when they checkout','2022-04-20 20:01:13','2022-04-20 20:19:47'),(2223,0,'en','plugins/ecommerce/discount','select_type_of_discount','Select type of discount','2022-04-20 20:01:13','2022-04-20 20:19:47'),(2224,0,'en','plugins/ecommerce/discount','coupon_code','Coupon code','2022-04-20 20:01:13','2022-04-20 20:19:47'),(2225,0,'en','plugins/ecommerce/discount','promotion','Promotion','2022-04-20 20:01:13','2022-04-20 20:19:47'),(2226,0,'en','plugins/ecommerce/discount','can_be_used_with_promotion','Can be used with promotion','2022-04-20 20:01:13','2022-04-20 20:19:47'),(2227,0,'en','plugins/ecommerce/discount','unlimited_coupon','Unlimited coupon','2022-04-20 20:01:13','2022-04-20 20:19:47'),(2228,0,'en','plugins/ecommerce/discount','enter_number','Enter number','2022-04-20 20:01:13','2022-04-20 20:19:47'),(2229,0,'en','plugins/ecommerce/discount','coupon_type','Coupon type','2022-04-20 20:01:13','2022-04-20 20:19:47'),(2230,0,'en','plugins/ecommerce/discount','percentage_discount','Percentage discount (%)','2022-04-20 20:01:13','2022-04-20 20:19:47'),(2231,0,'en','plugins/ecommerce/discount','free_shipping','Free shipping','2022-04-20 20:01:13','2022-04-20 20:19:47'),(2232,0,'en','plugins/ecommerce/discount','same_price','Same price','2022-04-20 20:01:13','2022-04-20 20:19:47'),(2233,0,'en','plugins/ecommerce/discount','apply_for','apply for','2022-04-20 20:01:13','2022-04-20 20:19:47'),(2234,0,'en','plugins/ecommerce/discount','all_orders','All orders','2022-04-20 20:01:13','2022-04-20 20:19:47'),(2235,0,'en','plugins/ecommerce/discount','order_amount_from','Order amount from','2022-04-20 20:01:13','2022-04-20 20:19:47'),(2236,0,'en','plugins/ecommerce/discount','product_collection','Product collection','2022-04-20 20:01:13','2022-04-20 20:19:47'),(2237,0,'en','plugins/ecommerce/discount','product','Product','2022-04-20 20:01:13','2022-04-20 20:19:47'),(2238,0,'en','plugins/ecommerce/discount','customer','Customer','2022-04-20 20:01:13','2022-04-20 20:19:47'),(2239,0,'en','plugins/ecommerce/discount','variant','Variant','2022-04-20 20:01:13','2022-04-20 20:19:47'),(2240,0,'en','plugins/ecommerce/discount','search_product','Search product','2022-04-20 20:01:13','2022-04-20 20:19:47'),(2241,0,'en','plugins/ecommerce/discount','no_products_found','No products found!','2022-04-20 20:01:13','2022-04-20 20:19:47'),(2242,0,'en','plugins/ecommerce/discount','search_customer','Search customer','2022-04-20 20:01:13','2022-04-20 20:19:47'),(2243,0,'en','plugins/ecommerce/discount','no_customer_found','No customer found!','2022-04-20 20:01:13','2022-04-20 20:19:47'),(2244,0,'en','plugins/ecommerce/discount','one_time_per_order','One time per order','2022-04-20 20:01:13','2022-04-20 20:19:47'),(2245,0,'en','plugins/ecommerce/discount','one_time_per_product_in_cart','One time per product in cart','2022-04-20 20:01:13','2022-04-20 20:19:47'),(2246,0,'en','plugins/ecommerce/discount','number_of_products','Number of products required to apply','2022-04-20 20:01:13','2022-04-20 20:19:47'),(2247,0,'en','plugins/ecommerce/discount','selected_products','Selected products','2022-04-20 20:01:13','2022-04-20 20:19:47'),(2248,0,'en','plugins/ecommerce/discount','selected_customers','Selected customers','2022-04-20 20:01:13','2022-04-20 20:19:47'),(2249,0,'en','plugins/ecommerce/discount','time','Time','2022-04-20 20:01:13','2022-04-20 20:19:47'),(2250,0,'en','plugins/ecommerce/discount','start_date','Start date','2022-04-20 20:01:13','2022-04-20 20:19:47'),(2251,0,'en','plugins/ecommerce/discount','end_date','End date','2022-04-20 20:01:13','2022-04-20 20:19:47'),(2252,0,'en','plugins/ecommerce/discount','never_expired','Never expired','2022-04-20 20:01:13','2022-04-20 20:19:47'),(2253,0,'en','plugins/ecommerce/discount','save','Save','2022-04-20 20:01:13','2022-04-20 20:19:47'),(2254,0,'en','plugins/ecommerce/discount','enter_promotion_name','Enter promotion name','2022-04-20 20:01:13','2022-04-20 20:19:47'),(2255,0,'en','plugins/ecommerce/discount','enter_coupon_name','Enter coupon name','2022-04-20 20:01:13','2022-04-20 20:19:47'),(2256,0,'en','plugins/ecommerce/discount','cancel','Cancel','2022-04-20 20:01:13','2022-04-20 20:19:47'),(2257,0,'en','plugins/ecommerce/discount','is','Is','2022-04-20 20:01:13','2022-04-20 20:19:47'),(2258,0,'en','plugins/ecommerce/discount','when_shipping_fee_less_than','when shipping fee less than','2022-04-20 20:01:13','2022-04-20 20:19:47'),(2259,0,'en','plugins/ecommerce/ecommerce','settings','Settings','2022-04-20 20:01:13','2022-04-20 20:19:47'),(2260,0,'en','plugins/ecommerce/ecommerce','name','Ecommerce','2022-04-20 20:01:13','2022-04-20 20:19:47'),(2261,0,'en','plugins/ecommerce/ecommerce','setting.email.title','E-commerce','2022-04-20 20:01:13','2022-04-20 20:19:47'),(2262,0,'en','plugins/ecommerce/ecommerce','setting.email.description','Ecommerce email config','2022-04-20 20:01:13','2022-04-20 20:19:47'),(2263,0,'en','plugins/ecommerce/ecommerce','setting.email.order_confirm_subject','Subject of order confirmation email','2022-04-20 20:01:13','2022-04-20 20:19:47'),(2264,0,'en','plugins/ecommerce/ecommerce','setting.email.order_confirm_subject_placeholder','The subject of email confirmation send to the customer','2022-04-20 20:01:13','2022-04-20 20:19:47'),(2265,0,'en','plugins/ecommerce/ecommerce','setting.email.order_confirm_content','Content of order confirmation email','2022-04-20 20:01:13','2022-04-20 20:19:47'),(2266,0,'en','plugins/ecommerce/ecommerce','setting.email.order_status_change_subject','Subject of email when changing order\'s status','2022-04-20 20:01:13','2022-04-20 20:19:47'),(2267,0,'en','plugins/ecommerce/ecommerce','setting.email.order_status_change_subject_placeholder','Subject of email when changing order\'s status send to customer','2022-04-20 20:01:13','2022-04-20 20:19:47'),(2268,0,'en','plugins/ecommerce/ecommerce','setting.email.order_status_change_content','Content of email when changing order\'s status','2022-04-20 20:01:13','2022-04-20 20:19:47'),(2269,0,'en','plugins/ecommerce/ecommerce','setting.email.from_email','Email from','2022-04-20 20:01:13','2022-04-20 20:19:47'),(2270,0,'en','plugins/ecommerce/ecommerce','setting.email.from_email_placeholder','Email from address to display in mail. Ex: example@gmail.com','2022-04-20 20:01:13','2022-04-20 20:19:47'),(2271,0,'en','plugins/ecommerce/ecommerce','setting.title','Basic information','2022-04-20 20:01:13','2022-04-20 20:19:47'),(2272,0,'en','plugins/ecommerce/ecommerce','setting.state','State','2022-04-20 20:01:13','2022-04-20 20:19:47'),(2273,0,'en','plugins/ecommerce/ecommerce','setting.city','City','2022-04-20 20:01:13','2022-04-20 20:19:47'),(2274,0,'en','plugins/ecommerce/ecommerce','setting.country','Country','2022-04-20 20:01:13','2022-04-20 20:19:47'),(2275,0,'en','plugins/ecommerce/ecommerce','setting.weight_unit_gram','Gram (g)','2022-04-20 20:01:13','2022-04-20 20:19:47'),(2276,0,'en','plugins/ecommerce/ecommerce','setting.weight_unit_kilogram','Kilogram (kg)','2022-04-20 20:01:13','2022-04-20 20:19:47'),(2277,0,'en','plugins/ecommerce/ecommerce','setting.weight_unit_lb','Pound (lb)','2022-04-20 20:01:13','2022-04-20 20:19:47'),(2278,0,'en','plugins/ecommerce/ecommerce','setting.weight_unit_oz','Ounce (oz)','2022-04-20 20:01:13','2022-04-20 20:19:47'),(2279,0,'en','plugins/ecommerce/ecommerce','setting.height_unit_cm','Centimeter (cm)','2022-04-20 20:01:13','2022-04-20 20:19:47'),(2280,0,'en','plugins/ecommerce/ecommerce','setting.height_unit_m','Meter (m)','2022-04-20 20:01:13','2022-04-20 20:19:47'),(2281,0,'en','plugins/ecommerce/ecommerce','setting.height_unit_inch','Inch','2022-04-20 20:01:13','2022-04-20 20:19:47'),(2282,0,'en','plugins/ecommerce/ecommerce','setting.store_locator_title','Store locators','2022-04-20 20:01:13','2022-04-20 20:19:47'),(2283,0,'en','plugins/ecommerce/ecommerce','setting.store_locator_description','All the lists of your chains, main stores, branches, etc. The locations can be used to track sales and to help us configure tax rates to charge when selling products.','2022-04-20 20:01:13','2022-04-20 20:19:47'),(2284,0,'en','plugins/ecommerce/ecommerce','setting.phone','Phone','2022-04-20 20:01:13','2022-04-20 20:19:47'),(2285,0,'en','plugins/ecommerce/ecommerce','setting.address','Address','2022-04-20 20:01:13','2022-04-20 20:19:47'),(2286,0,'en','plugins/ecommerce/ecommerce','setting.is_primary','Primary?','2022-04-20 20:01:13','2022-04-20 20:19:47'),(2287,0,'en','plugins/ecommerce/ecommerce','setting.add_new','Add new','2022-04-20 20:01:13','2022-04-20 20:19:47'),(2288,0,'en','plugins/ecommerce/ecommerce','setting.or','Or','2022-04-20 20:01:13','2022-04-20 20:19:47'),(2289,0,'en','plugins/ecommerce/ecommerce','setting.change_primary_store','change default store locator','2022-04-20 20:01:13','2022-04-20 20:19:47'),(2290,0,'en','plugins/ecommerce/ecommerce','setting.other_settings','Other settings','2022-04-20 20:01:13','2022-04-20 20:19:47'),(2291,0,'en','plugins/ecommerce/ecommerce','setting.other_settings_description','Settings for cart, review...','2022-04-20 20:01:13','2022-04-20 20:19:47'),(2292,0,'en','plugins/ecommerce/ecommerce','setting.enable_cart','Enable shopping cart?','2022-04-20 20:01:13','2022-04-20 20:19:47'),(2293,0,'en','plugins/ecommerce/ecommerce','setting.enable_tax','Enable tax?','2022-04-20 20:01:13','2022-04-20 20:19:47'),(2294,0,'en','plugins/ecommerce/ecommerce','setting.display_product_price_including_taxes','Display product price including taxes?','2022-04-20 20:01:13','2022-04-20 20:19:47'),(2295,0,'en','plugins/ecommerce/ecommerce','setting.enable_review','Enable review?','2022-04-20 20:01:13','2022-04-20 20:19:47'),(2296,0,'en','plugins/ecommerce/ecommerce','setting.enable_quick_buy_button','Enable quick buy button?','2022-04-20 20:01:13','2022-04-20 20:19:47'),(2297,0,'en','plugins/ecommerce/ecommerce','setting.quick_buy_target','Quick buy target page?','2022-04-20 20:01:13','2022-04-20 20:19:47'),(2298,0,'en','plugins/ecommerce/ecommerce','setting.checkout_page','Checkout page','2022-04-20 20:01:13','2022-04-20 20:19:47'),(2299,0,'en','plugins/ecommerce/ecommerce','setting.cart_page','Cart page','2022-04-20 20:01:13','2022-04-20 20:19:47'),(2300,0,'en','plugins/ecommerce/ecommerce','setting.add_location','Add location','2022-04-20 20:01:13','2022-04-20 20:19:47'),(2301,0,'en','plugins/ecommerce/ecommerce','setting.edit_location','Edit location','2022-04-20 20:01:13','2022-04-20 20:19:47'),(2302,0,'en','plugins/ecommerce/ecommerce','setting.delete_location','Delete location','2022-04-20 20:01:13','2022-04-20 20:19:47'),(2303,0,'en','plugins/ecommerce/ecommerce','setting.change_primary_location','Change primary location','2022-04-20 20:01:13','2022-04-20 20:19:47'),(2304,0,'en','plugins/ecommerce/ecommerce','setting.delete_location_confirmation','Are you sure you want to delete this location? This action cannot be undo.','2022-04-20 20:01:13','2022-04-20 20:19:47'),(2305,0,'en','plugins/ecommerce/ecommerce','setting.save_location','Save location','2022-04-20 20:01:13','2022-04-20 20:19:47'),(2306,0,'en','plugins/ecommerce/ecommerce','setting.accept','Accept','2022-04-20 20:01:13','2022-04-20 20:19:47'),(2307,0,'en','plugins/ecommerce/ecommerce','setting.select_country','Select country...','2022-04-20 20:01:13','2022-04-20 20:19:47'),(2308,0,'en','plugins/ecommerce/ecommerce','setting.zip_code_enabled','Enable Zip Code?','2022-04-20 20:01:13','2022-04-20 20:19:47'),(2309,0,'en','plugins/ecommerce/ecommerce','setting.thousands_separator','Thousands separator','2022-04-20 20:01:13','2022-04-20 20:19:47'),(2310,0,'en','plugins/ecommerce/ecommerce','setting.decimal_separator','Decimal separator','2022-04-20 20:01:13','2022-04-20 20:19:47'),(2311,0,'en','plugins/ecommerce/ecommerce','setting.separator_period','Period (.)','2022-04-20 20:01:13','2022-04-20 20:19:47'),(2312,0,'en','plugins/ecommerce/ecommerce','setting.separator_comma','Comma (,)','2022-04-20 20:01:13','2022-04-20 20:19:47'),(2313,0,'en','plugins/ecommerce/ecommerce','setting.separator_space','Space ( )','2022-04-20 20:01:13','2022-04-20 20:19:47'),(2314,0,'en','plugins/ecommerce/ecommerce','setting.available_countries','Available countries','2022-04-20 20:01:13','2022-04-20 20:19:47'),(2315,0,'en','plugins/ecommerce/ecommerce','setting.all','All','2022-04-20 20:01:13','2022-04-20 20:19:47'),(2316,0,'en','plugins/ecommerce/ecommerce','setting.verify_customer_email','Verify customer\'s email?','2022-04-20 20:01:13','2022-04-20 20:19:47'),(2317,0,'en','plugins/ecommerce/ecommerce','setting.minimum_order_amount','Minimum order amount to place an order (:currency).','2022-04-20 20:01:13','2022-04-20 20:19:47'),(2318,0,'en','plugins/ecommerce/ecommerce','setting.enable_guest_checkout','Enable guest checkout?','2022-04-20 20:01:13','2022-04-20 20:19:47'),(2319,0,'en','plugins/ecommerce/ecommerce','setting.show_number_of_products','Show number of products in the product single','2022-04-20 20:01:13','2022-04-20 20:19:47'),(2320,0,'en','plugins/ecommerce/ecommerce','setting.payment_method_cod_minimum_amount','Minimum order amount - :currency (Optional)','2022-04-20 20:01:13','2022-04-20 20:19:47'),(2321,0,'en','plugins/ecommerce/ecommerce','setting.review.max_file_size','Review max file size (MB)','2022-04-20 20:01:13','2022-04-20 20:19:47'),(2322,0,'en','plugins/ecommerce/ecommerce','setting.review.max_file_number','Review max file number','2022-04-20 20:01:13','2022-04-20 20:19:47'),(2323,0,'en','plugins/ecommerce/ecommerce','setting.using_custom_font_for_invoice','Using custom font for invoice?','2022-04-20 20:01:13','2022-04-20 20:19:47'),(2324,0,'en','plugins/ecommerce/ecommerce','setting.invoice_font_family','Invoice font family (Only work for Latin language)','2022-04-20 20:01:13','2022-04-20 20:19:47'),(2325,0,'en','plugins/ecommerce/ecommerce','setting.enable_invoice_stamp','Enable invoice stamp?','2022-04-20 20:01:13','2022-04-20 20:19:47'),(2326,0,'en','plugins/ecommerce/ecommerce','setting.make_phone_field_at_the_checkout_optional','Make phone field at the checkout optional?','2022-04-20 20:01:13','2022-04-20 20:19:47'),(2327,0,'en','plugins/ecommerce/ecommerce','setting.disable_order_invoice_until_order_confirmed','Disable order invoice until order confirmed?','2022-04-20 20:01:13','2022-04-20 20:19:47'),(2328,0,'en','plugins/ecommerce/ecommerce','setting.vat_number','VAT number','2022-04-20 20:01:13','2022-04-20 20:19:47'),(2329,0,'en','plugins/ecommerce/ecommerce','setting.enable_recaptcha_in_register_page','Enable Recaptcha in the registration page?','2022-04-20 20:01:13','2022-04-20 20:19:47'),(2330,0,'en','plugins/ecommerce/ecommerce','setting.enable_recaptcha_in_register_page_description','Need to setup Captcha in Admin -> Settings -> General first.','2022-04-20 20:01:13','2022-04-20 20:19:47'),(2331,0,'en','plugins/ecommerce/ecommerce','setting.show_out_of_stock_products','Show out of stock products?','2022-04-20 20:01:13','2022-04-20 20:19:47'),(2332,0,'en','plugins/ecommerce/ecommerce','setting.default_tax_rate','Default tax rate','2022-04-20 20:01:13','2022-04-20 20:19:47'),(2333,0,'en','plugins/ecommerce/ecommerce','setting.default_tax_rate_description','Important: it will be applied if no tax selected in product.','2022-04-20 20:01:13','2022-04-20 20:19:47'),(2334,0,'en','plugins/ecommerce/ecommerce','setting.how_to_display_product_variation_images','How to display product variation images?','2022-04-20 20:01:13','2022-04-20 20:19:47'),(2335,0,'en','plugins/ecommerce/ecommerce','setting.only_variation_images','Only variation images','2022-04-20 20:01:13','2022-04-20 20:19:47'),(2336,0,'en','plugins/ecommerce/ecommerce','setting.variation_images_and_main_product_images','Variation images + main product images','2022-04-20 20:01:13','2022-04-20 20:19:47'),(2337,0,'en','plugins/ecommerce/ecommerce','setting.load_countries_states_cities_from_location_plugin','Load countries, states, cities from plugin location?','2022-04-20 20:01:13','2022-04-20 20:19:47'),(2338,0,'en','plugins/ecommerce/ecommerce','setting.enable_wishlist','Enable wishlist?','2022-04-20 20:01:13','2022-04-20 20:19:47'),(2339,0,'en','plugins/ecommerce/ecommerce','setting.enable_compare','Enable compare?','2022-04-20 20:01:13','2022-04-20 20:19:47'),(2340,0,'en','plugins/ecommerce/ecommerce','setting.enable_order_tracking','Enable order tracking?','2022-04-20 20:01:13','2022-04-20 20:19:47'),(2341,0,'en','plugins/ecommerce/ecommerce','store_address','Store address','2022-04-20 20:01:13','2022-04-20 20:19:47'),(2342,0,'en','plugins/ecommerce/ecommerce','store_phone','Store phone','2022-04-20 20:01:13','2022-04-20 20:19:47'),(2343,0,'en','plugins/ecommerce/ecommerce','order_id','Order ID','2022-04-20 20:01:13','2022-04-20 20:19:47'),(2344,0,'en','plugins/ecommerce/ecommerce','order_token','Order token','2022-04-20 20:01:13','2022-04-20 20:19:47'),(2345,0,'en','plugins/ecommerce/ecommerce','customer_name','Customer name','2022-04-20 20:01:13','2022-04-20 20:19:47'),(2346,0,'en','plugins/ecommerce/ecommerce','customer_email','Customer email','2022-04-20 20:01:13','2022-04-20 20:19:47'),(2347,0,'en','plugins/ecommerce/ecommerce','customer_phone','Customer phone','2022-04-20 20:01:13','2022-04-20 20:19:47'),(2348,0,'en','plugins/ecommerce/ecommerce','customer_address','Customer address','2022-04-20 20:01:13','2022-04-20 20:19:47'),(2349,0,'en','plugins/ecommerce/ecommerce','product_list','List products in order','2022-04-20 20:01:13','2022-04-20 20:19:47'),(2350,0,'en','plugins/ecommerce/ecommerce','payment_detail','Payment detail','2022-04-20 20:01:13','2022-04-20 20:19:47'),(2351,0,'en','plugins/ecommerce/ecommerce','shipping_method','Shipping method','2022-04-20 20:01:13','2022-04-20 20:19:47'),(2352,0,'en','plugins/ecommerce/ecommerce','payment_method','Payment method','2022-04-20 20:01:13','2022-04-20 20:19:47'),(2353,0,'en','plugins/ecommerce/ecommerce','standard_and_format','Standard & Format','2022-04-20 20:01:13','2022-04-20 20:19:47'),(2354,0,'en','plugins/ecommerce/ecommerce','standard_and_format_description','Standards and formats are used to calculate things like product prices, shipping weights, and order times.','2022-04-20 20:01:13','2022-04-20 20:19:47'),(2355,0,'en','plugins/ecommerce/ecommerce','change_order_format','Edit order code format (optional)','2022-04-20 20:01:13','2022-04-20 20:19:47'),(2356,0,'en','plugins/ecommerce/ecommerce','change_order_format_description','The default order code starts at: number. You can change the start or end string to create the order code you want, for example \"DH-: number\" or \": number-A\"','2022-04-20 20:01:13','2022-04-20 20:19:47'),(2357,0,'en','plugins/ecommerce/ecommerce','start_with','Start with','2022-04-20 20:01:13','2022-04-20 20:19:47'),(2358,0,'en','plugins/ecommerce/ecommerce','end_with','End with','2022-04-20 20:01:13','2022-04-20 20:19:47'),(2359,0,'en','plugins/ecommerce/ecommerce','order_will_be_shown','Your order code will be shown','2022-04-20 20:01:13','2022-04-20 20:19:47'),(2360,0,'en','plugins/ecommerce/ecommerce','weight_unit','Unit of weight','2022-04-20 20:01:13','2022-04-20 20:19:47'),(2361,0,'en','plugins/ecommerce/ecommerce','height_unit','Unit length / height','2022-04-20 20:01:13','2022-04-20 20:19:47'),(2362,0,'en','plugins/ecommerce/ecommerce','theme_options.name','Ecommerce','2022-04-20 20:01:13','2022-04-20 20:19:47'),(2363,0,'en','plugins/ecommerce/ecommerce','theme_options.description','Theme options for Ecommerce','2022-04-20 20:01:13','2022-04-20 20:19:47'),(2364,0,'en','plugins/ecommerce/ecommerce','theme_options.number_products_per_page','Number of products per page','2022-04-20 20:01:13','2022-04-20 20:19:47'),(2365,0,'en','plugins/ecommerce/ecommerce','theme_options.number_of_cross_sale_product','Number of cross sale products in product detail page','2022-04-20 20:01:13','2022-04-20 20:19:47'),(2366,0,'en','plugins/ecommerce/ecommerce','theme_options.max_price_filter','Maximum price to filter','2022-04-20 20:01:13','2022-04-20 20:19:47'),(2367,0,'en','plugins/ecommerce/ecommerce','theme_options.logo_in_the_checkout_page','Logo in the checkout page (Default is the main logo)','2022-04-20 20:01:13','2022-04-20 20:19:47'),(2368,0,'en','plugins/ecommerce/ecommerce','theme_options.logo_in_invoices','Logo in invoices (Default is the main logo)','2022-04-20 20:01:13','2022-04-20 20:19:47'),(2369,0,'en','plugins/ecommerce/ecommerce','basic_settings','Basic settings','2022-04-20 20:01:13','2022-04-20 20:19:47'),(2370,0,'en','plugins/ecommerce/ecommerce','advanced_settings','Advanced settings','2022-04-20 20:01:13','2022-04-20 20:19:47'),(2371,0,'en','plugins/ecommerce/email','customer_new_order_title','Order confirmation','2022-04-20 20:01:13','2022-04-20 20:19:47'),(2372,0,'en','plugins/ecommerce/email','customer_new_order_description','Send email confirmation to customer when an order placed','2022-04-20 20:01:13','2022-04-20 20:19:47'),(2373,0,'en','plugins/ecommerce/email','order_cancellation_title','Order cancellation','2022-04-20 20:01:13','2022-04-20 20:19:47'),(2374,0,'en','plugins/ecommerce/email','order_cancellation_description','Send to custom when they cancelled order','2022-04-20 20:01:13','2022-04-20 20:19:47'),(2375,0,'en','plugins/ecommerce/email','delivery_confirmation_title','Delivering confirmation','2022-04-20 20:01:13','2022-04-20 20:19:47'),(2376,0,'en','plugins/ecommerce/email','delivery_confirmation_description','Send to customer when order is delivering','2022-04-20 20:01:13','2022-04-20 20:19:47'),(2377,0,'en','plugins/ecommerce/email','admin_new_order_title','Notice about new order','2022-04-20 20:01:13','2022-04-20 20:19:47'),(2378,0,'en','plugins/ecommerce/email','admin_new_order_description','Send to administrators when an order placed','2022-04-20 20:01:13','2022-04-20 20:19:47'),(2379,0,'en','plugins/ecommerce/email','order_confirmation_title','Order confirmation','2022-04-20 20:01:13','2022-04-20 20:19:47'),(2380,0,'en','plugins/ecommerce/email','order_confirmation_description','Send to customer when they order was confirmed by admins','2022-04-20 20:01:13','2022-04-20 20:19:47'),(2381,0,'en','plugins/ecommerce/email','payment_confirmation_title','Payment confirmation','2022-04-20 20:01:13','2022-04-20 20:19:47'),(2382,0,'en','plugins/ecommerce/email','payment_confirmation_description','Send to customer when their payment was confirmed','2022-04-20 20:01:13','2022-04-20 20:19:47'),(2383,0,'en','plugins/ecommerce/email','order_recover_title','Incomplete order','2022-04-20 20:01:13','2022-04-20 20:19:47'),(2384,0,'en','plugins/ecommerce/email','order_recover_description','Send to custom to remind them about incomplete orders','2022-04-20 20:01:13','2022-04-20 20:19:47'),(2385,0,'en','plugins/ecommerce/email','view_order','View order','2022-04-20 20:01:13','2022-04-20 20:19:47'),(2386,0,'en','plugins/ecommerce/email','link_go_to_our_shop','or <a href=\":link\">Go to our shop</a>','2022-04-20 20:01:13','2022-04-20 20:19:47'),(2387,0,'en','plugins/ecommerce/email','order_number','Order number: <strong>:order_id</strong>','2022-04-20 20:01:13','2022-04-20 20:19:47'),(2388,0,'en','plugins/ecommerce/email','order_information','Order information:','2022-04-20 20:01:13','2022-04-20 20:19:47'),(2389,0,'en','plugins/ecommerce/export','products.name','Export products','2022-04-20 20:01:13','2022-04-20 20:19:47'),(2390,0,'en','plugins/ecommerce/export','products.title','Export Products (CSV)','2022-04-20 20:01:13','2022-04-20 20:19:47'),(2391,0,'en','plugins/ecommerce/export','products.total_products','Total products','2022-04-20 20:01:13','2022-04-20 20:19:47'),(2392,0,'en','plugins/ecommerce/export','products.total_variations','Total variations','2022-04-20 20:01:13','2022-04-20 20:19:47'),(2393,0,'en','plugins/ecommerce/export','start_export','Start export','2022-04-20 20:01:13','2022-04-20 20:19:47'),(2394,0,'en','plugins/ecommerce/export','exporting','Exporting...','2022-04-20 20:01:13','2022-04-20 20:19:47'),(2395,0,'en','plugins/ecommerce/export','export','Export','2022-04-20 20:01:13','2022-04-20 20:19:47'),(2396,0,'en','plugins/ecommerce/flash-sale','name','Flash sales','2022-04-20 20:01:13','2022-04-20 20:19:47'),(2397,0,'en','plugins/ecommerce/flash-sale','create','New flash sale','2022-04-20 20:01:13','2022-04-20 20:19:47'),(2398,0,'en','plugins/ecommerce/flash-sale','edit','Edit flash sale','2022-04-20 20:01:14','2022-04-20 20:19:47'),(2399,0,'en','plugins/ecommerce/flash-sale','products','Products','2022-04-20 20:01:14','2022-04-20 20:19:47'),(2400,0,'en','plugins/ecommerce/order','statuses.pending','Pending','2022-04-20 20:01:14','2022-04-20 20:19:47'),(2401,0,'en','plugins/ecommerce/order','statuses.processing','Processing','2022-04-20 20:01:14','2022-04-20 20:19:47'),(2402,0,'en','plugins/ecommerce/order','statuses.completed','Completed','2022-04-20 20:01:14','2022-04-20 20:19:47'),(2403,0,'en','plugins/ecommerce/order','statuses.canceled','Canceled','2022-04-20 20:01:14','2022-04-20 20:19:47'),(2404,0,'en','plugins/ecommerce/order','menu','Orders','2022-04-20 20:01:14','2022-04-20 20:19:47'),(2405,0,'en','plugins/ecommerce/order','create','Create an order','2022-04-20 20:01:14','2022-04-20 20:19:47'),(2406,0,'en','plugins/ecommerce/order','cancel_error','The order is delivering or completed','2022-04-20 20:01:14','2022-04-20 20:19:47'),(2407,0,'en','plugins/ecommerce/order','cancel_success','You do cancel the order successful','2022-04-20 20:01:14','2022-04-20 20:19:47'),(2408,0,'en','plugins/ecommerce/order','incomplete_order','Incomplete orders','2022-04-20 20:01:14','2022-04-20 20:19:47'),(2409,0,'en','plugins/ecommerce/order','order_id','Order ID','2022-04-20 20:01:14','2022-04-20 20:19:47'),(2410,0,'en','plugins/ecommerce/order','product_id','Product ID','2022-04-20 20:01:14','2022-04-20 20:19:47'),(2411,0,'en','plugins/ecommerce/order','customer_label','Customer','2022-04-20 20:01:14','2022-04-20 20:19:47'),(2412,0,'en','plugins/ecommerce/order','tax_amount','Tax Amount','2022-04-20 20:01:14','2022-04-20 20:19:47'),(2413,0,'en','plugins/ecommerce/order','shipping_amount','Shipping amount','2022-04-20 20:01:14','2022-04-20 20:19:47'),(2414,0,'en','plugins/ecommerce/order','payment_method','Payment method','2022-04-20 20:01:14','2022-04-20 20:19:47'),(2415,0,'en','plugins/ecommerce/order','payment_status_label','Payment status','2022-04-20 20:01:14','2022-04-20 20:19:47'),(2416,0,'en','plugins/ecommerce/order','manage_orders','Manage orders','2022-04-20 20:01:14','2022-04-20 20:19:47'),(2417,0,'en','plugins/ecommerce/order','order_intro_description','Once your store has orders, this is where you will process and track those orders.','2022-04-20 20:01:14','2022-04-20 20:19:47'),(2418,0,'en','plugins/ecommerce/order','create_new_order','Create a new order','2022-04-20 20:01:14','2022-04-20 20:19:47'),(2419,0,'en','plugins/ecommerce/order','manage_incomplete_orders','Manage incomplete orders','2022-04-20 20:01:14','2022-04-20 20:19:47'),(2420,0,'en','plugins/ecommerce/order','incomplete_orders_intro_description','Incomplete order is an order created when a customer adds a product to the cart, proceeds to fill out the purchase information but does not complete the checkout process.','2022-04-20 20:01:14','2022-04-20 20:19:47'),(2421,0,'en','plugins/ecommerce/order','invoice_for_order','Invoice for order','2022-04-20 20:01:14','2022-04-20 20:19:47'),(2422,0,'en','plugins/ecommerce/order','created','Created','2022-04-20 20:01:14','2022-04-20 20:19:47'),(2423,0,'en','plugins/ecommerce/order','invoice','Invoice','2022-04-20 20:01:14','2022-04-20 20:19:47'),(2424,0,'en','plugins/ecommerce/order','return','Return','2022-04-20 20:01:14','2022-04-20 20:19:47'),(2425,0,'en','plugins/ecommerce/order','total_refund_amount','Total refund amount','2022-04-20 20:01:14','2022-04-20 20:19:47'),(2426,0,'en','plugins/ecommerce/order','total_amount_can_be_refunded','Total amount can be refunded','2022-04-20 20:01:14','2022-04-20 20:19:47'),(2427,0,'en','plugins/ecommerce/order','refund_reason','Refund reason (optional)','2022-04-20 20:01:14','2022-04-20 20:19:47'),(2428,0,'en','plugins/ecommerce/order','products','product(s)','2022-04-20 20:01:14','2022-04-20 20:19:47'),(2429,0,'en','plugins/ecommerce/order','default','Default','2022-04-20 20:01:14','2022-04-20 20:19:47'),(2430,0,'en','plugins/ecommerce/order','system','System','2022-04-20 20:01:14','2022-04-20 20:19:47'),(2431,0,'en','plugins/ecommerce/order','new_order_from','New order :order_id from :customer','2022-04-20 20:01:14','2022-04-20 20:19:47'),(2432,0,'en','plugins/ecommerce/order','confirmation_email_was_sent_to_customer','The email confirmation was sent to customer','2022-04-20 20:01:14','2022-04-20 20:19:47'),(2433,0,'en','plugins/ecommerce/order','address_name_required','The name field is required.','2022-04-20 20:01:14','2022-04-20 20:19:47'),(2434,0,'en','plugins/ecommerce/order','address_phone_required','The phone field is required.','2022-04-20 20:01:14','2022-04-20 20:19:47'),(2435,0,'en','plugins/ecommerce/order','address_email_required','The email field is required.','2022-04-20 20:01:14','2022-04-20 20:19:47'),(2436,0,'en','plugins/ecommerce/order','address_email_unique','The customer with that email is existed, please choose other email or login with this email!','2022-04-20 20:01:14','2022-04-20 20:19:47'),(2437,0,'en','plugins/ecommerce/order','address_state_required','The state field is required.','2022-04-20 20:01:14','2022-04-20 20:19:47'),(2438,0,'en','plugins/ecommerce/order','address_city_required','The city field is required.','2022-04-20 20:01:14','2022-04-20 20:19:47'),(2439,0,'en','plugins/ecommerce/order','address_country_required','The country field is required.','2022-04-20 20:01:14','2022-04-20 20:19:47'),(2440,0,'en','plugins/ecommerce/order','address_address_required','The address field is required.','2022-04-20 20:01:14','2022-04-20 20:19:47'),(2441,0,'en','plugins/ecommerce/order','create_order_from_payment_page','Order was created from checkout page','2022-04-20 20:01:14','2022-04-20 20:19:47'),(2442,0,'en','plugins/ecommerce/order','order_was_verified_by','Order was verified by %user_name%','2022-04-20 20:01:14','2022-04-20 20:19:47'),(2443,0,'en','plugins/ecommerce/order','new_order','New order :order_id','2022-04-20 20:01:14','2022-04-20 20:19:47'),(2444,0,'en','plugins/ecommerce/order','payment_was_confirmed_by','Payment was confirmed (amount :money) by %user_name%','2022-04-20 20:01:14','2022-04-20 20:19:47'),(2445,0,'en','plugins/ecommerce/order','edit_order','Edit order :code','2022-04-20 20:01:14','2022-04-20 20:19:47'),(2446,0,'en','plugins/ecommerce/order','confirm_order_success','Confirm order successfully!','2022-04-20 20:01:14','2022-04-20 20:19:47'),(2447,0,'en','plugins/ecommerce/order','error_when_sending_email','There is an error when sending email','2022-04-20 20:01:14','2022-04-20 20:19:47'),(2448,0,'en','plugins/ecommerce/order','sent_confirmation_email_success','Sent confirmation email successfully!','2022-04-20 20:01:14','2022-04-20 20:19:47'),(2449,0,'en','plugins/ecommerce/order','order_was_sent_to_shipping_team','Order was sent to shipping team','2022-04-20 20:01:14','2022-04-20 20:19:47'),(2450,0,'en','plugins/ecommerce/order','by_username','by %user_name%','2022-04-20 20:01:14','2022-04-20 20:19:47'),(2451,0,'en','plugins/ecommerce/order','shipping_was_created_from','Shipping was created from order %order_id%','2022-04-20 20:01:14','2022-04-20 20:19:47'),(2452,0,'en','plugins/ecommerce/order','shipping_was_canceled_success','Shipping was cancelled successfully!','2022-04-20 20:01:14','2022-04-20 20:19:47'),(2453,0,'en','plugins/ecommerce/order','shipping_was_canceled_by','Shipping was cancelled by %user_name%','2022-04-20 20:01:14','2022-04-20 20:19:47'),(2454,0,'en','plugins/ecommerce/order','update_shipping_address_success','Update shipping address successfully!','2022-04-20 20:01:14','2022-04-20 20:19:47'),(2455,0,'en','plugins/ecommerce/order','order_was_canceled_by','Order was cancelled by %user_name%','2022-04-20 20:01:14','2022-04-20 20:19:47'),(2456,0,'en','plugins/ecommerce/order','confirm_payment_success','Confirm payment successfully!','2022-04-20 20:01:14','2022-04-20 20:19:47'),(2457,0,'en','plugins/ecommerce/order','refund_amount_invalid','Refund amount must be lower or equal :price','2022-04-20 20:01:14','2022-04-20 20:19:47'),(2458,0,'en','plugins/ecommerce/order','number_of_products_invalid','Number of products refund is not valid!','2022-04-20 20:01:14','2022-04-20 20:19:47'),(2459,0,'en','plugins/ecommerce/order','cannot_found_payment_for_this_order','Cannot found payment for this order!','2022-04-20 20:01:14','2022-04-20 20:19:47'),(2460,0,'en','plugins/ecommerce/order','refund_success_with_price','Refund success :price','2022-04-20 20:01:14','2022-04-20 20:19:47'),(2461,0,'en','plugins/ecommerce/order','refund_success','Refund successfully!','2022-04-20 20:01:14','2022-04-20 20:19:47'),(2462,0,'en','plugins/ecommerce/order','order_is_not_existed','Order is not existed!','2022-04-20 20:01:14','2022-04-20 20:19:47'),(2463,0,'en','plugins/ecommerce/order','reorder','Reorder','2022-04-20 20:01:14','2022-04-20 20:19:47'),(2464,0,'en','plugins/ecommerce/order','sent_email_incomplete_order_success','Sent email to remind about incomplete order successfully!','2022-04-20 20:01:14','2022-04-20 20:19:47'),(2465,0,'en','plugins/ecommerce/order','applied_coupon_success','Applied coupon \":code\" successfully!','2022-04-20 20:01:14','2022-04-20 20:19:47'),(2466,0,'en','plugins/ecommerce/order','new_order_notice','You have <span class=\"bold\">:count</span> New Order(s)','2022-04-20 20:01:14','2022-04-20 20:19:47'),(2467,0,'en','plugins/ecommerce/order','view_all','View all','2022-04-20 20:01:14','2022-04-20 20:19:47'),(2468,0,'en','plugins/ecommerce/order','cancel_order','Cancel order','2022-04-20 20:01:14','2022-04-20 20:19:47'),(2469,0,'en','plugins/ecommerce/order','order_canceled','Order canceled','2022-04-20 20:01:14','2022-04-20 20:19:47'),(2470,0,'en','plugins/ecommerce/order','order_was_canceled_at','Order was canceled at','2022-04-20 20:01:14','2022-04-20 20:19:47'),(2471,0,'en','plugins/ecommerce/order','completed','Completed','2022-04-20 20:01:14','2022-04-20 20:19:47'),(2472,0,'en','plugins/ecommerce/order','uncompleted','Uncompleted','2022-04-20 20:01:14','2022-04-20 20:19:47'),(2473,0,'en','plugins/ecommerce/order','sku','SKU','2022-04-20 20:01:14','2022-04-20 20:19:47'),(2474,0,'en','plugins/ecommerce/order','warehouse','Warehouse','2022-04-20 20:01:14','2022-04-20 20:19:47'),(2475,0,'en','plugins/ecommerce/order','sub_amount','Sub amount','2022-04-20 20:01:14','2022-04-20 20:19:47'),(2476,0,'en','plugins/ecommerce/order','coupon_code','Coupon code: \":code\"','2022-04-20 20:01:14','2022-04-20 20:19:47'),(2477,0,'en','plugins/ecommerce/order','shipping_fee','Shipping fee','2022-04-20 20:01:14','2022-04-20 20:19:47'),(2478,0,'en','plugins/ecommerce/order','tax','Tax','2022-04-20 20:01:14','2022-04-20 20:19:47'),(2479,0,'en','plugins/ecommerce/order','refunded_amount','Refunded amount','2022-04-20 20:01:14','2022-04-20 20:19:47'),(2480,0,'en','plugins/ecommerce/order','amount_received','The amount actually received','2022-04-20 20:01:14','2022-04-20 20:19:47'),(2481,0,'en','plugins/ecommerce/order','download_invoice','Download invoice','2022-04-20 20:01:14','2022-04-20 20:19:47'),(2482,0,'en','plugins/ecommerce/order','print_invoice','Print invoice','2022-04-20 20:01:14','2022-04-20 20:19:47'),(2483,0,'en','plugins/ecommerce/order','add_note','Add note...','2022-04-20 20:01:14','2022-04-20 20:19:47'),(2484,0,'en','plugins/ecommerce/order','order_was_confirmed','Order was confirmed','2022-04-20 20:01:14','2022-04-20 20:19:47'),(2485,0,'en','plugins/ecommerce/order','confirm_order','Confirm order','2022-04-20 20:01:14','2022-04-20 20:19:47'),(2486,0,'en','plugins/ecommerce/order','confirm','Confirm','2022-04-20 20:01:14','2022-04-20 20:19:47'),(2487,0,'en','plugins/ecommerce/order','order_was_canceled','Order was canceled','2022-04-20 20:01:14','2022-04-20 20:19:47'),(2488,0,'en','plugins/ecommerce/order','pending_payment','Pending payment','2022-04-20 20:01:14','2022-04-20 20:19:47'),(2489,0,'en','plugins/ecommerce/order','payment_was_accepted','Payment :money was accepted','2022-04-20 20:01:14','2022-04-20 20:19:47'),(2490,0,'en','plugins/ecommerce/order','payment_was_refunded','Payment was refunded','2022-04-20 20:01:14','2022-04-20 20:19:47'),(2491,0,'en','plugins/ecommerce/order','confirm_payment','Confirm payment','2022-04-20 20:01:14','2022-04-20 20:19:47'),(2492,0,'en','plugins/ecommerce/order','refund','Refund','2022-04-20 20:01:14','2022-04-20 20:19:47'),(2493,0,'en','plugins/ecommerce/order','all_products_are_not_delivered','All products are not delivered','2022-04-20 20:01:14','2022-04-20 20:19:47'),(2494,0,'en','plugins/ecommerce/order','delivery','Delivery','2022-04-20 20:01:14','2022-04-20 20:19:47'),(2495,0,'en','plugins/ecommerce/order','history','History','2022-04-20 20:01:14','2022-04-20 20:19:47'),(2496,0,'en','plugins/ecommerce/order','order_number','Order number','2022-04-20 20:01:14','2022-04-20 20:19:47'),(2497,0,'en','plugins/ecommerce/order','from','from','2022-04-20 20:01:14','2022-04-20 20:19:47'),(2498,0,'en','plugins/ecommerce/order','status','Status','2022-04-20 20:01:14','2022-04-20 20:19:47'),(2499,0,'en','plugins/ecommerce/order','successfully','Successfully','2022-04-20 20:01:14','2022-04-20 20:19:47'),(2500,0,'en','plugins/ecommerce/order','transaction_type','Transaction\'s type','2022-04-20 20:01:14','2022-04-20 20:19:47'),(2501,0,'en','plugins/ecommerce/order','staff','Staff','2022-04-20 20:01:14','2022-04-20 20:19:47'),(2502,0,'en','plugins/ecommerce/order','refund_date','Refund date','2022-04-20 20:01:14','2022-04-20 20:19:47'),(2503,0,'en','plugins/ecommerce/order','n_a','N\\A','2022-04-20 20:01:14','2022-04-20 20:19:47'),(2504,0,'en','plugins/ecommerce/order','payment_date','Payment date','2022-04-20 20:01:14','2022-04-20 20:19:47'),(2505,0,'en','plugins/ecommerce/order','payment_gateway','Payment gateway','2022-04-20 20:01:14','2022-04-20 20:19:47'),(2506,0,'en','plugins/ecommerce/order','transaction_amount','Transaction amount','2022-04-20 20:01:14','2022-04-20 20:19:47'),(2507,0,'en','plugins/ecommerce/order','resend','Resend','2022-04-20 20:01:14','2022-04-20 20:19:47'),(2508,0,'en','plugins/ecommerce/order','default_store','Default store','2022-04-20 20:01:14','2022-04-20 20:19:47'),(2509,0,'en','plugins/ecommerce/order','update_address','Update address','2022-04-20 20:01:14','2022-04-20 20:19:47'),(2510,0,'en','plugins/ecommerce/order','have_an_account_already','Have an account already','2022-04-20 20:01:14','2022-04-20 20:19:47'),(2511,0,'en','plugins/ecommerce/order','dont_have_an_account_yet','Don\'t have an account yet','2022-04-20 20:01:14','2022-04-20 20:19:47'),(2512,0,'en','plugins/ecommerce/order','mark_payment_as_confirmed','Mark <span>:method</span> as confirmed','2022-04-20 20:01:14','2022-04-20 20:19:47'),(2513,0,'en','plugins/ecommerce/order','resend_order_confirmation','Resend order confirmation','2022-04-20 20:01:14','2022-04-20 20:19:47'),(2514,0,'en','plugins/ecommerce/order','resend_order_confirmation_description','Confirmation email will be sent to <strong>:email</strong>?','2022-04-20 20:01:14','2022-04-20 20:19:47'),(2515,0,'en','plugins/ecommerce/order','send','Send','2022-04-20 20:01:14','2022-04-20 20:19:47'),(2516,0,'en','plugins/ecommerce/order','update','Update','2022-04-20 20:01:14','2022-04-20 20:19:47'),(2517,0,'en','plugins/ecommerce/order','cancel_shipping_confirmation','Cancel shipping confirmation?','2022-04-20 20:01:14','2022-04-20 20:19:47'),(2518,0,'en','plugins/ecommerce/order','cancel_shipping_confirmation_description','Cancel shipping confirmation?','2022-04-20 20:01:14','2022-04-20 20:19:47'),(2519,0,'en','plugins/ecommerce/order','cancel_order_confirmation','Cancel order confirmation?','2022-04-20 20:01:14','2022-04-20 20:19:47'),(2520,0,'en','plugins/ecommerce/order','cancel_order_confirmation_description','Are you sure you want to cancel this order? This action cannot rollback','2022-04-20 20:01:14','2022-04-20 20:19:47'),(2521,0,'en','plugins/ecommerce/order','confirm_payment_confirmation_description','Processed by <strong>:method</strong>. Did you receive payment outside the system? This payment won\'t be saved into system and cannot be refunded','2022-04-20 20:01:14','2022-04-20 20:19:47'),(2522,0,'en','plugins/ecommerce/order','save_note','Save note','2022-04-20 20:01:14','2022-04-20 20:19:47'),(2523,0,'en','plugins/ecommerce/order','order_note','Order note','2022-04-20 20:01:14','2022-04-20 20:19:47'),(2524,0,'en','plugins/ecommerce/order','order_note_placeholder','Note about order, ex: time or shipping instruction.','2022-04-20 20:01:14','2022-04-20 20:19:47'),(2525,0,'en','plugins/ecommerce/order','order_amount','Order amount','2022-04-20 20:01:14','2022-04-20 20:19:47'),(2526,0,'en','plugins/ecommerce/order','additional_information','Additional information','2022-04-20 20:01:14','2022-04-20 20:19:47'),(2527,0,'en','plugins/ecommerce/order','notice_about_incomplete_order','Notice about incomplete order','2022-04-20 20:01:14','2022-04-20 20:19:47'),(2528,0,'en','plugins/ecommerce/order','notice_about_incomplete_order_description','Remind email about uncompleted order will be send to <strong>:email</strong>?','2022-04-20 20:01:14','2022-04-20 20:19:47'),(2529,0,'en','plugins/ecommerce/order','incomplete_order_description_1','An incomplete order is when a potential customer places items in their shopping cart, and goes all the way through to the payment page, but then doesn\'t complete the transaction.','2022-04-20 20:01:14','2022-04-20 20:19:47'),(2530,0,'en','plugins/ecommerce/order','incomplete_order_description_2','If you have contacted customers and they want to continue buying, you can help them complete their order by following the link:','2022-04-20 20:01:14','2022-04-20 20:19:47'),(2531,0,'en','plugins/ecommerce/order','send_an_email_to_recover_this_order','Send an email to customer to recover this order','2022-04-20 20:01:14','2022-04-20 20:19:47'),(2532,0,'en','plugins/ecommerce/order','see_maps','See maps','2022-04-20 20:01:14','2022-04-20 20:19:47'),(2533,0,'en','plugins/ecommerce/order','one_or_more_products_dont_have_enough_quantity','One or more products don\'t have enough quantity!','2022-04-20 20:01:14','2022-04-20 20:19:47'),(2534,0,'en','plugins/ecommerce/order','cannot_send_order_recover_to_mail','The email could not be found so it can\'t send a recovery email to the customer.','2022-04-20 20:01:14','2022-04-20 20:19:47'),(2535,0,'en','plugins/ecommerce/order','payment_info','Payment Info','2022-04-20 20:01:14','2022-04-20 20:19:47'),(2536,0,'en','plugins/ecommerce/order','payment_method_refund_automatic','Your customer will be refunded using :method automatically.','2022-04-20 20:01:14','2022-04-20 20:19:47'),(2537,0,'en','plugins/ecommerce/order','order','Order','2022-04-20 20:01:14','2022-04-20 20:19:47'),(2538,0,'en','plugins/ecommerce/order','order_information','Order information','2022-04-20 20:01:14','2022-04-20 20:19:47'),(2539,0,'en','plugins/ecommerce/order','create_a_new_product','Create a new product','2022-04-20 20:01:14','2022-04-20 20:19:47'),(2540,0,'en','plugins/ecommerce/order','out_of_stock','Out of stock','2022-04-20 20:01:14','2022-04-20 20:19:47'),(2541,0,'en','plugins/ecommerce/order','products_available','product(s) available','2022-04-20 20:01:14','2022-04-20 20:19:47'),(2542,0,'en','plugins/ecommerce/order','no_products_found','No products found!','2022-04-20 20:01:14','2022-04-20 20:19:47'),(2543,0,'en','plugins/ecommerce/order','note','Note','2022-04-20 20:01:14','2022-04-20 20:19:47'),(2544,0,'en','plugins/ecommerce/order','note_for_order','Note for order...','2022-04-20 20:01:14','2022-04-20 20:19:47'),(2545,0,'en','plugins/ecommerce/order','amount','Amount','2022-04-20 20:01:14','2022-04-20 20:19:47'),(2546,0,'en','plugins/ecommerce/order','add_discount','Add discount','2022-04-20 20:01:14','2022-04-20 20:19:47'),(2547,0,'en','plugins/ecommerce/order','discount','Discount','2022-04-20 20:01:14','2022-04-20 20:19:47'),(2548,0,'en','plugins/ecommerce/order','add_shipping_fee','Add shipping fee','2022-04-20 20:01:14','2022-04-20 20:19:47'),(2549,0,'en','plugins/ecommerce/order','shipping','Shipping','2022-04-20 20:01:14','2022-04-20 20:19:47'),(2550,0,'en','plugins/ecommerce/order','total_amount','Total amount','2022-04-20 20:01:14','2022-04-20 20:19:47'),(2551,0,'en','plugins/ecommerce/order','confirm_payment_and_create_order','Confirm payment and create order','2022-04-20 20:01:14','2022-04-20 20:19:47'),(2552,0,'en','plugins/ecommerce/order','paid','Paid','2022-04-20 20:01:14','2022-04-20 20:19:47'),(2553,0,'en','plugins/ecommerce/order','pay_later','Pay later','2022-04-20 20:01:14','2022-04-20 20:19:47'),(2554,0,'en','plugins/ecommerce/order','customer_information','Customer information','2022-04-20 20:01:14','2022-04-20 20:19:47'),(2555,0,'en','plugins/ecommerce/order','create_new_customer','Create new customer','2022-04-20 20:01:14','2022-04-20 20:19:47'),(2556,0,'en','plugins/ecommerce/order','no_customer_found','No customer found!','2022-04-20 20:01:14','2022-04-20 20:19:47'),(2557,0,'en','plugins/ecommerce/order','customer','Customer','2022-04-20 20:01:14','2022-04-20 20:19:47'),(2558,0,'en','plugins/ecommerce/order','orders','order(s)','2022-04-20 20:01:14','2022-04-20 20:19:47'),(2559,0,'en','plugins/ecommerce/order','shipping_address','Shipping Address','2022-04-20 20:01:14','2022-04-20 20:19:47'),(2560,0,'en','plugins/ecommerce/order','see_on_maps','See on maps','2022-04-20 20:01:14','2022-04-20 20:19:47'),(2561,0,'en','plugins/ecommerce/order','name','Name','2022-04-20 20:01:14','2022-04-20 20:19:47'),(2562,0,'en','plugins/ecommerce/order','price','Price','2022-04-20 20:01:14','2022-04-20 20:19:47'),(2563,0,'en','plugins/ecommerce/order','sku_optional','SKU (optional)','2022-04-20 20:01:14','2022-04-20 20:19:47'),(2564,0,'en','plugins/ecommerce/order','with_storehouse_management','With storehouse management?','2022-04-20 20:01:14','2022-04-20 20:19:47'),(2565,0,'en','plugins/ecommerce/order','quantity','Quantity','2022-04-20 20:01:14','2022-04-20 20:19:47'),(2566,0,'en','plugins/ecommerce/order','allow_customer_checkout_when_this_product_out_of_stock','Allow customer checkout when this product out of stock?','2022-04-20 20:01:14','2022-04-20 20:19:47'),(2567,0,'en','plugins/ecommerce/order','address','Address','2022-04-20 20:01:14','2022-04-20 20:19:47'),(2568,0,'en','plugins/ecommerce/order','phone','Phone','2022-04-20 20:01:14','2022-04-20 20:19:47'),(2569,0,'en','plugins/ecommerce/order','country','Country','2022-04-20 20:01:14','2022-04-20 20:19:47'),(2570,0,'en','plugins/ecommerce/order','state','State','2022-04-20 20:01:14','2022-04-20 20:19:47'),(2571,0,'en','plugins/ecommerce/order','city','City','2022-04-20 20:01:14','2022-04-20 20:19:47'),(2572,0,'en','plugins/ecommerce/order','zip_code','Zip code','2022-04-20 20:01:14','2022-04-20 20:19:47'),(2573,0,'en','plugins/ecommerce/order','discount_based_on','Discount based on','2022-04-20 20:01:14','2022-04-20 20:19:47'),(2574,0,'en','plugins/ecommerce/order','or_coupon_code','Or coupon code','2022-04-20 20:01:14','2022-04-20 20:19:47'),(2575,0,'en','plugins/ecommerce/order','description','Description','2022-04-20 20:01:14','2022-04-20 20:19:47'),(2576,0,'en','plugins/ecommerce/order','how_to_select_configured_shipping','How to select configured shipping?','2022-04-20 20:01:14','2022-04-20 20:19:47'),(2577,0,'en','plugins/ecommerce/order','please_add_customer_information_with_the_complete_shipping_address_to_see_the_configured_shipping_rates','Please add customer information with the complete shipping address to see the configured shipping rates','2022-04-20 20:01:14','2022-04-20 20:19:47'),(2578,0,'en','plugins/ecommerce/order','free_shipping','Free shipping','2022-04-20 20:01:14','2022-04-20 20:19:47'),(2579,0,'en','plugins/ecommerce/order','custom','Custom','2022-04-20 20:01:14','2022-04-20 20:19:47'),(2580,0,'en','plugins/ecommerce/order','email','Email','2022-04-20 20:01:14','2022-04-20 20:19:47'),(2581,0,'en','plugins/ecommerce/order','create_order','Create order','2022-04-20 20:01:14','2022-04-20 20:19:47'),(2582,0,'en','plugins/ecommerce/order','close','Close','2022-04-20 20:01:14','2022-04-20 20:19:47'),(2583,0,'en','plugins/ecommerce/order','confirm_payment_is_paid_for_this_order','Confirm payment is paid for this order','2022-04-20 20:01:14','2022-04-20 20:19:47'),(2584,0,'en','plugins/ecommerce/order','payment_status_of_the_order_is_paid_once_the_order_has_been_created_you_cannot_change_the_payment_method_or_status','Payment status of the order is Paid. Once the order has been created, you cannot change the payment method or status','2022-04-20 20:01:14','2022-04-20 20:19:47'),(2585,0,'en','plugins/ecommerce/order','select_payment_method','Select payment method','2022-04-20 20:01:14','2022-04-20 20:19:47'),(2586,0,'en','plugins/ecommerce/order','cash_on_delivery_cod','Cash on delivery (COD)','2022-04-20 20:01:14','2022-04-20 20:19:47'),(2587,0,'en','plugins/ecommerce/order','bank_transfer','Bank transfer','2022-04-20 20:01:14','2022-04-20 20:19:47'),(2588,0,'en','plugins/ecommerce/order','paid_amount','Paid amount','2022-04-20 20:01:14','2022-04-20 20:19:47'),(2589,0,'en','plugins/ecommerce/order','confirm_that_payment_for_this_order_will_be_paid_later','Confirm that payment for this order will be paid later','2022-04-20 20:01:14','2022-04-20 20:19:47'),(2590,0,'en','plugins/ecommerce/order','payment_status_of_the_order_is_pending_once_the_order_has_been_created_you_cannot_change_the_payment_method_or_status','Payment status of the order is Pending. Once the order has been created, you cannot change the payment method or status','2022-04-20 20:01:14','2022-04-20 20:19:47'),(2591,0,'en','plugins/ecommerce/order','pending_amount','Pending amount','2022-04-20 20:01:14','2022-04-20 20:19:47'),(2592,0,'en','plugins/ecommerce/order','update_email','Update email','2022-04-20 20:01:14','2022-04-20 20:19:47'),(2593,0,'en','plugins/ecommerce/order','save','Save','2022-04-20 20:01:14','2022-04-20 20:19:47'),(2594,0,'en','plugins/ecommerce/order','cancel','Cancel','2022-04-20 20:01:14','2022-04-20 20:19:47'),(2595,0,'en','plugins/ecommerce/order','create_a_new_order','Create a new order','2022-04-20 20:01:14','2022-04-20 20:19:47'),(2596,0,'en','plugins/ecommerce/order','search_or_create_new_product','Search or create a new product','2022-04-20 20:01:14','2022-04-20 20:19:47'),(2597,0,'en','plugins/ecommerce/order','search_or_create_new_customer','Search or create a new customer','2022-04-20 20:01:14','2022-04-20 20:19:47'),(2598,0,'en','plugins/ecommerce/order','discount_description','Discount description','2022-04-20 20:01:14','2022-04-20 20:19:47'),(2599,0,'en','plugins/ecommerce/order','cant_select_out_of_stock_product','Cannot select out of stock product!','2022-04-20 20:01:14','2022-04-20 20:19:47'),(2600,0,'en','plugins/ecommerce/payment','name','Payments','2022-04-20 20:01:14','2022-04-20 20:19:48'),(2601,0,'en','plugins/ecommerce/payment','payment_method','Payment methods','2022-04-20 20:01:14','2022-04-20 20:19:48'),(2602,0,'en','plugins/ecommerce/payment','view_payment','View payment #','2022-04-20 20:01:14','2022-04-20 20:19:48'),(2603,0,'en','plugins/ecommerce/payment','charge_id','Charge ID','2022-04-20 20:01:14','2022-04-20 20:19:48'),(2604,0,'en','plugins/ecommerce/payment','amount','Amount','2022-04-20 20:01:14','2022-04-20 20:19:48'),(2605,0,'en','plugins/ecommerce/payment','currency','Currency','2022-04-20 20:01:14','2022-04-20 20:19:48'),(2606,0,'en','plugins/ecommerce/payment','user','User','2022-04-20 20:01:14','2022-04-20 20:19:48'),(2607,0,'en','plugins/ecommerce/payment','paypal_name_required','PayPal\'s name is required!','2022-04-20 20:01:14','2022-04-20 20:19:48'),(2608,0,'en','plugins/ecommerce/payment','paypal_name_max','PayPal\'s name is too long!','2022-04-20 20:01:14','2022-04-20 20:19:48'),(2609,0,'en','plugins/ecommerce/payment','stripe_name_required','Stripe\'s name is required!','2022-04-20 20:01:14','2022-04-20 20:19:48'),(2610,0,'en','plugins/ecommerce/payment','stripe_name_max','Stripe\'s name is too long!','2022-04-20 20:01:14','2022-04-20 20:19:48'),(2611,0,'en','plugins/ecommerce/payment','status','Status','2022-04-20 20:01:14','2022-04-20 20:19:48'),(2612,0,'en','plugins/ecommerce/payment','enabled','Enabled','2022-04-20 20:01:14','2022-04-20 20:19:48'),(2613,0,'en','plugins/ecommerce/payment','disabled','Disabled','2022-04-20 20:01:14','2022-04-20 20:19:48'),(2614,0,'en','plugins/ecommerce/payment','client_id','Client ID','2022-04-20 20:01:14','2022-04-20 20:19:48'),(2615,0,'en','plugins/ecommerce/payment','client_secret','Client Secret','2022-04-20 20:01:14','2022-04-20 20:19:48'),(2616,0,'en','plugins/ecommerce/payment','mode','Mode','2022-04-20 20:01:14','2022-04-20 20:19:48'),(2617,0,'en','plugins/ecommerce/payment','sandbox','Sandbox','2022-04-20 20:01:14','2022-04-20 20:19:48'),(2618,0,'en','plugins/ecommerce/payment','live','Live','2022-04-20 20:01:14','2022-04-20 20:19:48'),(2619,0,'en','plugins/ecommerce/payment','enable_payment_log','Enable Payment Log','2022-04-20 20:01:14','2022-04-20 20:19:48'),(2620,0,'en','plugins/ecommerce/payment','yes','Yes','2022-04-20 20:01:14','2022-04-20 20:19:48'),(2621,0,'en','plugins/ecommerce/payment','no','No','2022-04-20 20:01:14','2022-04-20 20:19:48'),(2622,0,'en','plugins/ecommerce/payment','client_key','Client Key','2022-04-20 20:01:14','2022-04-20 20:19:48'),(2623,0,'en','plugins/ecommerce/payment','stripe','Stripe','2022-04-20 20:01:14','2022-04-20 20:19:48'),(2624,0,'en','plugins/ecommerce/payment','paypal','PayPal','2022-04-20 20:01:14','2022-04-20 20:19:48'),(2625,0,'en','plugins/ecommerce/payment','action','Action','2022-04-20 20:01:14','2022-04-20 20:19:48'),(2626,0,'en','plugins/ecommerce/payment','go_back','Go back','2022-04-20 20:01:14','2022-04-20 20:19:48'),(2627,0,'en','plugins/ecommerce/payment','view','View','2022-04-20 20:01:14','2022-04-20 20:19:48'),(2628,0,'en','plugins/ecommerce/payment','cash_on_delivery','Cash on delivery (COD)','2022-04-20 20:01:14','2022-04-20 20:19:48'),(2629,0,'en','plugins/ecommerce/payment','via_bank_transfer','Via bank transfer','2022-04-20 20:01:14','2022-04-20 20:19:48'),(2630,0,'en','plugins/ecommerce/payment','payment_via_cart','Payment via card','2022-04-20 20:01:14','2022-04-20 20:19:48'),(2631,0,'en','plugins/ecommerce/payment','card_number','Card number','2022-04-20 20:01:14','2022-04-20 20:19:48'),(2632,0,'en','plugins/ecommerce/payment','full_name','Full name','2022-04-20 20:01:14','2022-04-20 20:19:48'),(2633,0,'en','plugins/ecommerce/payment','payment_via_paypal','Payment via PayPal','2022-04-20 20:01:14','2022-04-20 20:19:48'),(2634,0,'en','plugins/ecommerce/payment','mm_yy','MM/YY','2022-04-20 20:01:14','2022-04-20 20:19:48'),(2635,0,'en','plugins/ecommerce/payment','cvc','CVC','2022-04-20 20:01:14','2022-04-20 20:19:48'),(2636,0,'en','plugins/ecommerce/payment','details','Details','2022-04-20 20:01:14','2022-04-20 20:19:48'),(2637,0,'en','plugins/ecommerce/payment','payer_name','Payer Name','2022-04-20 20:01:14','2022-04-20 20:19:48'),(2638,0,'en','plugins/ecommerce/payment','email','Email','2022-04-20 20:01:14','2022-04-20 20:19:48'),(2639,0,'en','plugins/ecommerce/payment','phone','Phone','2022-04-20 20:01:14','2022-04-20 20:19:48'),(2640,0,'en','plugins/ecommerce/payment','country','Country','2022-04-20 20:01:15','2022-04-20 20:19:48'),(2641,0,'en','plugins/ecommerce/payment','shipping_address','Shipping Address','2022-04-20 20:01:15','2022-04-20 20:19:48'),(2642,0,'en','plugins/ecommerce/payment','payment_details','Payment Details','2022-04-20 20:01:15','2022-04-20 20:19:48'),(2643,0,'en','plugins/ecommerce/payment','card','Card','2022-04-20 20:01:15','2022-04-20 20:19:48'),(2644,0,'en','plugins/ecommerce/payment','address','Address','2022-04-20 20:01:15','2022-04-20 20:19:48'),(2645,0,'en','plugins/ecommerce/payment','could_not_get_stripe_token','Could not get Stripe token to make a charge.','2022-04-20 20:01:15','2022-04-20 20:19:48'),(2646,0,'en','plugins/ecommerce/payment','new_payment','Payment for order :id','2022-04-20 20:01:15','2022-04-20 20:19:48'),(2647,0,'en','plugins/ecommerce/payment','payment_id','Payment ID','2022-04-20 20:01:15','2022-04-20 20:19:48'),(2648,0,'en','plugins/ecommerce/prices','name','Price','2022-04-20 20:01:15','2022-04-20 20:19:48'),(2649,0,'en','plugins/ecommerce/prices','create','New price','2022-04-20 20:01:15','2022-04-20 20:19:48'),(2650,0,'en','plugins/ecommerce/prices','edit','Edit price','2022-04-20 20:01:15','2022-04-20 20:19:48'),(2651,0,'en','plugins/ecommerce/prices','list','List price','2022-04-20 20:01:15','2022-04-20 20:19:48'),(2652,0,'en','plugins/ecommerce/product-attribute-sets','name','Product attribute sets','2022-04-20 20:01:15','2022-04-20 20:19:48'),(2653,0,'en','plugins/ecommerce/product-attribute-sets','create','New product attribute set','2022-04-20 20:01:15','2022-04-20 20:19:48'),(2654,0,'en','plugins/ecommerce/product-attribute-sets','edit','Edit product attribute set','2022-04-20 20:01:15','2022-04-20 20:19:48'),(2655,0,'en','plugins/ecommerce/product-attribute-sets','visible_in_categories','Visible in categories','2022-04-20 20:01:15','2022-04-20 20:19:48'),(2656,0,'en','plugins/ecommerce/product-attribute-sets','product_with_more_version','Product with more version','2022-04-20 20:01:15','2022-04-20 20:19:48'),(2657,0,'en','plugins/ecommerce/product-attribute-sets','create_a_version','Create a version','2022-04-20 20:01:15','2022-04-20 20:19:48'),(2658,0,'en','plugins/ecommerce/product-attribute-sets','enabled','Enabled','2022-04-20 20:01:15','2022-04-20 20:19:48'),(2659,0,'en','plugins/ecommerce/product-attribute-sets','attributes','Attributes','2022-04-20 20:01:15','2022-04-20 20:19:48'),(2660,0,'en','plugins/ecommerce/product-attribute-sets','price','Price','2022-04-20 20:01:15','2022-04-20 20:19:48'),(2661,0,'en','plugins/ecommerce/product-attribute-sets','edit_btn','Edit','2022-04-20 20:01:15','2022-04-20 20:19:48'),(2662,0,'en','plugins/ecommerce/product-attribute-sets','remove_btn','Remove','2022-04-20 20:01:15','2022-04-20 20:19:48'),(2663,0,'en','plugins/ecommerce/product-attribute-sets','product','Product','2022-04-20 20:01:15','2022-04-20 20:19:48'),(2664,0,'en','plugins/ecommerce/product-attribute-sets','back_to_product','Back to product','2022-04-20 20:01:15','2022-04-20 20:19:48'),(2665,0,'en','plugins/ecommerce/product-attribute-sets','save','Save','2022-04-20 20:01:15','2022-04-20 20:19:48'),(2666,0,'en','plugins/ecommerce/product-attribute-sets','other_existing_versions','Other existing versions','2022-04-20 20:01:15','2022-04-20 20:19:48'),(2667,0,'en','plugins/ecommerce/product-attribute-sets','version_information','Version information','2022-04-20 20:01:15','2022-04-20 20:19:48'),(2668,0,'en','plugins/ecommerce/product-attribute-sets','add_rule','Add rule','2022-04-20 20:01:15','2022-04-20 20:19:48'),(2669,0,'en','plugins/ecommerce/product-attribute-sets','rules','Rules','2022-04-20 20:01:15','2022-04-20 20:19:48'),(2670,0,'en','plugins/ecommerce/product-attribute-sets','pricing','Pricing','2022-04-20 20:01:15','2022-04-20 20:19:48'),(2671,0,'en','plugins/ecommerce/product-attribute-sets','sale_price','Sale price','2022-04-20 20:01:15','2022-04-20 20:19:48'),(2672,0,'en','plugins/ecommerce/product-attribute-sets','sale_type','Sale type','2022-04-20 20:01:15','2022-04-20 20:19:48'),(2673,0,'en','plugins/ecommerce/product-attribute-sets','no_sale_price','No sale price','2022-04-20 20:01:15','2022-04-20 20:19:48'),(2674,0,'en','plugins/ecommerce/product-attribute-sets','always_on_sale','Always on sale','2022-04-20 20:01:15','2022-04-20 20:19:48'),(2675,0,'en','plugins/ecommerce/product-attribute-sets','limited_time','Limited time','2022-04-20 20:01:15','2022-04-20 20:19:48'),(2676,0,'en','plugins/ecommerce/product-attribute-sets','from','From','2022-04-20 20:01:15','2022-04-20 20:19:48'),(2677,0,'en','plugins/ecommerce/product-attribute-sets','to','To','2022-04-20 20:01:15','2022-04-20 20:19:48'),(2678,0,'en','plugins/ecommerce/product-attribute-sets','storehouse','Storehouse','2022-04-20 20:01:15','2022-04-20 20:19:48'),(2679,0,'en','plugins/ecommerce/product-attribute-sets','no_storehouse_management','No storehouse management','2022-04-20 20:01:15','2022-04-20 20:19:48'),(2680,0,'en','plugins/ecommerce/product-attribute-sets','with_storehouse_management','With storehouse management','2022-04-20 20:01:15','2022-04-20 20:19:48'),(2681,0,'en','plugins/ecommerce/product-attribute-sets','quantity','Quantity','2022-04-20 20:01:15','2022-04-20 20:19:48'),(2682,0,'en','plugins/ecommerce/product-attribute-sets','allow_customer_checkout_out_of_stock','Allow customer checkout when this product out of stock','2022-04-20 20:01:15','2022-04-20 20:19:48'),(2683,0,'en','plugins/ecommerce/product-attribute-sets','shipping','Shipping','2022-04-20 20:01:15','2022-04-20 20:19:48'),(2684,0,'en','plugins/ecommerce/product-attribute-sets','length','Length','2022-04-20 20:01:15','2022-04-20 20:19:48'),(2685,0,'en','plugins/ecommerce/product-attribute-sets','wide','Wide','2022-04-20 20:01:15','2022-04-20 20:19:48'),(2686,0,'en','plugins/ecommerce/product-attribute-sets','height','Height','2022-04-20 20:01:15','2022-04-20 20:19:48'),(2687,0,'en','plugins/ecommerce/product-attribute-sets','weight','Weight','2022-04-20 20:01:15','2022-04-20 20:19:48'),(2688,0,'en','plugins/ecommerce/product-attribute-sets','version_images','Version images','2022-04-20 20:01:15','2022-04-20 20:19:48'),(2689,0,'en','plugins/ecommerce/product-attribute-sets','add_new_image','Add new image','2022-04-20 20:01:15','2022-04-20 20:19:48'),(2690,0,'en','plugins/ecommerce/product-attribute-sets','attribute_set','Attribute set','2022-04-20 20:01:15','2022-04-20 20:19:48'),(2691,0,'en','plugins/ecommerce/product-attribute-sets','value','Value','2022-04-20 20:01:15','2022-04-20 20:19:48'),(2692,0,'en','plugins/ecommerce/product-attribute-sets','dropdown_swatch','Dropdown Swatch','2022-04-20 20:01:15','2022-04-20 20:19:48'),(2693,0,'en','plugins/ecommerce/product-attribute-sets','visual_swatch','Visual Swatch','2022-04-20 20:01:15','2022-04-20 20:19:48'),(2694,0,'en','plugins/ecommerce/product-attribute-sets','text_swatch','Text Swatch','2022-04-20 20:01:15','2022-04-20 20:19:48'),(2695,0,'en','plugins/ecommerce/product-attribute-sets','display_layout','Display Layout','2022-04-20 20:01:15','2022-04-20 20:19:48'),(2696,0,'en','plugins/ecommerce/product-attribute-sets','searchable','Searchable','2022-04-20 20:01:15','2022-04-20 20:19:48'),(2697,0,'en','plugins/ecommerce/product-attribute-sets','comparable','Comparable','2022-04-20 20:01:15','2022-04-20 20:19:48'),(2698,0,'en','plugins/ecommerce/product-attribute-sets','use_in_product_listing','Used in product listing','2022-04-20 20:01:15','2022-04-20 20:19:48'),(2699,0,'en','plugins/ecommerce/product-attribute-sets','attributes_list','Attributes list','2022-04-20 20:01:15','2022-04-20 20:19:48'),(2700,0,'en','plugins/ecommerce/product-attribute-sets','is_default','Is default?','2022-04-20 20:01:15','2022-04-20 20:19:48'),(2701,0,'en','plugins/ecommerce/product-attribute-sets','title','Title','2022-04-20 20:01:15','2022-04-20 20:19:48'),(2702,0,'en','plugins/ecommerce/product-attribute-sets','slug','Slug','2022-04-20 20:01:15','2022-04-20 20:19:48'),(2703,0,'en','plugins/ecommerce/product-attribute-sets','color','Color','2022-04-20 20:01:15','2022-04-20 20:19:48'),(2704,0,'en','plugins/ecommerce/product-attribute-sets','image','Image','2022-04-20 20:01:15','2022-04-20 20:19:48'),(2705,0,'en','plugins/ecommerce/product-attribute-sets','remove','Remove','2022-04-20 20:01:15','2022-04-20 20:19:48'),(2706,0,'en','plugins/ecommerce/product-attribute-sets','add_new_attribute','Add new attribute','2022-04-20 20:01:15','2022-04-20 20:19:48'),(2707,0,'en','plugins/ecommerce/product-attribute-sets','use_image_from_product_variation','Use image from product variation (for Visual Swatch only)','2022-04-20 20:01:15','2022-04-20 20:19:48'),(2708,0,'en','plugins/ecommerce/product-attributes','name','Product attributes','2022-04-20 20:01:15','2022-04-20 20:19:48'),(2709,0,'en','plugins/ecommerce/product-attributes','create','New product attribute','2022-04-20 20:01:15','2022-04-20 20:19:48'),(2710,0,'en','plugins/ecommerce/product-attributes','edit','Edit product attribute','2022-04-20 20:01:15','2022-04-20 20:19:48'),(2711,0,'en','plugins/ecommerce/product-attributes','intro.title','Manage product attributes','2022-04-20 20:01:15','2022-04-20 20:19:48'),(2712,0,'en','plugins/ecommerce/product-attributes','intro.description','Product attribute such as color, width, height ...','2022-04-20 20:01:15','2022-04-20 20:19:48'),(2713,0,'en','plugins/ecommerce/product-attributes','intro.button_text','Create product attribute','2022-04-20 20:01:15','2022-04-20 20:19:48'),(2714,0,'en','plugins/ecommerce/product-categories','name','Product categories','2022-04-20 20:01:15','2022-04-20 20:19:48'),(2715,0,'en','plugins/ecommerce/product-categories','create','Create new product category','2022-04-20 20:01:15','2022-04-20 20:19:48'),(2716,0,'en','plugins/ecommerce/product-categories','edit','Edit product category','2022-04-20 20:01:15','2022-04-20 20:19:48'),(2717,0,'en','plugins/ecommerce/product-categories','list','List product categories','2022-04-20 20:01:15','2022-04-20 20:19:48'),(2718,0,'en','plugins/ecommerce/product-categories','none','None','2022-04-20 20:01:15','2022-04-20 20:19:48'),(2719,0,'en','plugins/ecommerce/product-categories','menu','Product categories','2022-04-20 20:01:15','2022-04-20 20:19:48'),(2720,0,'en','plugins/ecommerce/product-categories','intro.title','Manage product categories','2022-04-20 20:01:15','2022-04-20 20:19:48'),(2721,0,'en','plugins/ecommerce/product-categories','intro.description','Such as clothes, shoes, bags, jewelry ...','2022-04-20 20:01:15','2022-04-20 20:19:48'),(2722,0,'en','plugins/ecommerce/product-categories','intro.button_text','Create product category','2022-04-20 20:01:15','2022-04-20 20:19:48'),(2723,0,'en','plugins/ecommerce/product-categories','total_products','Total products: :total','2022-04-20 20:01:15','2022-04-20 20:19:48'),(2724,0,'en','plugins/ecommerce/product-collections','name','Product collections','2022-04-20 20:01:15','2022-04-20 20:19:48'),(2725,0,'en','plugins/ecommerce/product-collections','create','New product collection','2022-04-20 20:01:15','2022-04-20 20:19:48'),(2726,0,'en','plugins/ecommerce/product-collections','edit','Edit product collection','2022-04-20 20:01:15','2022-04-20 20:19:48'),(2727,0,'en','plugins/ecommerce/product-collections','slug_help_block','Label key: <code>:slug</code>. We will use this key for filter.','2022-04-20 20:01:15','2022-04-20 20:19:48'),(2728,0,'en','plugins/ecommerce/product-collections','intro.title','Manage product collections','2022-04-20 20:01:15','2022-04-20 20:19:48'),(2729,0,'en','plugins/ecommerce/product-collections','intro.description','Group your products into collections to make it easier for customers to find them by category.','2022-04-20 20:01:15','2022-04-20 20:19:48'),(2730,0,'en','plugins/ecommerce/product-collections','intro.button_text','Create product collection','2022-04-20 20:01:15','2022-04-20 20:19:48'),(2731,0,'en','plugins/ecommerce/product-label','name','Product labels','2022-04-20 20:01:15','2022-04-20 20:19:48'),(2732,0,'en','plugins/ecommerce/product-label','create','New product label','2022-04-20 20:01:15','2022-04-20 20:19:48'),(2733,0,'en','plugins/ecommerce/product-label','edit','Edit product label','2022-04-20 20:01:15','2022-04-20 20:19:48'),(2734,0,'en','plugins/ecommerce/product-label','color','Color','2022-04-20 20:01:15','2022-04-20 20:19:48'),(2735,0,'en','plugins/ecommerce/product-label','color_placeholder','Example: #f0f0f0','2022-04-20 20:01:15','2022-04-20 20:19:48'),(2736,0,'en','plugins/ecommerce/product-tag','name','Product tags','2022-04-20 20:01:15','2022-04-20 20:19:48'),(2737,0,'en','plugins/ecommerce/product-tag','create','New product tag','2022-04-20 20:01:15','2022-04-20 20:19:48'),(2738,0,'en','plugins/ecommerce/product-tag','edit','Edit product tag','2022-04-20 20:01:15','2022-04-20 20:19:48'),(2739,0,'en','plugins/ecommerce/products','name','Products','2022-04-20 20:01:15','2022-04-20 20:19:48'),(2740,0,'en','plugins/ecommerce/products','create','New product','2022-04-20 20:01:15','2022-04-20 20:19:48'),(2741,0,'en','plugins/ecommerce/products','edit','Edit product - :name','2022-04-20 20:01:15','2022-04-20 20:19:48'),(2742,0,'en','plugins/ecommerce/products','form.name','Name','2022-04-20 20:01:15','2022-04-20 20:19:48'),(2743,0,'en','plugins/ecommerce/products','form.name_placeholder','Product\'s name (Maximum 120 characters)','2022-04-20 20:01:15','2022-04-20 20:19:48'),(2744,0,'en','plugins/ecommerce/products','form.description','Description','2022-04-20 20:01:15','2022-04-20 20:19:48'),(2745,0,'en','plugins/ecommerce/products','form.description_placeholder','Short description for product (Maximum 400 characters)','2022-04-20 20:01:15','2022-04-20 20:19:48'),(2746,0,'en','plugins/ecommerce/products','form.categories','Categories','2022-04-20 20:01:15','2022-04-20 20:19:48'),(2747,0,'en','plugins/ecommerce/products','form.content','Content','2022-04-20 20:01:15','2022-04-20 20:19:48'),(2748,0,'en','plugins/ecommerce/products','form.price','Price','2022-04-20 20:01:15','2022-04-20 20:19:48'),(2749,0,'en','plugins/ecommerce/products','form.quantity','Quantity','2022-04-20 20:01:15','2022-04-20 20:19:48'),(2750,0,'en','plugins/ecommerce/products','form.brand','Brand','2022-04-20 20:01:15','2022-04-20 20:19:48'),(2751,0,'en','plugins/ecommerce/products','form.width','Width','2022-04-20 20:01:15','2022-04-20 20:19:48'),(2752,0,'en','plugins/ecommerce/products','form.height','Height','2022-04-20 20:01:15','2022-04-20 20:19:48'),(2753,0,'en','plugins/ecommerce/products','form.weight','Weight','2022-04-20 20:01:15','2022-04-20 20:19:48'),(2754,0,'en','plugins/ecommerce/products','form.date.end','From date','2022-04-20 20:01:15','2022-04-20 20:19:48'),(2755,0,'en','plugins/ecommerce/products','form.date.start','To date','2022-04-20 20:01:15','2022-04-20 20:19:48'),(2756,0,'en','plugins/ecommerce/products','form.image','Images','2022-04-20 20:01:15','2022-04-20 20:19:48'),(2757,0,'en','plugins/ecommerce/products','form.collections','Product collections','2022-04-20 20:01:15','2022-04-20 20:19:48'),(2758,0,'en','plugins/ecommerce/products','form.labels','Labels','2022-04-20 20:01:15','2022-04-20 20:19:48'),(2759,0,'en','plugins/ecommerce/products','form.price_sale','Price sale','2022-04-20 20:01:15','2022-04-20 20:19:48'),(2760,0,'en','plugins/ecommerce/products','form.product_type.title','Product type','2022-04-20 20:01:15','2022-04-20 20:19:48'),(2761,0,'en','plugins/ecommerce/products','form.product','Product','2022-04-20 20:01:15','2022-04-20 20:19:48'),(2762,0,'en','plugins/ecommerce/products','form.total','Total','2022-04-20 20:01:15','2022-04-20 20:19:48'),(2763,0,'en','plugins/ecommerce/products','form.sub_total','Subtotal','2022-04-20 20:01:15','2022-04-20 20:19:48'),(2764,0,'en','plugins/ecommerce/products','form.shipping_fee','Shipping fee','2022-04-20 20:01:15','2022-04-20 20:19:48'),(2765,0,'en','plugins/ecommerce/products','form.discount','Discount','2022-04-20 20:01:15','2022-04-20 20:19:48'),(2766,0,'en','plugins/ecommerce/products','form.options','Options','2022-04-20 20:01:15','2022-04-20 20:19:48'),(2767,0,'en','plugins/ecommerce/products','form.shipping.height','Height','2022-04-20 20:01:15','2022-04-20 20:19:48'),(2768,0,'en','plugins/ecommerce/products','form.shipping.length','Length','2022-04-20 20:01:15','2022-04-20 20:19:48'),(2769,0,'en','plugins/ecommerce/products','form.shipping.title','Shipping','2022-04-20 20:01:15','2022-04-20 20:19:48'),(2770,0,'en','plugins/ecommerce/products','form.shipping.weight','Weight','2022-04-20 20:01:15','2022-04-20 20:19:48'),(2771,0,'en','plugins/ecommerce/products','form.shipping.wide','Wide','2022-04-20 20:01:15','2022-04-20 20:19:48'),(2772,0,'en','plugins/ecommerce/products','form.stock.allow_order_when_out','Allow customer checkout when this product out of stock','2022-04-20 20:01:15','2022-04-20 20:19:48'),(2773,0,'en','plugins/ecommerce/products','form.stock.in_stock','In stock','2022-04-20 20:01:15','2022-04-20 20:19:48'),(2774,0,'en','plugins/ecommerce/products','form.stock.out_stock','Out stock','2022-04-20 20:01:15','2022-04-20 20:19:48'),(2775,0,'en','plugins/ecommerce/products','form.stock.title','Stock status','2022-04-20 20:01:15','2022-04-20 20:19:48'),(2776,0,'en','plugins/ecommerce/products','form.storehouse.no_storehouse','No storehouse management','2022-04-20 20:01:15','2022-04-20 20:19:48'),(2777,0,'en','plugins/ecommerce/products','form.storehouse.storehouse','With storehouse management','2022-04-20 20:01:15','2022-04-20 20:19:48'),(2778,0,'en','plugins/ecommerce/products','form.storehouse.title','Storehouse','2022-04-20 20:01:15','2022-04-20 20:19:48'),(2779,0,'en','plugins/ecommerce/products','form.storehouse.quantity','Quantity','2022-04-20 20:01:15','2022-04-20 20:19:48'),(2780,0,'en','plugins/ecommerce/products','form.tax','Tax','2022-04-20 20:01:15','2022-04-20 20:19:48'),(2781,0,'en','plugins/ecommerce/products','form.is_default','Is default','2022-04-20 20:01:15','2022-04-20 20:19:48'),(2782,0,'en','plugins/ecommerce/products','form.action','Action','2022-04-20 20:01:15','2022-04-20 20:19:48'),(2783,0,'en','plugins/ecommerce/products','form.restock_quantity','Restock quantity','2022-04-20 20:01:15','2022-04-20 20:19:48'),(2784,0,'en','plugins/ecommerce/products','form.remain','Remain','2022-04-20 20:01:15','2022-04-20 20:19:48'),(2785,0,'en','plugins/ecommerce/products','form.choose_discount_period','Choose Discount Period','2022-04-20 20:01:15','2022-04-20 20:19:48'),(2786,0,'en','plugins/ecommerce/products','form.cancel','Cancel','2022-04-20 20:01:15','2022-04-20 20:19:48'),(2787,0,'en','plugins/ecommerce/products','form.no_results','No results!','2022-04-20 20:01:15','2022-04-20 20:19:48'),(2788,0,'en','plugins/ecommerce/products','form.value','Value','2022-04-20 20:01:15','2022-04-20 20:19:48'),(2789,0,'en','plugins/ecommerce/products','form.attribute_name','Attribute name','2022-04-20 20:01:15','2022-04-20 20:19:48'),(2790,0,'en','plugins/ecommerce/products','form.add_more_attribute','Add more attribute','2022-04-20 20:01:15','2022-04-20 20:19:48'),(2791,0,'en','plugins/ecommerce/products','form.continue','Continue','2022-04-20 20:01:15','2022-04-20 20:19:48'),(2792,0,'en','plugins/ecommerce/products','form.add_new_attributes','Add new attributes','2022-04-20 20:01:15','2022-04-20 20:19:48'),(2793,0,'en','plugins/ecommerce/products','form.add_new_attributes_description','Adding new attributes helps the product to have many options, such as size or color.','2022-04-20 20:01:15','2022-04-20 20:19:48'),(2794,0,'en','plugins/ecommerce/products','form.create_product_variations',':link to create product variations!','2022-04-20 20:01:15','2022-04-20 20:19:48'),(2795,0,'en','plugins/ecommerce/products','form.tags','Tags','2022-04-20 20:01:15','2022-04-20 20:19:48'),(2796,0,'en','plugins/ecommerce/products','form.write_some_tags','Write some tags','2022-04-20 20:01:15','2022-04-20 20:19:48'),(2797,0,'en','plugins/ecommerce/products','form.variation_existed','This variation is existed.','2022-04-20 20:01:15','2022-04-20 20:19:48'),(2798,0,'en','plugins/ecommerce/products','form.no_attributes_selected','No attributes selected!','2022-04-20 20:01:15','2022-04-20 20:19:48'),(2799,0,'en','plugins/ecommerce/products','form.added_variation_success','Added variation successfully!','2022-04-20 20:01:15','2022-04-20 20:19:48'),(2800,0,'en','plugins/ecommerce/products','form.updated_variation_success','Updated variation successfully!','2022-04-20 20:01:15','2022-04-20 20:19:48'),(2801,0,'en','plugins/ecommerce/products','form.created_all_variation_success','Created all variations successfully!','2022-04-20 20:01:15','2022-04-20 20:19:48'),(2802,0,'en','plugins/ecommerce/products','form.updated_product_attributes_success','Updated product attributes successfully!','2022-04-20 20:01:15','2022-04-20 20:19:48'),(2803,0,'en','plugins/ecommerce/products','form.stock_status','Stock status','2022-04-20 20:01:15','2022-04-20 20:19:48'),(2804,0,'en','plugins/ecommerce/products','form.auto_generate_sku','Auto generate SKU?','2022-04-20 20:01:15','2022-04-20 20:19:48'),(2805,0,'en','plugins/ecommerce/products','form.featured_image','Featured image (optional)','2022-04-20 20:01:15','2022-04-20 20:19:48'),(2806,0,'en','plugins/ecommerce/products','price','Price','2022-04-20 20:01:15','2022-04-20 20:19:48'),(2807,0,'en','plugins/ecommerce/products','quantity','Quantity','2022-04-20 20:01:15','2022-04-20 20:19:48'),(2808,0,'en','plugins/ecommerce/products','type','Type','2022-04-20 20:01:15','2022-04-20 20:19:48'),(2809,0,'en','plugins/ecommerce/products','image','Thumbnail','2022-04-20 20:01:15','2022-04-20 20:19:48'),(2810,0,'en','plugins/ecommerce/products','sku','SKU','2022-04-20 20:01:15','2022-04-20 20:19:48'),(2811,0,'en','plugins/ecommerce/products','brand','Brand','2022-04-20 20:01:15','2022-04-20 20:19:48'),(2812,0,'en','plugins/ecommerce/products','cannot_delete','Product could not be deleted','2022-04-20 20:01:15','2022-04-20 20:19:48'),(2813,0,'en','plugins/ecommerce/products','product_deleted','Product deleted','2022-04-20 20:01:15','2022-04-20 20:19:48'),(2814,0,'en','plugins/ecommerce/products','product_collections','Product collections','2022-04-20 20:01:15','2022-04-20 20:19:48'),(2815,0,'en','plugins/ecommerce/products','products','Products','2022-04-20 20:01:15','2022-04-20 20:19:48'),(2816,0,'en','plugins/ecommerce/products','menu','Products','2022-04-20 20:01:15','2022-04-20 20:19:48'),(2817,0,'en','plugins/ecommerce/products','control.button_add_image','Add image','2022-04-20 20:01:15','2022-04-20 20:19:48'),(2818,0,'en','plugins/ecommerce/products','price_sale','Sale price','2022-04-20 20:01:15','2022-04-20 20:19:48'),(2819,0,'en','plugins/ecommerce/products','price_group_title','Manager product price','2022-04-20 20:01:15','2022-04-20 20:19:48'),(2820,0,'en','plugins/ecommerce/products','store_house_group_title','Manager store house','2022-04-20 20:01:15','2022-04-20 20:19:48'),(2821,0,'en','plugins/ecommerce/products','shipping_group_title','Manager shipping','2022-04-20 20:01:15','2022-04-20 20:19:48'),(2822,0,'en','plugins/ecommerce/products','overview','Overview','2022-04-20 20:01:15','2022-04-20 20:19:48'),(2823,0,'en','plugins/ecommerce/products','attributes','Attributes','2022-04-20 20:01:15','2022-04-20 20:19:48'),(2824,0,'en','plugins/ecommerce/products','product_has_variations','Product has variations','2022-04-20 20:01:15','2022-04-20 20:19:48'),(2825,0,'en','plugins/ecommerce/products','manage_products','Manage products','2022-04-20 20:01:15','2022-04-20 20:19:48'),(2826,0,'en','plugins/ecommerce/products','add_new_product','Add a new product','2022-04-20 20:01:15','2022-04-20 20:19:48'),(2827,0,'en','plugins/ecommerce/products','start_by_adding_new_product','Start by adding new products.','2022-04-20 20:01:15','2022-04-20 20:19:48'),(2828,0,'en','plugins/ecommerce/products','edit_this_product','Edit this product','2022-04-20 20:01:15','2022-04-20 20:19:48'),(2829,0,'en','plugins/ecommerce/products','delete','Delete','2022-04-20 20:01:15','2022-04-20 20:19:48'),(2830,0,'en','plugins/ecommerce/products','related_products','Related products','2022-04-20 20:01:15','2022-04-20 20:19:48'),(2831,0,'en','plugins/ecommerce/products','cross_selling_products','Cross-selling products','2022-04-20 20:01:15','2022-04-20 20:19:48'),(2832,0,'en','plugins/ecommerce/products','up_selling_products','Up-selling products','2022-04-20 20:01:15','2022-04-20 20:19:48'),(2833,0,'en','plugins/ecommerce/products','grouped_products','Grouped products','2022-04-20 20:01:15','2022-04-20 20:19:48'),(2834,0,'en','plugins/ecommerce/products','search_products','Search products','2022-04-20 20:01:15','2022-04-20 20:19:48'),(2835,0,'en','plugins/ecommerce/products','selected_products','Selected products','2022-04-20 20:01:15','2022-04-20 20:19:48'),(2836,0,'en','plugins/ecommerce/products','edit_variation_item','Edit','2022-04-20 20:01:15','2022-04-20 20:19:48'),(2837,0,'en','plugins/ecommerce/products','variations_box_description','Click on \"Edit attribute\" to add/remove attributes of variation or click on \"Add new variation\" to add variation.','2022-04-20 20:01:15','2022-04-20 20:19:48'),(2838,0,'en','plugins/ecommerce/products','save_changes','Save changes','2022-04-20 20:01:15','2022-04-20 20:19:48'),(2839,0,'en','plugins/ecommerce/products','continue','Continue','2022-04-20 20:01:15','2022-04-20 20:19:48'),(2840,0,'en','plugins/ecommerce/products','edit_attribute','Edit attribute','2022-04-20 20:01:15','2022-04-20 20:19:48'),(2841,0,'en','plugins/ecommerce/products','select_attribute','Select attribute','2022-04-20 20:01:15','2022-04-20 20:19:48'),(2842,0,'en','plugins/ecommerce/products','add_new_variation','Add new variation','2022-04-20 20:01:15','2022-04-20 20:19:48'),(2843,0,'en','plugins/ecommerce/products','edit_variation','Edit variation','2022-04-20 20:01:15','2022-04-20 20:19:48'),(2844,0,'en','plugins/ecommerce/products','generate_all_variations','Generate all variations','2022-04-20 20:01:15','2022-04-20 20:19:48'),(2845,0,'en','plugins/ecommerce/products','generate_all_variations_confirmation','Are you sure you want to generate all variations for this product?','2022-04-20 20:01:15','2022-04-20 20:19:48'),(2846,0,'en','plugins/ecommerce/products','delete_variation','Delete variation?','2022-04-20 20:01:15','2022-04-20 20:19:48'),(2847,0,'en','plugins/ecommerce/products','delete_variation_confirmation','Are you sure you want to delete this variation? This action cannot be undo.','2022-04-20 20:01:15','2022-04-20 20:19:48'),(2848,0,'en','plugins/ecommerce/products','delete_variations_confirmation','Are you sure you want to delete those variations? This action cannot be undo.','2022-04-20 20:01:15','2022-04-20 20:19:48'),(2849,0,'en','plugins/ecommerce/products','product_create_validate_name_required','Please enter product\'s name','2022-04-20 20:01:15','2022-04-20 20:19:48'),(2850,0,'en','plugins/ecommerce/products','product_create_validate_sale_price_max','The discount must be less than the original price','2022-04-20 20:01:15','2022-04-20 20:19:48'),(2851,0,'en','plugins/ecommerce/products','product_create_validate_sale_price_required_if','Must enter a discount when you want to schedule a promotion','2022-04-20 20:01:15','2022-04-20 20:19:48'),(2852,0,'en','plugins/ecommerce/products','product_create_validate_end_date_after','End date must be after start date','2022-04-20 20:01:15','2022-04-20 20:19:48'),(2853,0,'en','plugins/ecommerce/products','product_create_validate_start_date_required_if','Discount start date cannot be left blank when scheduling is selected','2022-04-20 20:01:15','2022-04-20 20:19:48'),(2854,0,'en','plugins/ecommerce/products','product_create_validate_sale_price','Discounts cannot be left blank when scheduling is selected','2022-04-20 20:01:15','2022-04-20 20:19:48'),(2855,0,'en','plugins/ecommerce/products','stock_statuses.in_stock','In stock','2022-04-20 20:01:15','2022-04-20 20:19:48'),(2856,0,'en','plugins/ecommerce/products','stock_statuses.out_of_stock','Out of stock','2022-04-20 20:01:15','2022-04-20 20:19:48'),(2857,0,'en','plugins/ecommerce/products','stock_statuses.on_backorder','On backorder','2022-04-20 20:01:15','2022-04-20 20:19:48'),(2858,0,'en','plugins/ecommerce/products','stock_status','Stock status','2022-04-20 20:01:15','2022-04-20 20:19:48'),(2859,0,'en','plugins/ecommerce/products','processing','Processing...','2022-04-20 20:01:15','2022-04-20 20:19:48'),(2860,0,'en','plugins/ecommerce/products','delete_selected_variations','Delete selected variations','2022-04-20 20:01:15','2022-04-20 20:19:48'),(2861,0,'en','plugins/ecommerce/products','delete_variations','Delete variations','2022-04-20 20:01:15','2022-04-20 20:19:48'),(2862,0,'en','plugins/ecommerce/products','category','Category','2022-04-20 20:01:15','2022-04-20 20:19:48'),(2863,0,'en','plugins/ecommerce/products','product_price_flash_sale_warning','This product is in flash sale <strong>:name</strong> so its price is <strong>:price</strong>.','2022-04-20 20:01:15','2022-04-20 20:19:48'),(2864,0,'en','plugins/ecommerce/products','product_price_discount_warning','This product is in discount <strong>:name</strong> so its price is <strong>:price</strong>.','2022-04-20 20:01:15','2022-04-20 20:19:48'),(2865,0,'en','plugins/ecommerce/reports','name','Report','2022-04-20 20:01:15','2022-04-20 20:19:48'),(2866,0,'en','plugins/ecommerce/reports','widget.order.title','Orders','2022-04-20 20:01:15','2022-04-20 20:19:48'),(2867,0,'en','plugins/ecommerce/reports','count.revenue','Today revenue','2022-04-20 20:01:15','2022-04-20 20:19:48'),(2868,0,'en','plugins/ecommerce/reports','count.orders','Today orders','2022-04-20 20:01:15','2022-04-20 20:19:48'),(2869,0,'en','plugins/ecommerce/reports','count.products','Total products','2022-04-20 20:01:15','2022-04-20 20:19:48'),(2870,0,'en','plugins/ecommerce/reports','count.customers','Total customers','2022-04-20 20:01:15','2022-04-20 20:19:48'),(2871,0,'en','plugins/ecommerce/reports','product_name','Product name','2022-04-20 20:01:15','2022-04-20 20:19:48'),(2872,0,'en','plugins/ecommerce/reports','quantity','Quantity','2022-04-20 20:01:15','2022-04-20 20:19:48'),(2873,0,'en','plugins/ecommerce/reports','revenue_statistics','Revenue statistics','2022-04-20 20:01:15','2022-04-20 20:19:48'),(2874,0,'en','plugins/ecommerce/reports','top_selling_products','Top Selling Products','2022-04-20 20:01:15','2022-04-20 20:19:48'),(2875,0,'en','plugins/ecommerce/reports','ranges.today','Today','2022-04-20 20:01:15','2022-04-20 20:19:48'),(2876,0,'en','plugins/ecommerce/reports','ranges.this_week','This week','2022-04-20 20:01:15','2022-04-20 20:19:48'),(2877,0,'en','plugins/ecommerce/reports','ranges.last_7_days','Last 7 days','2022-04-20 20:01:15','2022-04-20 20:19:48'),(2878,0,'en','plugins/ecommerce/reports','ranges.last_30_days','Last 30 days','2022-04-20 20:01:15','2022-04-20 20:19:48'),(2879,0,'en','plugins/ecommerce/reports','ranges.this_month','This month','2022-04-20 20:01:15','2022-04-20 20:19:48'),(2880,0,'en','plugins/ecommerce/reports','ranges.this_year','This year','2022-04-20 20:01:15','2022-04-20 20:19:48'),(2881,0,'en','plugins/ecommerce/reports','revenue_this_month','Revenue this month','2022-04-20 20:01:15','2022-04-20 20:19:48'),(2882,0,'en','plugins/ecommerce/reports','order_processing_this_month','order(s) processing in this month','2022-04-20 20:01:15','2022-04-20 20:19:48'),(2883,0,'en','plugins/ecommerce/reports','order_completed_this_month','order(s) completed in this month','2022-04-20 20:01:15','2022-04-20 20:19:48'),(2884,0,'en','plugins/ecommerce/reports','product_will_be_out_of_stock','product(s) will be out of stock soon','2022-04-20 20:01:15','2022-04-20 20:19:48'),(2885,0,'en','plugins/ecommerce/reports','product_out_of_stock','product(s) out of stock','2022-04-20 20:01:15','2022-04-20 20:19:48'),(2886,0,'en','plugins/ecommerce/reports','sales_reports','Sales Reports','2022-04-20 20:01:15','2022-04-20 20:19:48'),(2887,0,'en','plugins/ecommerce/reports','total_earnings','Total Earnings','2022-04-20 20:01:15','2022-04-20 20:19:48'),(2888,0,'en','plugins/ecommerce/reports','recent_orders','Recent Orders','2022-04-20 20:01:15','2022-04-20 20:19:48'),(2889,0,'en','plugins/ecommerce/reports','statistics','Statistics','2022-04-20 20:01:15','2022-04-20 20:19:48'),(2890,0,'en','plugins/ecommerce/reports','items_earning_sales','Items Earning Sales: :value','2022-04-20 20:01:15','2022-04-20 20:19:48'),(2891,0,'en','plugins/ecommerce/reports','revenue','Revenue','2022-04-20 20:01:15','2022-04-20 20:19:48'),(2892,0,'en','plugins/ecommerce/reports','orders','Orders','2022-04-20 20:01:15','2022-04-20 20:19:48'),(2893,0,'en','plugins/ecommerce/reports','products','Products','2022-04-20 20:01:15','2022-04-20 20:19:48'),(2894,0,'en','plugins/ecommerce/reports','customers','Customers','2022-04-20 20:01:15','2022-04-20 20:19:48'),(2895,0,'en','plugins/ecommerce/reports','earnings','Earnings','2022-04-20 20:01:15','2022-04-20 20:19:48'),(2896,0,'en','plugins/ecommerce/reports','date_range_format_value','From :from to :to','2022-04-20 20:01:15','2022-04-20 20:19:48'),(2897,0,'en','plugins/ecommerce/reports','select_range','Select Range','2022-04-20 20:01:15','2022-04-20 20:19:48'),(2898,0,'en','plugins/ecommerce/review','name','Reviews','2022-04-20 20:01:15','2022-04-20 20:19:48'),(2899,0,'en','plugins/ecommerce/review','add_review','Add review','2022-04-20 20:01:16','2022-04-20 20:19:48'),(2900,0,'en','plugins/ecommerce/review','delete_review','Delete review','2022-04-20 20:01:16','2022-04-20 20:19:48'),(2901,0,'en','plugins/ecommerce/review','create_review','Create Review','2022-04-20 20:01:16','2022-04-20 20:19:48'),(2902,0,'en','plugins/ecommerce/review','please_select_rating','Please select rating','2022-04-20 20:01:16','2022-04-20 20:19:48'),(2903,0,'en','plugins/ecommerce/review','comment','Comment','2022-04-20 20:01:16','2022-04-20 20:19:48'),(2904,0,'en','plugins/ecommerce/review','approve','Approve','2022-04-20 20:01:16','2022-04-20 20:19:48'),(2905,0,'en','plugins/ecommerce/review','approved','Approved','2022-04-20 20:01:16','2022-04-20 20:19:48'),(2906,0,'en','plugins/ecommerce/review','disapprove','Disapprove','2022-04-20 20:01:16','2022-04-20 20:19:48'),(2907,0,'en','plugins/ecommerce/review','disapproved','Disapproved','2022-04-20 20:01:16','2022-04-20 20:19:48'),(2908,0,'en','plugins/ecommerce/review','product','Product','2022-04-20 20:01:16','2022-04-20 20:19:48'),(2909,0,'en','plugins/ecommerce/review','user','User','2022-04-20 20:01:16','2022-04-20 20:19:48'),(2910,0,'en','plugins/ecommerce/review','star','Star','2022-04-20 20:01:16','2022-04-20 20:19:48'),(2911,0,'en','plugins/ecommerce/review','status','Status','2022-04-20 20:01:16','2022-04-20 20:19:48'),(2912,0,'en','plugins/ecommerce/review','list_review','Customer reviews','2022-04-20 20:01:16','2022-04-20 20:19:48'),(2913,0,'en','plugins/ecommerce/review','intro.title','Manage customer reviews','2022-04-20 20:01:16','2022-04-20 20:19:48'),(2914,0,'en','plugins/ecommerce/review','intro.description','Customer reviews will be shown here and you can manage it to show/hide in product detail page.','2022-04-20 20:01:16','2022-04-20 20:19:48'),(2915,0,'en','plugins/ecommerce/review','images','Images','2022-04-20 20:01:16','2022-04-20 20:19:48'),(2916,0,'en','plugins/ecommerce/shipping','name','Shipping Rules','2022-04-20 20:01:16','2022-04-20 20:19:48'),(2917,0,'en','plugins/ecommerce/shipping','shipping','Shipping','2022-04-20 20:01:16','2022-04-20 20:19:48'),(2918,0,'en','plugins/ecommerce/shipping','title','Title','2022-04-20 20:01:16','2022-04-20 20:19:48'),(2919,0,'en','plugins/ecommerce/shipping','amount','Amount','2022-04-20 20:01:16','2022-04-20 20:19:48'),(2920,0,'en','plugins/ecommerce/shipping','enable','Enable','2022-04-20 20:01:16','2022-04-20 20:19:48'),(2921,0,'en','plugins/ecommerce/shipping','enabled','Enabled','2022-04-20 20:01:16','2022-04-20 20:19:48'),(2922,0,'en','plugins/ecommerce/shipping','disable','Disable','2022-04-20 20:01:16','2022-04-20 20:19:48'),(2923,0,'en','plugins/ecommerce/shipping','disabled','Disabled','2022-04-20 20:01:16','2022-04-20 20:19:48'),(2924,0,'en','plugins/ecommerce/shipping','create_shipping','Create a shipping','2022-04-20 20:01:16','2022-04-20 20:19:48'),(2925,0,'en','plugins/ecommerce/shipping','edit_shipping','Edit shipping :code','2022-04-20 20:01:16','2022-04-20 20:19:48'),(2926,0,'en','plugins/ecommerce/shipping','status','Status','2022-04-20 20:01:16','2022-04-20 20:19:48'),(2927,0,'en','plugins/ecommerce/shipping','shipping_methods','Shipping methods','2022-04-20 20:01:16','2022-04-20 20:19:48'),(2928,0,'en','plugins/ecommerce/shipping','create_shipping_method','Create shipping method','2022-04-20 20:01:16','2022-04-20 20:19:48'),(2929,0,'en','plugins/ecommerce/shipping','edit_shipping_method','Edit shipping method','2022-04-20 20:01:16','2022-04-20 20:19:48'),(2930,0,'en','plugins/ecommerce/shipping','add_shipping_region','Add shipping region','2022-04-20 20:01:16','2022-04-20 20:19:48'),(2931,0,'en','plugins/ecommerce/shipping','country','Country','2022-04-20 20:01:16','2022-04-20 20:19:48'),(2932,0,'en','plugins/ecommerce/shipping','state','State','2022-04-20 20:01:16','2022-04-20 20:19:48'),(2933,0,'en','plugins/ecommerce/shipping','city','City','2022-04-20 20:01:16','2022-04-20 20:19:48'),(2934,0,'en','plugins/ecommerce/shipping','address','Address','2022-04-20 20:01:16','2022-04-20 20:19:48'),(2935,0,'en','plugins/ecommerce/shipping','phone','Phone','2022-04-20 20:01:16','2022-04-20 20:19:48'),(2936,0,'en','plugins/ecommerce/shipping','email','Email','2022-04-20 20:01:16','2022-04-20 20:19:48'),(2937,0,'en','plugins/ecommerce/shipping','zip_code','Zip code','2022-04-20 20:01:16','2022-04-20 20:19:48'),(2938,0,'en','plugins/ecommerce/shipping','methods.default','Default','2022-04-20 20:01:16','2022-04-20 20:19:48'),(2939,0,'en','plugins/ecommerce/shipping','statuses.not_approved','Not approved','2022-04-20 20:01:16','2022-04-20 20:19:48'),(2940,0,'en','plugins/ecommerce/shipping','statuses.approved','Approved','2022-04-20 20:01:16','2022-04-20 20:19:48'),(2941,0,'en','plugins/ecommerce/shipping','statuses.pending','Pending','2022-04-20 20:01:16','2022-04-20 20:19:48'),(2942,0,'en','plugins/ecommerce/shipping','statuses.arrange_shipment','Arrange shipment','2022-04-20 20:01:16','2022-04-20 20:19:48'),(2943,0,'en','plugins/ecommerce/shipping','statuses.ready_to_be_shipped_out','Ready to be shipped out','2022-04-20 20:01:16','2022-04-20 20:19:48'),(2944,0,'en','plugins/ecommerce/shipping','statuses.picking','Picking','2022-04-20 20:01:16','2022-04-20 20:19:48'),(2945,0,'en','plugins/ecommerce/shipping','statuses.delay_picking','Delay picking','2022-04-20 20:01:16','2022-04-20 20:19:48'),(2946,0,'en','plugins/ecommerce/shipping','statuses.picked','Picked','2022-04-20 20:01:16','2022-04-20 20:19:48'),(2947,0,'en','plugins/ecommerce/shipping','statuses.not_picked','Not picked','2022-04-20 20:01:16','2022-04-20 20:19:48'),(2948,0,'en','plugins/ecommerce/shipping','statuses.delivering','Delivering','2022-04-20 20:01:16','2022-04-20 20:19:48'),(2949,0,'en','plugins/ecommerce/shipping','statuses.delivered','Delivered','2022-04-20 20:01:16','2022-04-20 20:19:48'),(2950,0,'en','plugins/ecommerce/shipping','statuses.not_delivered','Not delivered','2022-04-20 20:01:16','2022-04-20 20:19:48'),(2951,0,'en','plugins/ecommerce/shipping','statuses.audited','Audited','2022-04-20 20:01:16','2022-04-20 20:19:48'),(2952,0,'en','plugins/ecommerce/shipping','statuses.canceled','Canceled','2022-04-20 20:01:16','2022-04-20 20:19:48'),(2953,0,'en','plugins/ecommerce/shipping','cod_statuses.pending','Pending','2022-04-20 20:01:16','2022-04-20 20:19:48'),(2954,0,'en','plugins/ecommerce/shipping','cod_statuses.completed','Completed','2022-04-20 20:01:16','2022-04-20 20:19:48'),(2955,0,'en','plugins/ecommerce/shipping','delete','Delete','2022-04-20 20:01:16','2022-04-20 20:19:48'),(2956,0,'en','plugins/ecommerce/shipping','shipping_rules','Shipping Rules','2022-04-20 20:01:16','2022-04-20 20:19:48'),(2957,0,'en','plugins/ecommerce/shipping','shipping_rules_description','Rules to calculate shipping fee.','2022-04-20 20:01:16','2022-04-20 20:19:48'),(2958,0,'en','plugins/ecommerce/shipping','select_country','Select country','2022-04-20 20:01:16','2022-04-20 20:19:48'),(2959,0,'en','plugins/ecommerce/shipping','add_shipping_rule','Add shipping rule','2022-04-20 20:01:16','2022-04-20 20:19:48'),(2960,0,'en','plugins/ecommerce/shipping','delete_shipping_rate','Delete shipping rate for area','2022-04-20 20:01:16','2022-04-20 20:19:48'),(2961,0,'en','plugins/ecommerce/shipping','delete_shipping_rate_confirmation','Are you sure you want to delete <strong class=\"region-price-item-label\"></strong> from this shipping area?','2022-04-20 20:01:16','2022-04-20 20:19:48'),(2962,0,'en','plugins/ecommerce/shipping','delete_shipping_area','Delete shipping area','2022-04-20 20:01:16','2022-04-20 20:19:48'),(2963,0,'en','plugins/ecommerce/shipping','delete_shipping_area_confirmation','Are you sure you want to delete shipping area <strong class=\"region-item-label\"></strong>?','2022-04-20 20:01:16','2022-04-20 20:19:48'),(2964,0,'en','plugins/ecommerce/shipping','add_shipping_fee_for_area','Add shipping fee for area','2022-04-20 20:01:16','2022-04-20 20:19:48'),(2965,0,'en','plugins/ecommerce/shipping','confirm','Confirm','2022-04-20 20:01:16','2022-04-20 20:19:48'),(2966,0,'en','plugins/ecommerce/shipping','save','Save','2022-04-20 20:01:16','2022-04-20 20:19:48'),(2967,0,'en','plugins/ecommerce/shipping','greater_than','Greater than','2022-04-20 20:01:16','2022-04-20 20:19:48'),(2968,0,'en','plugins/ecommerce/shipping','type','Type','2022-04-20 20:01:16','2022-04-20 20:19:48'),(2969,0,'en','plugins/ecommerce/shipping','shipping_rule_name','Name of shipping rule','2022-04-20 20:01:16','2022-04-20 20:19:48'),(2970,0,'en','plugins/ecommerce/shipping','shipping_fee','Shipping fee','2022-04-20 20:01:16','2022-04-20 20:19:48'),(2971,0,'en','plugins/ecommerce/shipping','cancel','Cancel','2022-04-20 20:01:16','2022-04-20 20:19:48'),(2972,0,'en','plugins/ecommerce/shipping','base_on_weight','Based on product\'s weight (:unit)','2022-04-20 20:01:16','2022-04-20 20:19:48'),(2973,0,'en','plugins/ecommerce/shipping','base_on_price','Based on product\'s price','2022-04-20 20:01:16','2022-04-20 20:19:48'),(2974,0,'en','plugins/ecommerce/shipping','shipment_canceled','Shipment was canceled','2022-04-20 20:01:16','2022-04-20 20:19:48'),(2975,0,'en','plugins/ecommerce/shipping','at','At','2022-04-20 20:01:16','2022-04-20 20:19:48'),(2976,0,'en','plugins/ecommerce/shipping','cash_on_delivery','Cash on delivery (COD)','2022-04-20 20:01:16','2022-04-20 20:19:48'),(2977,0,'en','plugins/ecommerce/shipping','update_shipping_status','Update shipping status','2022-04-20 20:01:16','2022-04-20 20:19:48'),(2978,0,'en','plugins/ecommerce/shipping','update_cod_status','Update COD status','2022-04-20 20:01:16','2022-04-20 20:19:48'),(2979,0,'en','plugins/ecommerce/shipping','history','History','2022-04-20 20:01:16','2022-04-20 20:19:48'),(2980,0,'en','plugins/ecommerce/shipping','shipment_information','Shipment information','2022-04-20 20:01:16','2022-04-20 20:19:48'),(2981,0,'en','plugins/ecommerce/shipping','order_number','Order number','2022-04-20 20:01:16','2022-04-20 20:19:48'),(2982,0,'en','plugins/ecommerce/shipping','shipping_method','Shipping method','2022-04-20 20:01:16','2022-04-20 20:19:48'),(2983,0,'en','plugins/ecommerce/shipping','select_shipping_method','Select shipping method','2022-04-20 20:01:16','2022-04-20 20:19:48'),(2984,0,'en','plugins/ecommerce/shipping','cod_status','COD status','2022-04-20 20:01:16','2022-04-20 20:19:48'),(2985,0,'en','plugins/ecommerce/shipping','shipping_status','Shipping status','2022-04-20 20:01:16','2022-04-20 20:19:48'),(2986,0,'en','plugins/ecommerce/shipping','customer_information','Customer information','2022-04-20 20:01:16','2022-04-20 20:19:48'),(2987,0,'en','plugins/ecommerce/shipping','sku','SKU','2022-04-20 20:01:16','2022-04-20 20:19:48'),(2988,0,'en','plugins/ecommerce/shipping','change_status_confirm_title','Confirm <span class=\"shipment-status-label\"></span> ?','2022-04-20 20:01:16','2022-04-20 20:19:48'),(2989,0,'en','plugins/ecommerce/shipping','change_status_confirm_description','Are you sure you want to confirm <span class=\"shipment-status-label\"></span> for this shipment?','2022-04-20 20:01:16','2022-04-20 20:19:48'),(2990,0,'en','plugins/ecommerce/shipping','accept','Accept','2022-04-20 20:01:16','2022-04-20 20:19:48'),(2991,0,'en','plugins/ecommerce/shipping','weight_unit','Weight (:unit)','2022-04-20 20:01:16','2022-04-20 20:19:48'),(2992,0,'en','plugins/ecommerce/shipping','updated_at','Last Update','2022-04-20 20:01:16','2022-04-20 20:19:48'),(2993,0,'en','plugins/ecommerce/shipping','cod_amount','Cash on delivery amount (COD)','2022-04-20 20:01:16','2022-04-20 20:19:48'),(2994,0,'en','plugins/ecommerce/shipping','cancel_shipping','Cancel shipping','2022-04-20 20:01:16','2022-04-20 20:19:48'),(2995,0,'en','plugins/ecommerce/shipping','shipping_address','Shipping address','2022-04-20 20:01:16','2022-04-20 20:19:48'),(2996,0,'en','plugins/ecommerce/shipping','packages','Packages','2022-04-20 20:01:16','2022-04-20 20:19:48'),(2997,0,'en','plugins/ecommerce/shipping','edit','Edit','2022-04-20 20:01:16','2022-04-20 20:19:48'),(2998,0,'en','plugins/ecommerce/shipping','fee','Fee','2022-04-20 20:01:16','2022-04-20 20:19:48'),(2999,0,'en','plugins/ecommerce/shipping','note','Note','2022-04-20 20:01:16','2022-04-20 20:19:48'),(3000,0,'en','plugins/ecommerce/shipping','finish','Finish','2022-04-20 20:01:16','2022-04-20 20:19:48'),(3001,0,'en','plugins/ecommerce/shipping','shipping_fee_cod','Shipping fee/COD','2022-04-20 20:01:16','2022-04-20 20:19:48'),(3002,0,'en','plugins/ecommerce/shipping','send_confirmation_email_to_customer','Send confirmation email to customer','2022-04-20 20:01:16','2022-04-20 20:19:48'),(3003,0,'en','plugins/ecommerce/shipping','form_name','Name','2022-04-20 20:01:16','2022-04-20 20:19:48'),(3004,0,'en','plugins/ecommerce/shipping','changed_shipping_status','Changed status of shipping to : :status . Updated by: %user_name%','2022-04-20 20:01:16','2022-04-20 20:19:48'),(3005,0,'en','plugins/ecommerce/shipping','order_confirmed_by','Order confirmed by %user_name%','2022-04-20 20:01:16','2022-04-20 20:19:48'),(3006,0,'en','plugins/ecommerce/shipping','shipping_canceled_by','Shipping is cancelled by %user_name%','2022-04-20 20:01:16','2022-04-20 20:19:48'),(3007,0,'en','plugins/ecommerce/shipping','update_shipping_status_success','Update shipping status successfully!','2022-04-20 20:01:16','2022-04-20 20:19:48'),(3008,0,'en','plugins/ecommerce/shipping','update_cod_status_success','Updated COD status of shipping successfully!','2022-04-20 20:01:16','2022-04-20 20:19:48'),(3009,0,'en','plugins/ecommerce/shipping','updated_cod_status_by','Updated COD status to :status . Updated by: %user_name%','2022-04-20 20:01:16','2022-04-20 20:19:48'),(3010,0,'en','plugins/ecommerce/shipping','all','All','2022-04-20 20:01:16','2022-04-20 20:19:48'),(3011,0,'en','plugins/ecommerce/shipping','error_when_adding_new_region','There is an error when adding new region!','2022-04-20 20:01:16','2022-04-20 20:19:48'),(3012,0,'en','plugins/ecommerce/shipping','delivery','Delivery','2022-04-20 20:01:16','2022-04-20 20:19:48'),(3013,0,'en','plugins/ecommerce/shipping','adjustment_price_of','Adjustment price of :key','2022-04-20 20:01:16','2022-04-20 20:19:48'),(3014,0,'en','plugins/ecommerce/shipping','warehouse','Warehouse','2022-04-20 20:01:16','2022-04-20 20:19:48'),(3015,0,'en','plugins/ecommerce/shipping','delivery_note','Delivery note','2022-04-20 20:01:16','2022-04-20 20:19:48'),(3016,0,'en','plugins/ecommerce/shipping','shipments','Shipments','2022-04-20 20:01:16','2022-04-20 20:19:48'),(3017,0,'en','plugins/ecommerce/shipping','order_id','Order ID','2022-04-20 20:01:16','2022-04-20 20:19:48'),(3018,0,'en','plugins/ecommerce/shipping','not_available','Not available','2022-04-20 20:01:16','2022-04-20 20:19:48'),(3019,0,'en','plugins/ecommerce/shipping','shipping_amount','Shipping Amount','2022-04-20 20:01:16','2022-04-20 20:19:48'),(3020,0,'en','plugins/ecommerce/shipping','additional_shipment_information','Additional shipment information','2022-04-20 20:01:16','2022-04-20 20:19:48'),(3021,0,'en','plugins/ecommerce/shipping','shipping_company_name','Shipping Company Name','2022-04-20 20:01:16','2022-04-20 20:19:48'),(3022,0,'en','plugins/ecommerce/shipping','tracking_id','Tracking ID','2022-04-20 20:01:16','2022-04-20 20:19:48'),(3023,0,'en','plugins/ecommerce/shipping','tracking_link','Tracking Link','2022-04-20 20:01:16','2022-04-20 20:19:48'),(3024,0,'en','plugins/ecommerce/shipping','estimate_date_shipped','Estimate Date Shipped','2022-04-20 20:01:16','2022-04-20 20:19:48'),(3025,0,'en','plugins/ecommerce/shipping','date_shipped','Date Shipped','2022-04-20 20:01:16','2022-04-20 20:19:48'),(3026,0,'en','plugins/ecommerce/shipping','add_note','Add note...','2022-04-20 20:01:16','2022-04-20 20:19:48'),(3027,0,'en','plugins/ecommerce/shipping','view_order','View Order :order_id','2022-04-20 20:01:16','2022-04-20 20:19:48'),(3028,0,'en','plugins/ecommerce/store-locator','name','Store locators','2022-04-20 20:01:16','2022-04-20 20:19:48'),(3029,0,'en','plugins/ecommerce/store-locator','description','This address will appear on your invoice and will be used to calculate your shipping price.','2022-04-20 20:01:16','2022-04-20 20:19:48'),(3030,0,'en','plugins/ecommerce/store-locator','shop_name','Shop name','2022-04-20 20:01:16','2022-04-20 20:19:48'),(3031,0,'en','plugins/ecommerce/store-locator','phone','Phone','2022-04-20 20:01:16','2022-04-20 20:19:48'),(3032,0,'en','plugins/ecommerce/store-locator','email','Email','2022-04-20 20:01:16','2022-04-20 20:19:48'),(3033,0,'en','plugins/ecommerce/store-locator','state','State','2022-04-20 20:01:16','2022-04-20 20:19:48'),(3034,0,'en','plugins/ecommerce/store-locator','city','City','2022-04-20 20:01:16','2022-04-20 20:19:48'),(3035,0,'en','plugins/ecommerce/store-locator','country','Country','2022-04-20 20:01:16','2022-04-20 20:19:48'),(3036,0,'en','plugins/ecommerce/store-locator','address','Address','2022-04-20 20:01:16','2022-04-20 20:19:48'),(3037,0,'en','plugins/ecommerce/store-locator','primary_store_is','Primary store is','2022-04-20 20:01:16','2022-04-20 20:19:48'),(3038,0,'en','plugins/ecommerce/store-locator','store_name','Store name','2022-04-20 20:01:16','2022-04-20 20:19:48'),(3039,0,'en','plugins/ecommerce/store-locator','select_country','Select country...','2022-04-20 20:01:16','2022-04-20 20:19:48'),(3040,0,'en','plugins/ecommerce/store-locator','default_shipping_location','Default shipping location','2022-04-20 20:01:16','2022-04-20 20:19:48'),(3041,0,'en','plugins/ecommerce/store-locator','default_store','Default store','2022-04-20 20:01:16','2022-04-20 20:19:48'),(3042,0,'en','plugins/ecommerce/tax','name','Taxes','2022-04-20 20:01:16','2022-04-20 20:19:48'),(3043,0,'en','plugins/ecommerce/tax','create','Create a tax','2022-04-20 20:01:16','2022-04-20 20:19:48'),(3044,0,'en','plugins/ecommerce/tax','edit','Edit tax :title','2022-04-20 20:01:16','2022-04-20 20:19:48'),(3045,0,'en','plugins/ecommerce/tax','title','Title','2022-04-20 20:01:16','2022-04-20 20:19:48'),(3046,0,'en','plugins/ecommerce/tax','percentage','Percentage %','2022-04-20 20:01:16','2022-04-20 20:19:48'),(3047,0,'en','plugins/ecommerce/tax','priority','Priority','2022-04-20 20:01:16','2022-04-20 20:19:48'),(3048,0,'en','plugins/ecommerce/tax','select_tax','-- select --','2022-04-20 20:01:16','2022-04-20 20:19:48'),(3049,0,'vi','plugins/ecommerce/brands','name','Thương hiệu','2022-04-20 20:01:16','2022-04-20 20:19:47'),(3050,0,'vi','plugins/ecommerce/brands','create','Thêm thương hiệu mới','2022-04-20 20:01:16','2022-04-20 20:19:47'),(3051,0,'vi','plugins/ecommerce/brands','edit','Sửa thương hiệu','2022-04-20 20:01:16','2022-04-20 20:19:47'),(3052,0,'vi','plugins/ecommerce/brands','form.name','Tên','2022-04-20 20:01:16','2022-04-20 20:19:47'),(3053,0,'vi','plugins/ecommerce/brands','form.name_placeholder','Tên thương hiệu (tối đa 255 kí tự)','2022-04-20 20:01:16','2022-04-20 20:19:47'),(3054,0,'vi','plugins/ecommerce/brands','form.description','Mô tả','2022-04-20 20:01:16','2022-04-20 20:19:47'),(3055,0,'vi','plugins/ecommerce/brands','form.description_placeholder','Mô tả ngắn cho thương hiệu này (tối đa 400 kí tự)','2022-04-20 20:01:16','2022-04-20 20:19:47'),(3056,0,'vi','plugins/ecommerce/brands','form.website','Website','2022-04-20 20:01:16','2022-04-20 20:19:47'),(3057,0,'vi','plugins/ecommerce/brands','form.logo','Logo','2022-04-20 20:01:16','2022-04-20 20:19:47'),(3058,0,'vi','plugins/ecommerce/brands','form.is_featured','Nổi bật?','2022-04-20 20:01:16','2022-04-20 20:19:47'),(3059,0,'vi','plugins/ecommerce/brands','logo','Logo','2022-04-20 20:01:16','2022-04-20 20:19:47'),(3060,0,'vi','plugins/ecommerce/brands','website','Website','2022-04-20 20:01:16','2022-04-20 20:19:47'),(3061,0,'vi','plugins/ecommerce/brands','notices.no_select','Không có bản ghi nào được chọn!','2022-04-20 20:01:16','2022-04-20 20:19:47'),(3062,0,'vi','plugins/ecommerce/brands','notices.update_success_message','Cập nhật thành công','2022-04-20 20:01:16','2022-04-20 20:19:47'),(3063,0,'vi','plugins/ecommerce/brands','cannot_delete','Xoá không thành công','2022-04-20 20:01:16','2022-04-20 20:19:47'),(3064,0,'vi','plugins/ecommerce/brands','brand_deleted','Xoá thương hiệu thành công','2022-04-20 20:01:16','2022-04-20 20:19:47'),(3065,0,'vi','plugins/ecommerce/brands','menu','Thương hiệu','2022-04-20 20:01:16','2022-04-20 20:19:47'),(3066,0,'vi','plugins/ecommerce/brands','intro.title','Quản lý danh sách thương hiệu','2022-04-20 20:01:16','2022-04-20 20:19:47'),(3067,0,'vi','plugins/ecommerce/brands','intro.description','Các thương hiệu của sản phẩm như Nike, Adidas, Bitis ...','2022-04-20 20:01:16','2022-04-20 20:19:47'),(3068,0,'vi','plugins/ecommerce/brands','intro.button_text','Tạo thương hiệu','2022-04-20 20:01:16','2022-04-20 20:19:47'),(3069,0,'vi','plugins/ecommerce/brands','no_brand','Không có thương hiệu','2022-04-20 20:01:16','2022-04-20 20:19:47'),(3091,0,'vi','plugins/ecommerce/currency','currencies','Tiền tệ','2022-04-20 20:01:16','2022-04-20 20:19:47'),(3092,0,'vi','plugins/ecommerce/currency','setting_description','Các loại tiền tệ được sử dụng trên website.','2022-04-20 20:01:16','2022-04-20 20:19:47'),(3093,0,'vi','plugins/ecommerce/currency','name','Tên','2022-04-20 20:01:16','2022-04-20 20:19:47'),(3094,0,'vi','plugins/ecommerce/currency','symbol','Ký hiệu','2022-04-20 20:01:16','2022-04-20 20:19:47'),(3095,0,'vi','plugins/ecommerce/currency','number_of_decimals','Số thập phân','2022-04-20 20:01:16','2022-04-20 20:19:47'),(3096,0,'vi','plugins/ecommerce/currency','exchange_rate','Tỷ giá','2022-04-20 20:01:16','2022-04-20 20:19:47'),(3097,0,'vi','plugins/ecommerce/currency','is_prefix_symbol','Vị trí ký hiệu','2022-04-20 20:01:16','2022-04-20 20:19:47'),(3098,0,'vi','plugins/ecommerce/currency','is_default','Mặc định?','2022-04-20 20:01:16','2022-04-20 20:19:47'),(3099,0,'vi','plugins/ecommerce/currency','remove','Xoá','2022-04-20 20:01:16','2022-04-20 20:19:47'),(3100,0,'vi','plugins/ecommerce/currency','new_currency','Thêm tiền tệ mới','2022-04-20 20:01:16','2022-04-20 20:19:47'),(3101,0,'vi','plugins/ecommerce/currency','save_settings','Lưu cài đặt','2022-04-20 20:01:16','2022-04-20 20:19:47'),(3102,0,'vi','plugins/ecommerce/currency','before_number','Trước số','2022-04-20 20:01:16','2022-04-20 20:19:47'),(3103,0,'vi','plugins/ecommerce/currency','after_number','Sau số','2022-04-20 20:01:16','2022-04-20 20:19:47'),(3104,0,'vi','plugins/ecommerce/customer','name','Khách hàng','2022-04-20 20:01:16','2022-04-20 20:19:47'),(3105,0,'vi','plugins/ecommerce/customer','create','Create a customer','2022-04-20 20:01:17','2022-04-20 20:19:47'),(3106,0,'vi','plugins/ecommerce/customer','edit','Edit customer \":name\"','2022-04-20 20:01:17','2022-04-20 20:19:47'),(3107,0,'vi','plugins/ecommerce/customer','email','Email','2022-04-20 20:01:17','2022-04-20 20:19:47'),(3108,0,'vi','plugins/ecommerce/customer','email_placeholder','Ex: example@gmail.com','2022-04-20 20:01:17','2022-04-20 20:19:47'),(3109,0,'vi','plugins/ecommerce/customer','password','Password','2022-04-20 20:01:17','2022-04-20 20:19:47'),(3110,0,'vi','plugins/ecommerce/customer','change_password','Change password?','2022-04-20 20:01:17','2022-04-20 20:19:47'),(3111,0,'vi','plugins/ecommerce/customer','password_confirmation','Password confirmation','2022-04-20 20:01:17','2022-04-20 20:19:47'),(3112,0,'vi','plugins/ecommerce/customer','intro.title','Quản lý danh sách khách hàng','2022-04-20 20:01:17','2022-04-20 20:19:47'),(3113,0,'vi','plugins/ecommerce/customer','intro.description','Khi khách hàng đặt hàng, bạn sẽ biết được thông tin và lịch sử mua hàng của khách hàng.','2022-04-20 20:01:17','2022-04-20 20:19:47'),(3114,0,'vi','plugins/ecommerce/customer','intro.button_text','Tạo khách hàng','2022-04-20 20:01:17','2022-04-20 20:19:47'),(3115,0,'vi','plugins/ecommerce/discount','name','Khuyến mãi','2022-04-20 20:01:17','2022-04-20 20:19:47'),(3116,0,'vi','plugins/ecommerce/discount','invalid_coupon','Mã khuyến mãi không hợp lệ hoặc đã hết hạn!','2022-04-20 20:01:17','2022-04-20 20:19:47'),(3117,0,'vi','plugins/ecommerce/discount','cannot_use_same_time_with_other_discount_program','Mã khuyến mãi này không thể sử dụng chung với chương trình khuyến mãi!','2022-04-20 20:01:17','2022-04-20 20:19:47'),(3118,0,'vi','plugins/ecommerce/discount','not_used','Chưa sử dụng mã giảm giá này','2022-04-20 20:01:17','2022-04-20 20:19:47'),(3119,0,'vi','plugins/ecommerce/discount','detail','Detail','2022-04-20 20:01:17','2022-04-20 20:19:47'),(3120,0,'vi','plugins/ecommerce/discount','used','Used','2022-04-20 20:01:17','2022-04-20 20:19:47'),(3121,0,'vi','plugins/ecommerce/discount','start_date','Start date','2022-04-20 20:01:17','2022-04-20 20:19:47'),(3122,0,'vi','plugins/ecommerce/discount','end_date','End date','2022-04-20 20:01:17','2022-04-20 20:19:47'),(3123,0,'vi','plugins/ecommerce/discount','intro.title','Chương trình khuyến mãi','2022-04-20 20:01:17','2022-04-20 20:19:47'),(3124,0,'vi','plugins/ecommerce/discount','intro.description','Tạo ra các mã coupon, cài đặt một sản phẩm, hoặc một nhóm sản phẩm khuyến mãi dành cho các khách hàng thân thiết của bạn.','2022-04-20 20:01:17','2022-04-20 20:19:47'),(3125,0,'vi','plugins/ecommerce/discount','intro.button_text','Tạo khuyến mãi','2022-04-20 20:01:17','2022-04-20 20:19:47'),(3126,0,'vi','plugins/ecommerce/discount','create','Create discount','2022-04-20 20:01:17','2022-04-20 20:19:47'),(3127,0,'vi','plugins/ecommerce/discount','expired','Expired','2022-04-20 20:01:17','2022-04-20 20:19:47'),(3128,0,'vi','plugins/ecommerce/discount','discount_promotion','Discount promotion','2022-04-20 20:01:17','2022-04-20 20:19:47'),(3129,0,'vi','plugins/ecommerce/discount','can','can','2022-04-20 20:01:17','2022-04-20 20:19:47'),(3130,0,'vi','plugins/ecommerce/discount','cannot','cannot','2022-04-20 20:01:17','2022-04-20 20:19:47'),(3131,0,'vi','plugins/ecommerce/discount','use_with_promotion','be used with promotion','2022-04-20 20:01:17','2022-04-20 20:19:47'),(3132,0,'vi','plugins/ecommerce/discount','create_discount_validate_title_required_if','Please enter the name of the promotion','2022-04-20 20:01:17','2022-04-20 20:19:47'),(3133,0,'vi','plugins/ecommerce/discount','create_discount_validate_code_required_if','Please enter the promotion code','2022-04-20 20:01:17','2022-04-20 20:19:47'),(3134,0,'vi','plugins/ecommerce/discount','create_discount_validate_value_required','Amount must be greater than 0','2022-04-20 20:01:17','2022-04-20 20:19:47'),(3135,0,'vi','plugins/ecommerce/discount','create_discount_validate_target_required','No object selected for promotion','2022-04-20 20:01:17','2022-04-20 20:19:47'),(3136,0,'vi','plugins/ecommerce/discount','enums.type-options.amount','Amount - Fixed','2022-04-20 20:01:17','2022-04-20 20:19:47'),(3137,0,'vi','plugins/ecommerce/discount','enums.type-options.percentage','Discount %','2022-04-20 20:01:17','2022-04-20 20:19:47'),(3138,0,'vi','plugins/ecommerce/discount','enums.type-options.shipping','Free shipping','2022-04-20 20:01:17','2022-04-20 20:19:47'),(3139,0,'vi','plugins/ecommerce/discount','enums.type-options.same-price','Same price','2022-04-20 20:01:17','2022-04-20 20:19:47'),(3140,0,'vi','plugins/ecommerce/discount','discount','Discount','2022-04-20 20:01:17','2022-04-20 20:19:47'),(3141,0,'vi','plugins/ecommerce/discount','create_coupon_code','Tạo mã khuyến mãi','2022-04-20 20:01:17','2022-04-20 20:19:47'),(3142,0,'vi','plugins/ecommerce/discount','create_discount_promotion','Create discount promotion','2022-04-20 20:01:17','2022-04-20 20:19:47'),(3143,0,'vi','plugins/ecommerce/discount','generate_coupon_code','Generate coupon code','2022-04-20 20:01:17','2022-04-20 20:19:47'),(3144,0,'vi','plugins/ecommerce/discount','customers_will_enter_this_coupon_code_when_they_checkout','Customers will enter this coupon code when they checkout','2022-04-20 20:01:17','2022-04-20 20:19:47'),(3145,0,'vi','plugins/ecommerce/discount','select_type_of_discount','Select type of discount','2022-04-20 20:01:17','2022-04-20 20:19:47'),(3146,0,'vi','plugins/ecommerce/discount','coupon_code','Coupon code','2022-04-20 20:01:17','2022-04-20 20:19:47'),(3147,0,'vi','plugins/ecommerce/discount','promotion','Promotion','2022-04-20 20:01:17','2022-04-20 20:19:47'),(3148,0,'vi','plugins/ecommerce/discount','can_be_used_with_promotion','Can be used with promotion','2022-04-20 20:01:17','2022-04-20 20:19:47'),(3149,0,'vi','plugins/ecommerce/discount','unlimited_coupon','Unlimited coupon','2022-04-20 20:01:17','2022-04-20 20:19:47'),(3150,0,'vi','plugins/ecommerce/discount','enter_number','Enter number','2022-04-20 20:01:17','2022-04-20 20:19:47'),(3151,0,'vi','plugins/ecommerce/discount','coupon_type','Coupon type','2022-04-20 20:01:17','2022-04-20 20:19:47'),(3152,0,'vi','plugins/ecommerce/discount','percentage_discount','Percentage discount (%)','2022-04-20 20:01:17','2022-04-20 20:19:47'),(3153,0,'vi','plugins/ecommerce/discount','free_shipping','Free shipping','2022-04-20 20:01:17','2022-04-20 20:19:47'),(3154,0,'vi','plugins/ecommerce/discount','same_price','Same price','2022-04-20 20:01:17','2022-04-20 20:19:47'),(3155,0,'vi','plugins/ecommerce/discount','apply_for','apply for','2022-04-20 20:01:17','2022-04-20 20:19:47'),(3156,0,'vi','plugins/ecommerce/discount','all_orders','All orders','2022-04-20 20:01:17','2022-04-20 20:19:47'),(3157,0,'vi','plugins/ecommerce/discount','order_amount_from','Order amount from','2022-04-20 20:01:17','2022-04-20 20:19:47'),(3158,0,'vi','plugins/ecommerce/discount','product_collection','Product collection','2022-04-20 20:01:17','2022-04-20 20:19:47'),(3159,0,'vi','plugins/ecommerce/discount','product','Product','2022-04-20 20:01:17','2022-04-20 20:19:47'),(3160,0,'vi','plugins/ecommerce/discount','customer','Customer','2022-04-20 20:01:17','2022-04-20 20:19:47'),(3161,0,'vi','plugins/ecommerce/discount','variant','Variant','2022-04-20 20:01:17','2022-04-20 20:19:47'),(3162,0,'vi','plugins/ecommerce/discount','search_product','Search product','2022-04-20 20:01:17','2022-04-20 20:19:47'),(3163,0,'vi','plugins/ecommerce/discount','no_products_found','No products found!','2022-04-20 20:01:17','2022-04-20 20:19:47'),(3164,0,'vi','plugins/ecommerce/discount','search_customer','Search customer','2022-04-20 20:01:17','2022-04-20 20:19:47'),(3165,0,'vi','plugins/ecommerce/discount','no_customer_found','No customer found!','2022-04-20 20:01:17','2022-04-20 20:19:47'),(3166,0,'vi','plugins/ecommerce/discount','one_time_per_order','One time per order','2022-04-20 20:01:17','2022-04-20 20:19:47'),(3167,0,'vi','plugins/ecommerce/discount','one_time_per_product_in_cart','One time per product in cart','2022-04-20 20:01:17','2022-04-20 20:19:47'),(3168,0,'vi','plugins/ecommerce/discount','number_of_products','Number of products required to apply','2022-04-20 20:01:17','2022-04-20 20:19:47'),(3169,0,'vi','plugins/ecommerce/discount','selected_products','Selected products','2022-04-20 20:01:17','2022-04-20 20:19:47'),(3170,0,'vi','plugins/ecommerce/discount','selected_customers','Selected customers','2022-04-20 20:01:17','2022-04-20 20:19:47'),(3171,0,'vi','plugins/ecommerce/discount','time','Time','2022-04-20 20:01:17','2022-04-20 20:19:47'),(3172,0,'vi','plugins/ecommerce/discount','never_expired','Never expired','2022-04-20 20:01:17','2022-04-20 20:19:47'),(3173,0,'vi','plugins/ecommerce/discount','save','Save','2022-04-20 20:01:17','2022-04-20 20:19:47'),(3174,0,'vi','plugins/ecommerce/discount','enter_promotion_name','Enter promotion name','2022-04-20 20:01:17','2022-04-20 20:19:47'),(3175,0,'vi','plugins/ecommerce/discount','enter_coupon_name','Enter coupon name','2022-04-20 20:01:17','2022-04-20 20:19:47'),(3176,0,'vi','plugins/ecommerce/discount','cancel','Cancel','2022-04-20 20:01:17','2022-04-20 20:19:47'),(3177,0,'vi','plugins/ecommerce/discount','is','Is','2022-04-20 20:01:17','2022-04-20 20:19:47'),(3178,0,'vi','plugins/ecommerce/discount','when_shipping_fee_less_than','when shipping fee less than','2022-04-20 20:01:17','2022-04-20 20:19:47'),(3179,0,'vi','plugins/ecommerce/ecommerce','settings','Cài đặt','2022-04-20 20:01:17','2022-04-20 20:19:47'),(3180,0,'vi','plugins/ecommerce/ecommerce','name','Thương mại điện tử','2022-04-20 20:01:17','2022-04-20 20:19:47'),(3181,0,'vi','plugins/ecommerce/ecommerce','setting.email.title','E-commerce','2022-04-20 20:01:17','2022-04-20 20:19:47'),(3182,0,'vi','plugins/ecommerce/ecommerce','setting.email.description','Ecommerce email config','2022-04-20 20:01:17','2022-04-20 20:19:47'),(3183,0,'vi','plugins/ecommerce/ecommerce','setting.email.order_confirm_subject','Subject of order confirmation email','2022-04-20 20:01:17','2022-04-20 20:19:47'),(3184,0,'vi','plugins/ecommerce/ecommerce','setting.email.order_confirm_subject_placeholder','The subject of email confirmation send to the customer','2022-04-20 20:01:17','2022-04-20 20:19:47'),(3185,0,'vi','plugins/ecommerce/ecommerce','setting.email.order_confirm_content','Content of order confirmation email','2022-04-20 20:01:17','2022-04-20 20:19:47'),(3186,0,'vi','plugins/ecommerce/ecommerce','setting.email.order_status_change_subject','Subject of email when changing order\'s status','2022-04-20 20:01:17','2022-04-20 20:19:47'),(3187,0,'vi','plugins/ecommerce/ecommerce','setting.email.order_status_change_subject_placeholder','Subject of email when changing order\'s status send to customer','2022-04-20 20:01:17','2022-04-20 20:19:47'),(3188,0,'vi','plugins/ecommerce/ecommerce','setting.email.order_status_change_content','Content of email when changing order\'s status','2022-04-20 20:01:17','2022-04-20 20:19:47'),(3189,0,'vi','plugins/ecommerce/ecommerce','setting.email.from_email','Email from','2022-04-20 20:01:17','2022-04-20 20:19:47'),(3190,0,'vi','plugins/ecommerce/ecommerce','setting.email.from_email_placeholder','Email from address to display in mail. Ex: example@gmail.com','2022-04-20 20:01:17','2022-04-20 20:19:47'),(3191,0,'vi','plugins/ecommerce/ecommerce','store_address','Địa chỉ cửa hàng','2022-04-20 20:01:17','2022-04-20 20:19:47'),(3192,0,'vi','plugins/ecommerce/ecommerce','store_phone','Số điện thoại cửa hàng','2022-04-20 20:01:17','2022-04-20 20:19:47'),(3193,0,'vi','plugins/ecommerce/ecommerce','order_id','Mã đơn hàng','2022-04-20 20:01:17','2022-04-20 20:19:47'),(3194,0,'vi','plugins/ecommerce/ecommerce','order_token','Chuỗi mã hoá đơn hàng','2022-04-20 20:01:17','2022-04-20 20:19:47'),(3195,0,'vi','plugins/ecommerce/ecommerce','customer_name','Tên khách hàng','2022-04-20 20:01:17','2022-04-20 20:19:47'),(3196,0,'vi','plugins/ecommerce/ecommerce','customer_email','Email khách hàng','2022-04-20 20:01:17','2022-04-20 20:19:47'),(3197,0,'vi','plugins/ecommerce/ecommerce','customer_phone','Số điện thoại khách hàng','2022-04-20 20:01:17','2022-04-20 20:19:47'),(3198,0,'vi','plugins/ecommerce/ecommerce','customer_address','Địa chỉ khách hàng','2022-04-20 20:01:17','2022-04-20 20:19:47'),(3199,0,'vi','plugins/ecommerce/ecommerce','product_list','Danh sách sản phẩm trong đơn hàng','2022-04-20 20:01:17','2022-04-20 20:19:47'),(3200,0,'vi','plugins/ecommerce/ecommerce','payment_detail','Chi tiết thanh toán','2022-04-20 20:01:17','2022-04-20 20:19:47'),(3201,0,'vi','plugins/ecommerce/ecommerce','shipping_method','Phương thức vận chuyển','2022-04-20 20:01:17','2022-04-20 20:19:47'),(3202,0,'vi','plugins/ecommerce/ecommerce','payment_method','Phương thức thanh toán','2022-04-20 20:01:17','2022-04-20 20:19:47'),(3203,0,'vi','plugins/ecommerce/ecommerce','standard_and_format','Tiêu chuẩn & Định dạng','2022-04-20 20:01:17','2022-04-20 20:19:47'),(3204,0,'vi','plugins/ecommerce/ecommerce','standard_and_format_description','Các tiêu chuẩn và các định dạng được sử dụng để tính toán những thứ như giá cả sản phẩm, trọng lượng vận chuyển và thời gian đơn hàng được đặt.','2022-04-20 20:01:17','2022-04-20 20:19:47'),(3205,0,'vi','plugins/ecommerce/ecommerce','change_order_format','Chỉnh sửa định dạng mã đơn hàng (tùy chọn)','2022-04-20 20:01:17','2022-04-20 20:19:47'),(3206,0,'vi','plugins/ecommerce/ecommerce','change_order_format_description','Mã đơn hàng mặc định bắt đầu từ :number. Bạn có thể thay đổi chuỗi bắt đầu hoặc kết thúc để tạo mã đơn hàng theo ý bạn, ví dụ \"DH-:number\" hoặc \":number-A\"','2022-04-20 20:01:17','2022-04-20 20:19:47'),(3207,0,'vi','plugins/ecommerce/ecommerce','start_with','Bắt đầu bằng','2022-04-20 20:01:17','2022-04-20 20:19:47'),(3208,0,'vi','plugins/ecommerce/ecommerce','end_with','Kết thúc bằng','2022-04-20 20:01:17','2022-04-20 20:19:47'),(3209,0,'vi','plugins/ecommerce/ecommerce','order_will_be_shown','Mã đơn hàng của bạn sẽ hiển thị theo mẫu','2022-04-20 20:01:17','2022-04-20 20:19:47'),(3210,0,'vi','plugins/ecommerce/ecommerce','weight_unit','Đơn vị cân nặng','2022-04-20 20:01:17','2022-04-20 20:19:47'),(3211,0,'vi','plugins/ecommerce/ecommerce','height_unit','Đơn vị chiều dài/chiều cao','2022-04-20 20:01:17','2022-04-20 20:19:47'),(3212,0,'vi','plugins/ecommerce/email','customer_new_order_title','Xác nhận đơn hàng','2022-04-20 20:01:17','2022-04-20 20:19:47'),(3213,0,'vi','plugins/ecommerce/email','customer_new_order_description','Được gửi khi khách hàng tạo đơn hàng','2022-04-20 20:01:17','2022-04-20 20:19:47'),(3214,0,'vi','plugins/ecommerce/email','order_cancellation_title','Hủy đơn hàng','2022-04-20 20:01:17','2022-04-20 20:19:47'),(3215,0,'vi','plugins/ecommerce/email','order_cancellation_description','Được gửi khi khách hàng hủy đơn hàng','2022-04-20 20:01:17','2022-04-20 20:19:47'),(3216,0,'vi','plugins/ecommerce/email','delivery_confirmation_title','Xác nhận giao hàng','2022-04-20 20:01:17','2022-04-20 20:19:47'),(3217,0,'vi','plugins/ecommerce/email','delivery_confirmation_description','Được gửi đến khách hàng khi bắt đầu giao hàng','2022-04-20 20:01:17','2022-04-20 20:19:47'),(3218,0,'vi','plugins/ecommerce/email','admin_new_order_title','Thông báo có đơn hàng mới','2022-04-20 20:01:17','2022-04-20 20:19:47'),(3219,0,'vi','plugins/ecommerce/email','admin_new_order_description','Được gửi cho quản trị viên khi có khách mua hàng','2022-04-20 20:01:17','2022-04-20 20:19:47'),(3220,0,'vi','plugins/ecommerce/email','order_confirmation_title','Xác nhận đơn hàng','2022-04-20 20:01:17','2022-04-20 20:19:47'),(3221,0,'vi','plugins/ecommerce/email','order_confirmation_description','Email được gửi đến khách hàng khi đơn hàng xác nhận','2022-04-20 20:01:17','2022-04-20 20:19:47'),(3222,0,'vi','plugins/ecommerce/email','payment_confirmation_title','Xác nhận thanh toán','2022-04-20 20:01:17','2022-04-20 20:19:47'),(3223,0,'vi','plugins/ecommerce/email','payment_confirmation_description','Email được gửi đến khách hàng khi đơn hàng xác nhận thanh toán','2022-04-20 20:01:17','2022-04-20 20:19:47'),(3224,0,'vi','plugins/ecommerce/email','order_recover_title','Đơn hàng đang chờ hoàn tất','2022-04-20 20:01:17','2022-04-20 20:19:47'),(3225,0,'vi','plugins/ecommerce/email','order_recover_description','Email nhắc nhở khách hàng hoàn tất đơn hàng','2022-04-20 20:01:17','2022-04-20 20:19:47'),(3226,0,'vi','plugins/ecommerce/email','link_go_to_our_shop','hoặc <a href=\":link\">Truy cập website</a>','2022-04-20 20:01:17','2022-04-20 20:19:47'),(3227,0,'vi','plugins/ecommerce/email','order_information','Thông tin đơn hàng','2022-04-20 20:01:17','2022-04-20 20:19:47'),(3228,0,'vi','plugins/ecommerce/email','order_number','Mã đơn hàng: <strong>:order_id</strong>','2022-04-20 20:01:17','2022-04-20 20:19:47'),(3229,0,'vi','plugins/ecommerce/email','view_order','Xem đơn hàng','2022-04-20 20:01:17','2022-04-20 20:19:47'),(3230,0,'vi','plugins/ecommerce/order','statuses.pending','Chưa xử lý','2022-04-20 20:01:17','2022-04-20 20:19:47'),(3231,0,'vi','plugins/ecommerce/order','statuses.processing','Đang xử lý','2022-04-20 20:01:17','2022-04-20 20:19:47'),(3232,0,'vi','plugins/ecommerce/order','statuses.completed','Hoàn thành','2022-04-20 20:01:17','2022-04-20 20:19:47'),(3233,0,'vi','plugins/ecommerce/order','statuses.canceled','Bị huỷ','2022-04-20 20:01:17','2022-04-20 20:19:47'),(3234,0,'vi','plugins/ecommerce/order','name','Đơn hàng','2022-04-20 20:01:17','2022-04-20 20:19:47'),(3235,0,'vi','plugins/ecommerce/order','incomplete_order','Đơn hàng chưa hoàn tất','2022-04-20 20:01:17','2022-04-20 20:19:47'),(3236,0,'vi','plugins/ecommerce/order','order_id','Mã đơn hàng','2022-04-20 20:01:17','2022-04-20 20:19:47'),(3237,0,'vi','plugins/ecommerce/order','customer_label','Khách hàng','2022-04-20 20:01:17','2022-04-20 20:19:47'),(3238,0,'vi','plugins/ecommerce/order','amount','Tổng cộng','2022-04-20 20:01:17','2022-04-20 20:19:47'),(3239,0,'vi','plugins/ecommerce/order','shipping_amount','Phí vận chuyển','2022-04-20 20:01:17','2022-04-20 20:19:47'),(3240,0,'vi','plugins/ecommerce/order','payment_method','Phương thức thanh toán','2022-04-20 20:01:17','2022-04-20 20:19:47'),(3241,0,'vi','plugins/ecommerce/order','payment_status_label','Trạng thái thanh toán','2022-04-20 20:01:17','2022-04-20 20:19:47'),(3242,0,'vi','plugins/ecommerce/order','manage_orders','Quản lý đơn hàng','2022-04-20 20:01:17','2022-04-20 20:19:47'),(3243,0,'vi','plugins/ecommerce/order','order_intro_description','Một khi cửa hàng của bạn có đơn đặt hàng, đây sẽ là nơi bạn xử lý và theo dõi những đơn đặt hàng đó.','2022-04-20 20:01:17','2022-04-20 20:19:47'),(3244,0,'vi','plugins/ecommerce/order','create_new_order','Tạo đơn hàng','2022-04-20 20:01:17','2022-04-20 20:19:47'),(3245,0,'vi','plugins/ecommerce/order','manage_incomplete_orders','Quản lý đơn hàng chưa hoàn tất','2022-04-20 20:01:17','2022-04-20 20:19:47'),(3246,0,'vi','plugins/ecommerce/order','incomplete_orders_intro_description','Đơn hàng chưa hoàn tất là đơn hàng được tạo khi khách hàng thêm sản phẩm vào giỏ hàng, tiến hành điền thông tin mua hàng nhưng không hoàn tất quá trình thanh toán.','2022-04-20 20:01:17','2022-04-20 20:19:47'),(3247,0,'vi','plugins/ecommerce/order','cannot_send_order_recover_to_mail','Không tìm thấy email nên không thể gửi email khôi phục cho khách hàng.','2022-04-20 20:01:17','2022-04-20 20:19:47'),(3248,0,'vi','plugins/ecommerce/order','menu','Đơn hàng','2022-04-20 20:01:17','2022-04-20 20:19:47'),(3249,0,'vi','plugins/ecommerce/order','order_information','Thông tin đơn hàng','2022-04-20 20:01:17','2022-04-20 20:19:47'),(3250,0,'vi','plugins/ecommerce/order','create','Create an order','2022-04-20 20:01:17','2022-04-20 20:19:47'),(3251,0,'vi','plugins/ecommerce/order','cancel_error','The order is delivering or completed','2022-04-20 20:01:17','2022-04-20 20:19:47'),(3252,0,'vi','plugins/ecommerce/order','cancel_success','You do cancel the order successful','2022-04-20 20:01:17','2022-04-20 20:19:47'),(3253,0,'vi','plugins/ecommerce/order','product_id','Product ID','2022-04-20 20:01:17','2022-04-20 20:19:47'),(3254,0,'vi','plugins/ecommerce/order','tax_amount','Tax Amount','2022-04-20 20:01:17','2022-04-20 20:19:47'),(3255,0,'vi','plugins/ecommerce/order','invoice_for_order','Invoice for order','2022-04-20 20:01:17','2022-04-20 20:19:47'),(3256,0,'vi','plugins/ecommerce/order','created','Created','2022-04-20 20:01:17','2022-04-20 20:19:47'),(3257,0,'vi','plugins/ecommerce/order','invoice','Invoice','2022-04-20 20:01:17','2022-04-20 20:19:47'),(3258,0,'vi','plugins/ecommerce/order','return','Return','2022-04-20 20:01:17','2022-04-20 20:19:47'),(3259,0,'vi','plugins/ecommerce/order','total_refund_amount','Total refund amount','2022-04-20 20:01:17','2022-04-20 20:19:47'),(3260,0,'vi','plugins/ecommerce/order','total_amount_can_be_refunded','Total amount can be refunded','2022-04-20 20:01:17','2022-04-20 20:19:47'),(3261,0,'vi','plugins/ecommerce/order','refund_reason','Refund reason (optional)','2022-04-20 20:01:17','2022-04-20 20:19:47'),(3262,0,'vi','plugins/ecommerce/order','products','product(s)','2022-04-20 20:01:17','2022-04-20 20:19:47'),(3263,0,'vi','plugins/ecommerce/order','default','Default','2022-04-20 20:01:17','2022-04-20 20:19:47'),(3264,0,'vi','plugins/ecommerce/order','system','System','2022-04-20 20:01:17','2022-04-20 20:19:47'),(3265,0,'vi','plugins/ecommerce/order','new_order_from','New order :order_id from :customer','2022-04-20 20:01:17','2022-04-20 20:19:47'),(3266,0,'vi','plugins/ecommerce/order','confirmation_email_was_sent_to_customer','The email confirmation was sent to customer','2022-04-20 20:01:17','2022-04-20 20:19:47'),(3267,0,'vi','plugins/ecommerce/order','address_name_required','The name field is required.','2022-04-20 20:01:17','2022-04-20 20:19:47'),(3268,0,'vi','plugins/ecommerce/order','address_phone_required','The phone field is required.','2022-04-20 20:01:17','2022-04-20 20:19:47'),(3269,0,'vi','plugins/ecommerce/order','address_email_required','The email field is required.','2022-04-20 20:01:17','2022-04-20 20:19:47'),(3270,0,'vi','plugins/ecommerce/order','address_email_unique','The customer with that email is existed, please choose other email or login with this email!','2022-04-20 20:01:17','2022-04-20 20:19:47'),(3271,0,'vi','plugins/ecommerce/order','address_state_required','The state field is required.','2022-04-20 20:01:17','2022-04-20 20:19:47'),(3272,0,'vi','plugins/ecommerce/order','address_city_required','The city field is required.','2022-04-20 20:01:17','2022-04-20 20:19:47'),(3273,0,'vi','plugins/ecommerce/order','address_country_required','The country field is required.','2022-04-20 20:01:17','2022-04-20 20:19:47'),(3274,0,'vi','plugins/ecommerce/order','address_address_required','The address field is required.','2022-04-20 20:01:17','2022-04-20 20:19:47'),(3275,0,'vi','plugins/ecommerce/order','create_order_from_payment_page','Order was created from checkout page','2022-04-20 20:01:17','2022-04-20 20:19:47'),(3276,0,'vi','plugins/ecommerce/order','order_was_verified_by','Order was verified by %user_name%','2022-04-20 20:01:17','2022-04-20 20:19:47'),(3277,0,'vi','plugins/ecommerce/order','new_order','New order :order_id','2022-04-20 20:01:17','2022-04-20 20:19:47'),(3278,0,'vi','plugins/ecommerce/order','payment_was_confirmed_by','Payment was confirmed (amount :money) by %user_name%','2022-04-20 20:01:17','2022-04-20 20:19:47'),(3279,0,'vi','plugins/ecommerce/order','edit_order','Edit order :code','2022-04-20 20:01:17','2022-04-20 20:19:47'),(3280,0,'vi','plugins/ecommerce/order','confirm_order_success','Confirm order successfully!','2022-04-20 20:01:17','2022-04-20 20:19:47'),(3281,0,'vi','plugins/ecommerce/order','error_when_sending_email','There is an error when sending email','2022-04-20 20:01:17','2022-04-20 20:19:47'),(3282,0,'vi','plugins/ecommerce/order','sent_confirmation_email_success','Sent confirmation email successfully!','2022-04-20 20:01:17','2022-04-20 20:19:47'),(3283,0,'vi','plugins/ecommerce/order','order_was_sent_to_shipping_team','Order was sent to shipping team','2022-04-20 20:01:17','2022-04-20 20:19:47'),(3284,0,'vi','plugins/ecommerce/order','by_username','by %user_name%','2022-04-20 20:01:17','2022-04-20 20:19:47'),(3285,0,'vi','plugins/ecommerce/order','shipping_was_created_from','Shipping was created from order %order_id%','2022-04-20 20:01:17','2022-04-20 20:19:47'),(3286,0,'vi','plugins/ecommerce/order','shipping_was_canceled_success','Shipping was cancelled successfully!','2022-04-20 20:01:18','2022-04-20 20:19:47'),(3287,0,'vi','plugins/ecommerce/order','shipping_was_canceled_by','Shipping was cancelled by %user_name%','2022-04-20 20:01:18','2022-04-20 20:19:47'),(3288,0,'vi','plugins/ecommerce/order','update_shipping_address_success','Update shipping address successfully!','2022-04-20 20:01:18','2022-04-20 20:19:47'),(3289,0,'vi','plugins/ecommerce/order','order_was_canceled_by','Order was cancelled by %user_name%','2022-04-20 20:01:18','2022-04-20 20:19:47'),(3290,0,'vi','plugins/ecommerce/order','confirm_payment_success','Confirm payment successfully!','2022-04-20 20:01:18','2022-04-20 20:19:47'),(3291,0,'vi','plugins/ecommerce/order','refund_amount_invalid','Refund amount must be lower or equal :price','2022-04-20 20:01:18','2022-04-20 20:19:47'),(3292,0,'vi','plugins/ecommerce/order','number_of_products_invalid','Number of products refund is not valid!','2022-04-20 20:01:18','2022-04-20 20:19:47'),(3293,0,'vi','plugins/ecommerce/order','cannot_found_payment_for_this_order','Cannot found payment for this order!','2022-04-20 20:01:18','2022-04-20 20:19:47'),(3294,0,'vi','plugins/ecommerce/order','refund_success_with_price','Refund success :price','2022-04-20 20:01:18','2022-04-20 20:19:47'),(3295,0,'vi','plugins/ecommerce/order','refund_success','Refund successfully!','2022-04-20 20:01:18','2022-04-20 20:19:47'),(3296,0,'vi','plugins/ecommerce/order','order_is_not_existed','Order is not existed!','2022-04-20 20:01:18','2022-04-20 20:19:47'),(3297,0,'vi','plugins/ecommerce/order','reorder','Reorder','2022-04-20 20:01:18','2022-04-20 20:19:47'),(3298,0,'vi','plugins/ecommerce/order','sent_email_incomplete_order_success','Sent email to remind about incomplete order successfully!','2022-04-20 20:01:18','2022-04-20 20:19:47'),(3299,0,'vi','plugins/ecommerce/order','applied_coupon_success','Applied coupon \":code\" successfully!','2022-04-20 20:01:18','2022-04-20 20:19:47'),(3300,0,'vi','plugins/ecommerce/order','new_order_notice','You have <span class=\"bold\">:count</span> New Order(s)','2022-04-20 20:01:18','2022-04-20 20:19:47'),(3301,0,'vi','plugins/ecommerce/order','view_all','View all','2022-04-20 20:01:18','2022-04-20 20:19:47'),(3302,0,'vi','plugins/ecommerce/order','cancel_order','Cancel order','2022-04-20 20:01:18','2022-04-20 20:19:47'),(3303,0,'vi','plugins/ecommerce/order','order_canceled','Order canceled','2022-04-20 20:01:18','2022-04-20 20:19:47'),(3304,0,'vi','plugins/ecommerce/order','order_was_canceled_at','Order was canceled at','2022-04-20 20:01:18','2022-04-20 20:19:47'),(3305,0,'vi','plugins/ecommerce/order','completed','Completed','2022-04-20 20:01:18','2022-04-20 20:19:47'),(3306,0,'vi','plugins/ecommerce/order','uncompleted','Uncompleted','2022-04-20 20:01:18','2022-04-20 20:19:47'),(3307,0,'vi','plugins/ecommerce/order','sku','SKU','2022-04-20 20:01:18','2022-04-20 20:19:47'),(3308,0,'vi','plugins/ecommerce/order','warehouse','Warehouse','2022-04-20 20:01:18','2022-04-20 20:19:47'),(3309,0,'vi','plugins/ecommerce/order','sub_amount','Sub amount','2022-04-20 20:01:18','2022-04-20 20:19:47'),(3310,0,'vi','plugins/ecommerce/order','coupon_code','Coupon code: \":code\"','2022-04-20 20:01:18','2022-04-20 20:19:47'),(3311,0,'vi','plugins/ecommerce/order','shipping_fee','Shipping fee','2022-04-20 20:01:18','2022-04-20 20:19:47'),(3312,0,'vi','plugins/ecommerce/order','tax','Tax','2022-04-20 20:01:18','2022-04-20 20:19:47'),(3313,0,'vi','plugins/ecommerce/order','refunded_amount','Refunded amount','2022-04-20 20:01:18','2022-04-20 20:19:47'),(3314,0,'vi','plugins/ecommerce/order','amount_received','The amount actually received','2022-04-20 20:01:18','2022-04-20 20:19:47'),(3315,0,'vi','plugins/ecommerce/order','download_invoice','Download invoice','2022-04-20 20:01:18','2022-04-20 20:19:47'),(3316,0,'vi','plugins/ecommerce/order','add_note','Add note...','2022-04-20 20:01:18','2022-04-20 20:19:47'),(3317,0,'vi','plugins/ecommerce/order','order_was_confirmed','Order was confirmed','2022-04-20 20:01:18','2022-04-20 20:19:47'),(3318,0,'vi','plugins/ecommerce/order','confirm_order','Confirm order','2022-04-20 20:01:18','2022-04-20 20:19:47'),(3319,0,'vi','plugins/ecommerce/order','confirm','Confirm','2022-04-20 20:01:18','2022-04-20 20:19:47'),(3320,0,'vi','plugins/ecommerce/order','order_was_canceled','Order was canceled','2022-04-20 20:01:18','2022-04-20 20:19:47'),(3321,0,'vi','plugins/ecommerce/order','pending_payment','Pending payment','2022-04-20 20:01:18','2022-04-20 20:19:47'),(3322,0,'vi','plugins/ecommerce/order','payment_was_accepted','Payment :money was accepted','2022-04-20 20:01:18','2022-04-20 20:19:47'),(3323,0,'vi','plugins/ecommerce/order','payment_was_refunded','Payment was refunded','2022-04-20 20:01:18','2022-04-20 20:19:47'),(3324,0,'vi','plugins/ecommerce/order','confirm_payment','Confirm payment','2022-04-20 20:01:18','2022-04-20 20:19:47'),(3325,0,'vi','plugins/ecommerce/order','refund','Refund','2022-04-20 20:01:18','2022-04-20 20:19:47'),(3326,0,'vi','plugins/ecommerce/order','all_products_are_not_delivered','All products are not delivered','2022-04-20 20:01:18','2022-04-20 20:19:47'),(3327,0,'vi','plugins/ecommerce/order','delivery','Delivery','2022-04-20 20:01:18','2022-04-20 20:19:47'),(3328,0,'vi','plugins/ecommerce/order','history','History','2022-04-20 20:01:18','2022-04-20 20:19:47'),(3329,0,'vi','plugins/ecommerce/order','order_number','Order number','2022-04-20 20:01:18','2022-04-20 20:19:47'),(3330,0,'vi','plugins/ecommerce/order','from','from','2022-04-20 20:01:18','2022-04-20 20:19:47'),(3331,0,'vi','plugins/ecommerce/order','status','Status','2022-04-20 20:01:18','2022-04-20 20:19:47'),(3332,0,'vi','plugins/ecommerce/order','successfully','Successfully','2022-04-20 20:01:18','2022-04-20 20:19:47'),(3333,0,'vi','plugins/ecommerce/order','transaction_type','Transaction\'s type','2022-04-20 20:01:18','2022-04-20 20:19:47'),(3334,0,'vi','plugins/ecommerce/order','staff','Staff','2022-04-20 20:01:18','2022-04-20 20:19:47'),(3335,0,'vi','plugins/ecommerce/order','refund_date','Refund date','2022-04-20 20:01:18','2022-04-20 20:19:47'),(3336,0,'vi','plugins/ecommerce/order','n_a','N\\A','2022-04-20 20:01:18','2022-04-20 20:19:47'),(3337,0,'vi','plugins/ecommerce/order','payment_date','Payment date','2022-04-20 20:01:18','2022-04-20 20:19:47'),(3338,0,'vi','plugins/ecommerce/order','payment_gateway','Payment gateway','2022-04-20 20:01:18','2022-04-20 20:19:47'),(3339,0,'vi','plugins/ecommerce/order','transaction_amount','Transaction amount','2022-04-20 20:01:18','2022-04-20 20:19:47'),(3340,0,'vi','plugins/ecommerce/order','resend','Resend','2022-04-20 20:01:18','2022-04-20 20:19:47'),(3341,0,'vi','plugins/ecommerce/order','default_store','Default store','2022-04-20 20:01:18','2022-04-20 20:19:47'),(3342,0,'vi','plugins/ecommerce/order','update_address','Update address','2022-04-20 20:01:18','2022-04-20 20:19:47'),(3343,0,'vi','plugins/ecommerce/order','have_an_account_already','Have an account already','2022-04-20 20:01:18','2022-04-20 20:19:47'),(3344,0,'vi','plugins/ecommerce/order','dont_have_an_account_yet','Don\'t have an account yet','2022-04-20 20:01:18','2022-04-20 20:19:47'),(3345,0,'vi','plugins/ecommerce/order','mark_payment_as_confirmed','Mark <span>:method</span> as confirmed','2022-04-20 20:01:18','2022-04-20 20:19:47'),(3346,0,'vi','plugins/ecommerce/order','resend_order_confirmation','Resend order confirmation','2022-04-20 20:01:18','2022-04-20 20:19:47'),(3347,0,'vi','plugins/ecommerce/order','resend_order_confirmation_description','Confirmation email will be sent to <strong>:email</strong>?','2022-04-20 20:01:18','2022-04-20 20:19:47'),(3348,0,'vi','plugins/ecommerce/order','send','Send','2022-04-20 20:01:18','2022-04-20 20:19:47'),(3349,0,'vi','plugins/ecommerce/order','update','Update','2022-04-20 20:01:18','2022-04-20 20:19:47'),(3350,0,'vi','plugins/ecommerce/order','cancel_shipping_confirmation','Cancel shipping confirmation?','2022-04-20 20:01:18','2022-04-20 20:19:47'),(3351,0,'vi','plugins/ecommerce/order','cancel_shipping_confirmation_description','Cancel shipping confirmation?','2022-04-20 20:01:18','2022-04-20 20:19:47'),(3352,0,'vi','plugins/ecommerce/order','cancel_order_confirmation','Cancel order confirmation?','2022-04-20 20:01:18','2022-04-20 20:19:47'),(3353,0,'vi','plugins/ecommerce/order','cancel_order_confirmation_description','Are you sure you want to cancel this order? This action cannot rollback','2022-04-20 20:01:18','2022-04-20 20:19:47'),(3354,0,'vi','plugins/ecommerce/order','confirm_payment_confirmation_description','Processed by <strong>:method</strong>. Did you receive payment outside the system? This payment won\'t be saved into system and cannot be refunded','2022-04-20 20:01:18','2022-04-20 20:19:47'),(3355,0,'vi','plugins/ecommerce/order','save_note','Save note','2022-04-20 20:01:18','2022-04-20 20:19:47'),(3356,0,'vi','plugins/ecommerce/order','order_note','Order note','2022-04-20 20:01:18','2022-04-20 20:19:47'),(3357,0,'vi','plugins/ecommerce/order','order_note_placeholder','Note about order, ex: time or shipping instruction.','2022-04-20 20:01:18','2022-04-20 20:19:47'),(3358,0,'vi','plugins/ecommerce/order','order_amount','Order amount','2022-04-20 20:01:18','2022-04-20 20:19:47'),(3359,0,'vi','plugins/ecommerce/order','additional_information','Additional information','2022-04-20 20:01:18','2022-04-20 20:19:47'),(3360,0,'vi','plugins/ecommerce/order','notice_about_incomplete_order','Notice about incomplete order','2022-04-20 20:01:18','2022-04-20 20:19:47'),(3361,0,'vi','plugins/ecommerce/order','notice_about_incomplete_order_description','Remind email about uncompleted order will be send to <strong>:email</strong>?','2022-04-20 20:01:18','2022-04-20 20:19:47'),(3362,0,'vi','plugins/ecommerce/order','incomplete_order_description_1','An incomplete order is when a potential customer places items in their shopping cart, and goes all the way through to the payment page, but then doesn\'t complete the transaction.','2022-04-20 20:01:18','2022-04-20 20:19:47'),(3363,0,'vi','plugins/ecommerce/order','incomplete_order_description_2','If you have contacted customers and they want to continue buying, you can help them complete their order by following the link:','2022-04-20 20:01:18','2022-04-20 20:19:47'),(3364,0,'vi','plugins/ecommerce/order','send_an_email_to_recover_this_order','Send an email to customer to recover this order','2022-04-20 20:01:18','2022-04-20 20:19:47'),(3365,0,'vi','plugins/ecommerce/order','see_maps','See maps','2022-04-20 20:01:18','2022-04-20 20:19:47'),(3366,0,'vi','plugins/ecommerce/order','one_or_more_products_dont_have_enough_quantity','One or more products don\'t have enough quantity!','2022-04-20 20:01:18','2022-04-20 20:19:47'),(3367,0,'vi','plugins/ecommerce/order','payment_info','Payment Info','2022-04-20 20:01:18','2022-04-20 20:19:47'),(3368,0,'vi','plugins/ecommerce/order','payment_method_refund_automatic','Your customer will be refunded using :method automatically.','2022-04-20 20:01:18','2022-04-20 20:19:47'),(3369,0,'vi','plugins/ecommerce/order','order','Order','2022-04-20 20:01:18','2022-04-20 20:19:47'),(3370,0,'vi','plugins/ecommerce/order','create_a_new_product','Create a new product','2022-04-20 20:01:18','2022-04-20 20:19:47'),(3371,0,'vi','plugins/ecommerce/order','out_of_stock','Out of stock','2022-04-20 20:01:18','2022-04-20 20:19:47'),(3372,0,'vi','plugins/ecommerce/order','products_available','product(s) available','2022-04-20 20:01:18','2022-04-20 20:19:47'),(3373,0,'vi','plugins/ecommerce/order','no_products_found','No products found!','2022-04-20 20:01:18','2022-04-20 20:19:47'),(3374,0,'vi','plugins/ecommerce/order','note','Note','2022-04-20 20:01:18','2022-04-20 20:19:47'),(3375,0,'vi','plugins/ecommerce/order','note_for_order','Note for order...','2022-04-20 20:01:18','2022-04-20 20:19:47'),(3376,0,'vi','plugins/ecommerce/order','add_discount','Add discount','2022-04-20 20:01:18','2022-04-20 20:19:47'),(3377,0,'vi','plugins/ecommerce/order','discount','Discount','2022-04-20 20:01:18','2022-04-20 20:19:47'),(3378,0,'vi','plugins/ecommerce/order','add_shipping_fee','Add shipping fee','2022-04-20 20:01:18','2022-04-20 20:19:47'),(3379,0,'vi','plugins/ecommerce/order','shipping','Shipping','2022-04-20 20:01:18','2022-04-20 20:19:47'),(3380,0,'vi','plugins/ecommerce/order','total_amount','Total amount','2022-04-20 20:01:18','2022-04-20 20:19:47'),(3381,0,'vi','plugins/ecommerce/order','confirm_payment_and_create_order','Confirm payment and create order','2022-04-20 20:01:18','2022-04-20 20:19:47'),(3382,0,'vi','plugins/ecommerce/order','paid','Paid','2022-04-20 20:01:18','2022-04-20 20:19:47'),(3383,0,'vi','plugins/ecommerce/order','pay_later','Pay later','2022-04-20 20:01:18','2022-04-20 20:19:47'),(3384,0,'vi','plugins/ecommerce/order','customer_information','Customer information','2022-04-20 20:01:18','2022-04-20 20:19:47'),(3385,0,'vi','plugins/ecommerce/order','create_new_customer','Create new customer','2022-04-20 20:01:18','2022-04-20 20:19:47'),(3386,0,'vi','plugins/ecommerce/order','no_customer_found','No customer found!','2022-04-20 20:01:18','2022-04-20 20:19:47'),(3387,0,'vi','plugins/ecommerce/order','customer','Customer','2022-04-20 20:01:18','2022-04-20 20:19:47'),(3388,0,'vi','plugins/ecommerce/order','orders','order(s)','2022-04-20 20:01:18','2022-04-20 20:19:47'),(3389,0,'vi','plugins/ecommerce/order','shipping_address','Shipping Address','2022-04-20 20:01:18','2022-04-20 20:19:47'),(3390,0,'vi','plugins/ecommerce/order','see_on_maps','See on maps','2022-04-20 20:01:18','2022-04-20 20:19:47'),(3391,0,'vi','plugins/ecommerce/order','price','Price','2022-04-20 20:01:18','2022-04-20 20:19:47'),(3392,0,'vi','plugins/ecommerce/order','sku_optional','SKU (optional)','2022-04-20 20:01:18','2022-04-20 20:19:47'),(3393,0,'vi','plugins/ecommerce/order','with_storehouse_management','With storehouse management?','2022-04-20 20:01:18','2022-04-20 20:19:47'),(3394,0,'vi','plugins/ecommerce/order','quantity','Quantity','2022-04-20 20:01:18','2022-04-20 20:19:47'),(3395,0,'vi','plugins/ecommerce/order','allow_customer_checkout_when_this_product_out_of_stock','Allow customer checkout when this product out of stock?','2022-04-20 20:01:18','2022-04-20 20:19:47'),(3396,0,'vi','plugins/ecommerce/order','address','Address','2022-04-20 20:01:18','2022-04-20 20:19:47'),(3397,0,'vi','plugins/ecommerce/order','phone','Phone','2022-04-20 20:01:18','2022-04-20 20:19:47'),(3398,0,'vi','plugins/ecommerce/order','country','Country','2022-04-20 20:01:18','2022-04-20 20:19:47'),(3399,0,'vi','plugins/ecommerce/order','state','State','2022-04-20 20:01:18','2022-04-20 20:19:47'),(3400,0,'vi','plugins/ecommerce/order','city','City','2022-04-20 20:01:18','2022-04-20 20:19:47'),(3401,0,'vi','plugins/ecommerce/order','zip_code','Zip code','2022-04-20 20:01:18','2022-04-20 20:19:47'),(3402,0,'vi','plugins/ecommerce/order','discount_based_on','Discount based on','2022-04-20 20:01:18','2022-04-20 20:19:47'),(3403,0,'vi','plugins/ecommerce/order','or_coupon_code','Or coupon code','2022-04-20 20:01:18','2022-04-20 20:19:47'),(3404,0,'vi','plugins/ecommerce/order','description','Description','2022-04-20 20:01:18','2022-04-20 20:19:47'),(3405,0,'vi','plugins/ecommerce/order','how_to_select_configured_shipping','How to select configured shipping?','2022-04-20 20:01:18','2022-04-20 20:19:47'),(3406,0,'vi','plugins/ecommerce/order','please_add_customer_information_with_the_complete_shipping_address_to_see_the_configured_shipping_rates','Please add customer information with the complete shipping address to see the configured shipping rates','2022-04-20 20:01:18','2022-04-20 20:19:47'),(3407,0,'vi','plugins/ecommerce/order','free_shipping','Free shipping','2022-04-20 20:01:18','2022-04-20 20:19:47'),(3408,0,'vi','plugins/ecommerce/order','custom','Custom','2022-04-20 20:01:18','2022-04-20 20:19:47'),(3409,0,'vi','plugins/ecommerce/order','email','Email','2022-04-20 20:01:18','2022-04-20 20:19:47'),(3410,0,'vi','plugins/ecommerce/order','create_order','Create order','2022-04-20 20:01:18','2022-04-20 20:19:47'),(3411,0,'vi','plugins/ecommerce/order','close','Close','2022-04-20 20:01:18','2022-04-20 20:19:47'),(3412,0,'vi','plugins/ecommerce/order','confirm_payment_is_paid_for_this_order','Confirm payment is paid for this order','2022-04-20 20:01:18','2022-04-20 20:19:47'),(3413,0,'vi','plugins/ecommerce/order','payment_status_of_the_order_is_paid_once_the_order_has_been_created_you_cannot_change_the_payment_method_or_status','Payment status of the order is Paid. Once the order has been created, you cannot change the payment method or status','2022-04-20 20:01:18','2022-04-20 20:19:47'),(3414,0,'vi','plugins/ecommerce/order','select_payment_method','Select payment method','2022-04-20 20:01:18','2022-04-20 20:19:47'),(3415,0,'vi','plugins/ecommerce/order','cash_on_delivery_cod','Cash on delivery (COD)','2022-04-20 20:01:18','2022-04-20 20:19:47'),(3416,0,'vi','plugins/ecommerce/order','bank_transfer','Bank transfer','2022-04-20 20:01:18','2022-04-20 20:19:47'),(3417,0,'vi','plugins/ecommerce/order','paid_amount','Paid amount','2022-04-20 20:01:18','2022-04-20 20:19:47'),(3418,0,'vi','plugins/ecommerce/order','confirm_that_payment_for_this_order_will_be_paid_later','Confirm that payment for this order will be paid later','2022-04-20 20:01:18','2022-04-20 20:19:47'),(3419,0,'vi','plugins/ecommerce/order','payment_status_of_the_order_is_pending_once_the_order_has_been_created_you_cannot_change_the_payment_method_or_status','Payment status of the order is Pending. Once the order has been created, you cannot change the payment method or status','2022-04-20 20:01:18','2022-04-20 20:19:47'),(3420,0,'vi','plugins/ecommerce/order','pending_amount','Pending amount','2022-04-20 20:01:18','2022-04-20 20:19:47'),(3421,0,'vi','plugins/ecommerce/order','update_email','Update email','2022-04-20 20:01:18','2022-04-20 20:19:47'),(3422,0,'vi','plugins/ecommerce/order','save','Save','2022-04-20 20:01:18','2022-04-20 20:19:47'),(3423,0,'vi','plugins/ecommerce/order','cancel','Cancel','2022-04-20 20:01:18','2022-04-20 20:19:47'),(3424,0,'vi','plugins/ecommerce/order','create_a_new_order','Create a new order','2022-04-20 20:01:18','2022-04-20 20:19:47'),(3425,0,'vi','plugins/ecommerce/order','search_or_create_new_product','Search or create a new product','2022-04-20 20:01:18','2022-04-20 20:19:47'),(3426,0,'vi','plugins/ecommerce/order','search_or_create_new_customer','Search or create a new customer','2022-04-20 20:01:18','2022-04-20 20:19:47'),(3427,0,'vi','plugins/ecommerce/order','discount_description','Discount description','2022-04-20 20:01:18','2022-04-20 20:19:47'),(3428,0,'vi','plugins/ecommerce/order','cant_select_out_of_stock_product','Cannot select out of stock product!','2022-04-20 20:01:18','2022-04-20 20:19:47'),(3429,0,'vi','plugins/ecommerce/payment','name','Thanh toán','2022-04-20 20:01:18','2022-04-20 20:19:48'),(3430,0,'vi','plugins/ecommerce/payment','payment_method','Phương thức thanh toán','2022-04-20 20:01:18','2022-04-20 20:19:48'),(3431,0,'vi','plugins/ecommerce/payment','view_payment','Xem thanh toán #','2022-04-20 20:01:18','2022-04-20 20:19:48'),(3432,0,'vi','plugins/ecommerce/payment','charge_id','Mã giao dịch','2022-04-20 20:01:18','2022-04-20 20:19:48'),(3433,0,'vi','plugins/ecommerce/payment','amount','Số tiền','2022-04-20 20:01:18','2022-04-20 20:19:48'),(3434,0,'vi','plugins/ecommerce/payment','currency','Đơn vị tiền tệ','2022-04-20 20:01:18','2022-04-20 20:19:48'),(3435,0,'vi','plugins/ecommerce/payment','user','Người dùng','2022-04-20 20:01:18','2022-04-20 20:19:48'),(3436,0,'vi','plugins/ecommerce/payment','paypal_name_required','Tên của phương thức PayPal là bắt buộc!','2022-04-20 20:01:18','2022-04-20 20:19:48'),(3437,0,'vi','plugins/ecommerce/payment','paypal_name_max','Tên của phương thức PayPal quá dài!','2022-04-20 20:01:18','2022-04-20 20:19:48'),(3438,0,'vi','plugins/ecommerce/payment','stripe_name_required','Tên của phương thức Stripe là bắt buộc!','2022-04-20 20:01:18','2022-04-20 20:19:48'),(3439,0,'vi','plugins/ecommerce/payment','stripe_name_max','Tên của phương thức Stripe quá dài!','2022-04-20 20:01:18','2022-04-20 20:19:48'),(3440,0,'vi','plugins/ecommerce/payment','status','Trạng thái','2022-04-20 20:01:18','2022-04-20 20:19:48'),(3441,0,'vi','plugins/ecommerce/payment','enabled','Bật','2022-04-20 20:01:18','2022-04-20 20:19:48'),(3442,0,'vi','plugins/ecommerce/payment','disabled','Tắt','2022-04-20 20:01:18','2022-04-20 20:19:48'),(3443,0,'vi','plugins/ecommerce/payment','client_id','Client ID','2022-04-20 20:01:18','2022-04-20 20:19:48'),(3444,0,'vi','plugins/ecommerce/payment','client_secret','Client Secret','2022-04-20 20:01:18','2022-04-20 20:19:48'),(3445,0,'vi','plugins/ecommerce/payment','mode','Chế độ','2022-04-20 20:01:18','2022-04-20 20:19:48'),(3446,0,'vi','plugins/ecommerce/payment','sandbox','Sandbox','2022-04-20 20:01:18','2022-04-20 20:19:48'),(3447,0,'vi','plugins/ecommerce/payment','live','Live','2022-04-20 20:01:18','2022-04-20 20:19:48'),(3448,0,'vi','plugins/ecommerce/payment','enable_payment_log','Bật lưu nhật ký thanh toán','2022-04-20 20:01:18','2022-04-20 20:19:48'),(3449,0,'vi','plugins/ecommerce/payment','yes','Có','2022-04-20 20:01:18','2022-04-20 20:19:48'),(3450,0,'vi','plugins/ecommerce/payment','no','Không','2022-04-20 20:01:18','2022-04-20 20:19:48'),(3451,0,'vi','plugins/ecommerce/payment','client_key','Client Key','2022-04-20 20:01:18','2022-04-20 20:19:48'),(3452,0,'vi','plugins/ecommerce/payment','stripe','Stripe','2022-04-20 20:01:18','2022-04-20 20:19:48'),(3453,0,'vi','plugins/ecommerce/payment','paypal','PayPal','2022-04-20 20:01:18','2022-04-20 20:19:48'),(3454,0,'vi','plugins/ecommerce/payment','action','Hành động','2022-04-20 20:01:18','2022-04-20 20:19:48'),(3455,0,'vi','plugins/ecommerce/payment','go_back','Quay lại','2022-04-20 20:01:18','2022-04-20 20:19:48'),(3456,0,'vi','plugins/ecommerce/payment','view','Xem','2022-04-20 20:01:18','2022-04-20 20:19:48'),(3457,0,'vi','plugins/ecommerce/payment','cash_on_delivery','Thanh toán khi nhận hàng (COD)','2022-04-20 20:01:18','2022-04-20 20:19:48'),(3458,0,'vi','plugins/ecommerce/payment','via_bank_transfer','Thông qua chuyển khoản ngân hàng','2022-04-20 20:01:18','2022-04-20 20:19:48'),(3459,0,'vi','plugins/ecommerce/payment','payment_via_cart','Thanh toán bằng thẻ','2022-04-20 20:01:18','2022-04-20 20:19:48'),(3460,0,'vi','plugins/ecommerce/payment','card_number','Số thẻ','2022-04-20 20:01:18','2022-04-20 20:19:48'),(3461,0,'vi','plugins/ecommerce/payment','full_name','Tên trên thẻ','2022-04-20 20:01:18','2022-04-20 20:19:48'),(3462,0,'vi','plugins/ecommerce/payment','payment_via_paypal','Thanh toán thông qua PayPal','2022-04-20 20:01:18','2022-04-20 20:19:48'),(3463,0,'vi','plugins/ecommerce/payment','mm_yy','MM/YY','2022-04-20 20:01:18','2022-04-20 20:19:48'),(3464,0,'vi','plugins/ecommerce/payment','cvc','CVC','2022-04-20 20:01:18','2022-04-20 20:19:48'),(3465,0,'vi','plugins/ecommerce/payment','details','Chi tiết','2022-04-20 20:01:18','2022-04-20 20:19:48'),(3466,0,'vi','plugins/ecommerce/payment','payer_name','Người thanh toán','2022-04-20 20:01:18','2022-04-20 20:19:48'),(3467,0,'vi','plugins/ecommerce/payment','email','Địa chỉ email','2022-04-20 20:01:18','2022-04-20 20:19:48'),(3468,0,'vi','plugins/ecommerce/payment','phone','Điện thoại','2022-04-20 20:01:18','2022-04-20 20:19:48'),(3469,0,'vi','plugins/ecommerce/payment','country','Quốc gia','2022-04-20 20:01:18','2022-04-20 20:19:48'),(3470,0,'vi','plugins/ecommerce/payment','shipping_address','Địa chỉ giao hàng','2022-04-20 20:01:18','2022-04-20 20:19:48'),(3471,0,'vi','plugins/ecommerce/payment','payment_details','Chi tiết giao dịch','2022-04-20 20:01:18','2022-04-20 20:19:48'),(3472,0,'vi','plugins/ecommerce/payment','card','Thẻ','2022-04-20 20:01:18','2022-04-20 20:19:48'),(3473,0,'vi','plugins/ecommerce/payment','address','Địa chỉ','2022-04-20 20:01:18','2022-04-20 20:19:48'),(3474,0,'vi','plugins/ecommerce/payment','could_not_get_stripe_token','Không thể lấy mã Stripe để thanh toán','2022-04-20 20:01:18','2022-04-20 20:19:48'),(3475,0,'vi','plugins/ecommerce/payment','new_payment','Thanh toán cho đơn hàng :id','2022-04-20 20:01:18','2022-04-20 20:19:48'),(3476,0,'vi','plugins/ecommerce/payment','payment_id','Mã thanh toán','2022-04-20 20:01:18','2022-04-20 20:19:48'),(3477,0,'vi','plugins/ecommerce/prices','name','Price','2022-04-20 20:01:18','2022-04-20 20:19:48'),(3478,0,'vi','plugins/ecommerce/prices','create','New price','2022-04-20 20:01:18','2022-04-20 20:19:48'),(3479,0,'vi','plugins/ecommerce/prices','edit','Edit price','2022-04-20 20:01:18','2022-04-20 20:19:48'),(3480,0,'vi','plugins/ecommerce/prices','list','List price','2022-04-20 20:01:18','2022-04-20 20:19:48'),(3481,0,'vi','plugins/ecommerce/product-attribute-sets','name','Product attribute sets','2022-04-20 20:01:18','2022-04-20 20:19:48'),(3482,0,'vi','plugins/ecommerce/product-attribute-sets','create','New product attribute set','2022-04-20 20:01:18','2022-04-20 20:19:48'),(3483,0,'vi','plugins/ecommerce/product-attribute-sets','edit','Edit product attribute set','2022-04-20 20:01:18','2022-04-20 20:19:48'),(3484,0,'vi','plugins/ecommerce/product-attribute-sets','visible_in_categories','Visible in categories','2022-04-20 20:01:18','2022-04-20 20:19:48'),(3485,0,'vi','plugins/ecommerce/product-attribute-sets','product_with_more_version','Product with more version','2022-04-20 20:01:18','2022-04-20 20:19:48'),(3486,0,'vi','plugins/ecommerce/product-attribute-sets','create_a_version','Create a version','2022-04-20 20:01:18','2022-04-20 20:19:48'),(3487,0,'vi','plugins/ecommerce/product-attribute-sets','enabled','Enabled','2022-04-20 20:01:18','2022-04-20 20:19:48'),(3488,0,'vi','plugins/ecommerce/product-attribute-sets','attributes','Attributes','2022-04-20 20:01:18','2022-04-20 20:19:48'),(3489,0,'vi','plugins/ecommerce/product-attribute-sets','price','Price','2022-04-20 20:01:18','2022-04-20 20:19:48'),(3490,0,'vi','plugins/ecommerce/product-attribute-sets','edit_btn','Edit','2022-04-20 20:01:18','2022-04-20 20:19:48'),(3491,0,'vi','plugins/ecommerce/product-attribute-sets','remove_btn','Remove','2022-04-20 20:01:18','2022-04-20 20:19:48'),(3492,0,'vi','plugins/ecommerce/product-attribute-sets','product','Product','2022-04-20 20:01:18','2022-04-20 20:19:48'),(3493,0,'vi','plugins/ecommerce/product-attribute-sets','back_to_product','Back to product','2022-04-20 20:01:18','2022-04-20 20:19:48'),(3494,0,'vi','plugins/ecommerce/product-attribute-sets','save','Save','2022-04-20 20:01:18','2022-04-20 20:19:48'),(3495,0,'vi','plugins/ecommerce/product-attribute-sets','other_existing_versions','Other existing versions','2022-04-20 20:01:18','2022-04-20 20:19:48'),(3496,0,'vi','plugins/ecommerce/product-attribute-sets','version_information','Version information','2022-04-20 20:01:18','2022-04-20 20:19:48'),(3497,0,'vi','plugins/ecommerce/product-attribute-sets','add_rule','Add rule','2022-04-20 20:01:18','2022-04-20 20:19:48'),(3498,0,'vi','plugins/ecommerce/product-attribute-sets','rules','Rules','2022-04-20 20:01:18','2022-04-20 20:19:48'),(3499,0,'vi','plugins/ecommerce/product-attribute-sets','pricing','Pricing','2022-04-20 20:01:18','2022-04-20 20:19:48'),(3500,0,'vi','plugins/ecommerce/product-attribute-sets','sale_price','Sale price','2022-04-20 20:01:18','2022-04-20 20:19:48'),(3501,0,'vi','plugins/ecommerce/product-attribute-sets','sale_type','Sale type','2022-04-20 20:01:18','2022-04-20 20:19:48'),(3502,0,'vi','plugins/ecommerce/product-attribute-sets','no_sale_price','No sale price','2022-04-20 20:01:18','2022-04-20 20:19:48'),(3503,0,'vi','plugins/ecommerce/product-attribute-sets','always_on_sale','Always on sale','2022-04-20 20:01:18','2022-04-20 20:19:48'),(3504,0,'vi','plugins/ecommerce/product-attribute-sets','limited_time','Limited time','2022-04-20 20:01:18','2022-04-20 20:19:48'),(3505,0,'vi','plugins/ecommerce/product-attribute-sets','from','From','2022-04-20 20:01:18','2022-04-20 20:19:48'),(3506,0,'vi','plugins/ecommerce/product-attribute-sets','to','To','2022-04-20 20:01:18','2022-04-20 20:19:48'),(3507,0,'vi','plugins/ecommerce/product-attribute-sets','storehouse','Storehouse','2022-04-20 20:01:18','2022-04-20 20:19:48'),(3508,0,'vi','plugins/ecommerce/product-attribute-sets','no_storehouse_management','No storehouse management','2022-04-20 20:01:19','2022-04-20 20:19:48'),(3509,0,'vi','plugins/ecommerce/product-attribute-sets','with_storehouse_management','With storehouse management','2022-04-20 20:01:19','2022-04-20 20:19:48'),(3510,0,'vi','plugins/ecommerce/product-attribute-sets','quantity','Quantity','2022-04-20 20:01:19','2022-04-20 20:19:48'),(3511,0,'vi','plugins/ecommerce/product-attribute-sets','allow_customer_checkout_out_of_stock','Allow customer checkout when this product out of stock','2022-04-20 20:01:19','2022-04-20 20:19:48'),(3512,0,'vi','plugins/ecommerce/product-attribute-sets','shipping','Shipping','2022-04-20 20:01:19','2022-04-20 20:19:48'),(3513,0,'vi','plugins/ecommerce/product-attribute-sets','length','Length','2022-04-20 20:01:19','2022-04-20 20:19:48'),(3514,0,'vi','plugins/ecommerce/product-attribute-sets','wide','Wide','2022-04-20 20:01:19','2022-04-20 20:19:48'),(3515,0,'vi','plugins/ecommerce/product-attribute-sets','height','Height','2022-04-20 20:01:19','2022-04-20 20:19:48'),(3516,0,'vi','plugins/ecommerce/product-attribute-sets','weight','Weight','2022-04-20 20:01:19','2022-04-20 20:19:48'),(3517,0,'vi','plugins/ecommerce/product-attribute-sets','version_images','Version images','2022-04-20 20:01:19','2022-04-20 20:19:48'),(3518,0,'vi','plugins/ecommerce/product-attribute-sets','add_new_image','Add new image','2022-04-20 20:01:19','2022-04-20 20:19:48'),(3519,0,'vi','plugins/ecommerce/product-attribute-sets','attribute_set','Attribute set','2022-04-20 20:01:19','2022-04-20 20:19:48'),(3520,0,'vi','plugins/ecommerce/product-attribute-sets','value','Value','2022-04-20 20:01:19','2022-04-20 20:19:48'),(3521,0,'vi','plugins/ecommerce/product-attribute-sets','dropdown_swatch','Dropdown Swatch','2022-04-20 20:01:19','2022-04-20 20:19:48'),(3522,0,'vi','plugins/ecommerce/product-attribute-sets','visual_swatch','Visual Swatch','2022-04-20 20:01:19','2022-04-20 20:19:48'),(3523,0,'vi','plugins/ecommerce/product-attribute-sets','text_swatch','Text Swatch','2022-04-20 20:01:19','2022-04-20 20:19:48'),(3524,0,'vi','plugins/ecommerce/product-attributes','name','Thuộc tính sản phẩm','2022-04-20 20:01:19','2022-04-20 20:19:48'),(3525,0,'vi','plugins/ecommerce/product-attributes','create','Tạo','2022-04-20 20:01:19','2022-04-20 20:19:48'),(3526,0,'vi','plugins/ecommerce/product-attributes','edit','Sửa','2022-04-20 20:01:19','2022-04-20 20:19:48'),(3527,0,'vi','plugins/ecommerce/product-attributes','intro.title','Quản lý danh sách thuộc tính sản phẩm','2022-04-20 20:01:19','2022-04-20 20:19:48'),(3528,0,'vi','plugins/ecommerce/product-attributes','intro.description','Các thuộc tính của sản phẩm như màu sắc, kích thước ...','2022-04-20 20:01:19','2022-04-20 20:19:48'),(3529,0,'vi','plugins/ecommerce/product-attributes','intro.button_text','Tạo thuộc tính sản phẩm','2022-04-20 20:01:19','2022-04-20 20:19:48'),(3530,0,'vi','plugins/ecommerce/product-categories','create','Create new product category','2022-04-20 20:01:19','2022-04-20 20:19:48'),(3531,0,'vi','plugins/ecommerce/product-categories','edit','Edit product category','2022-04-20 20:01:19','2022-04-20 20:19:48'),(3532,0,'vi','plugins/ecommerce/product-categories','name','Danh mục sản phẩm','2022-04-20 20:01:19','2022-04-20 20:19:48'),(3533,0,'vi','plugins/ecommerce/product-categories','none','Không có','2022-04-20 20:01:19','2022-04-20 20:19:48'),(3534,0,'vi','plugins/ecommerce/product-categories','menu','Danh mục sản phẩm','2022-04-20 20:01:19','2022-04-20 20:19:48'),(3535,0,'vi','plugins/ecommerce/product-categories','intro.title','Quản lý danh sách danh mục sản phẩm','2022-04-20 20:01:19','2022-04-20 20:19:48'),(3536,0,'vi','plugins/ecommerce/product-categories','intro.description','Danh mục sản phẩm như quần áo, giày dép, linh kiện điện tử ...','2022-04-20 20:01:19','2022-04-20 20:19:48'),(3537,0,'vi','plugins/ecommerce/product-categories','intro.button_text','Tạo danh mục sản phẩm','2022-04-20 20:01:19','2022-04-20 20:19:48'),(3538,0,'vi','plugins/ecommerce/product-categories','total_products','Tổng sản phẩm: :total','2022-04-20 20:01:19','2022-04-20 20:19:48'),(3539,0,'vi','plugins/ecommerce/product-collections','name','Nhóm sản phẩm','2022-04-20 20:01:19','2022-04-20 20:19:48'),(3540,0,'vi','plugins/ecommerce/product-collections','create','Thêm nhóm sản phẩm','2022-04-20 20:01:19','2022-04-20 20:19:48'),(3541,0,'vi','plugins/ecommerce/product-collections','edit','Sửa nhóm sản phẩm','2022-04-20 20:01:19','2022-04-20 20:19:48'),(3542,0,'vi','plugins/ecommerce/product-collections','slug_help_block','Label key: <code>:slug</code>. We will use this key for filter.','2022-04-20 20:01:19','2022-04-20 20:19:48'),(3543,0,'vi','plugins/ecommerce/product-collections','intro.title','Quản lý nhóm sản phẩm','2022-04-20 20:01:19','2022-04-20 20:19:48'),(3544,0,'vi','plugins/ecommerce/product-collections','intro.description','Nhóm sản phẩm giúp quản lý sản phẩm và khách hàng tìm kiếm sản phẩm một cách dễ dàng.','2022-04-20 20:01:19','2022-04-20 20:19:48'),(3545,0,'vi','plugins/ecommerce/product-collections','intro.button_text','Tạo nhóm sản phẩm','2022-04-20 20:01:19','2022-04-20 20:19:48'),(3546,0,'vi','plugins/ecommerce/products','name','Sản phẩm','2022-04-20 20:01:19','2022-04-20 20:19:48'),(3547,0,'vi','plugins/ecommerce/products','create','Thêm sản phẩm mới','2022-04-20 20:01:19','2022-04-20 20:19:48'),(3548,0,'vi','plugins/ecommerce/products','edit','Sửa sản phẩm - :name','2022-04-20 20:01:19','2022-04-20 20:19:48'),(3549,0,'vi','plugins/ecommerce/products','form.name','Tên sản phẩm','2022-04-20 20:01:19','2022-04-20 20:19:48'),(3550,0,'vi','plugins/ecommerce/products','form.name_placeholder','Tên sản phẩm (Tối đa 120 chữ cái)','2022-04-20 20:01:19','2022-04-20 20:19:48'),(3551,0,'vi','plugins/ecommerce/products','form.description','Mô tả ngắn','2022-04-20 20:01:19','2022-04-20 20:19:48'),(3552,0,'vi','plugins/ecommerce/products','form.description_placeholder','Mô tả ngắn gọn cho sản phẩm (Tối đa 400 chữ cái)','2022-04-20 20:01:19','2022-04-20 20:19:48'),(3553,0,'vi','plugins/ecommerce/products','form.categories','Danh mục','2022-04-20 20:01:19','2022-04-20 20:19:48'),(3554,0,'vi','plugins/ecommerce/products','form.content','Chi tiết sản phẩm','2022-04-20 20:01:19','2022-04-20 20:19:48'),(3555,0,'vi','plugins/ecommerce/products','form.price','Giá cơ bản','2022-04-20 20:01:19','2022-04-20 20:19:48'),(3556,0,'vi','plugins/ecommerce/products','form.price_sale','Giá giảm','2022-04-20 20:01:19','2022-04-20 20:19:48'),(3557,0,'vi','plugins/ecommerce/products','form.quantity','Số lượng','2022-04-20 20:01:19','2022-04-20 20:19:48'),(3558,0,'vi','plugins/ecommerce/products','form.brand','Thương hiệu','2022-04-20 20:01:19','2022-04-20 20:19:48'),(3559,0,'vi','plugins/ecommerce/products','form.width','Rộng','2022-04-20 20:01:19','2022-04-20 20:19:48'),(3560,0,'vi','plugins/ecommerce/products','form.height','Cao','2022-04-20 20:01:19','2022-04-20 20:19:48'),(3561,0,'vi','plugins/ecommerce/products','form.weight','Cân nặng','2022-04-20 20:01:19','2022-04-20 20:19:48'),(3562,0,'vi','plugins/ecommerce/products','form.image','Hình ảnh','2022-04-20 20:01:19','2022-04-20 20:19:48'),(3563,0,'vi','plugins/ecommerce/products','form.product_type.title','Loại sản phẩm','2022-04-20 20:01:19','2022-04-20 20:19:48'),(3564,0,'vi','plugins/ecommerce/products','form.stock.title','Tình trạng kho','2022-04-20 20:01:19','2022-04-20 20:19:48'),(3565,0,'vi','plugins/ecommerce/products','form.stock.in_stock','Còn hàng','2022-04-20 20:01:19','2022-04-20 20:19:48'),(3566,0,'vi','plugins/ecommerce/products','form.stock.out_stock','Hết hàng','2022-04-20 20:01:19','2022-04-20 20:19:48'),(3567,0,'vi','plugins/ecommerce/products','form.stock.allow_order_when_out','Cho phép đặt hàng khi hết','2022-04-20 20:01:19','2022-04-20 20:19:48'),(3568,0,'vi','plugins/ecommerce/products','form.storehouse.title','Quản lý kho','2022-04-20 20:01:19','2022-04-20 20:19:48'),(3569,0,'vi','plugins/ecommerce/products','form.storehouse.no_storehouse','Không quản lý kho','2022-04-20 20:01:19','2022-04-20 20:19:48'),(3570,0,'vi','plugins/ecommerce/products','form.storehouse.storehouse','Quản lý kho','2022-04-20 20:01:19','2022-04-20 20:19:48'),(3571,0,'vi','plugins/ecommerce/products','form.storehouse.quantity','Số lượng','2022-04-20 20:01:19','2022-04-20 20:19:48'),(3572,0,'vi','plugins/ecommerce/products','form.shipping.title','Giao hàng','2022-04-20 20:01:19','2022-04-20 20:19:48'),(3573,0,'vi','plugins/ecommerce/products','form.shipping.length','Chiều dài','2022-04-20 20:01:19','2022-04-20 20:19:48'),(3574,0,'vi','plugins/ecommerce/products','form.shipping.wide','Chiều rộng','2022-04-20 20:01:19','2022-04-20 20:19:48'),(3575,0,'vi','plugins/ecommerce/products','form.shipping.height','Chiều cao','2022-04-20 20:01:19','2022-04-20 20:19:48'),(3576,0,'vi','plugins/ecommerce/products','form.shipping.weight','Cân nặng','2022-04-20 20:01:19','2022-04-20 20:19:48'),(3577,0,'vi','plugins/ecommerce/products','form.date.start','Ngày bắt đầu','2022-04-20 20:01:19','2022-04-20 20:19:48'),(3578,0,'vi','plugins/ecommerce/products','form.date.end','Ngày kết thúc','2022-04-20 20:01:19','2022-04-20 20:19:48'),(3579,0,'vi','plugins/ecommerce/products','form.tags','Nhãn','2022-04-20 20:01:19','2022-04-20 20:19:48'),(3580,0,'vi','plugins/ecommerce/products','form.tax','Thuế','2022-04-20 20:01:19','2022-04-20 20:19:48'),(3581,0,'vi','plugins/ecommerce/products','price','Giá cơ bản','2022-04-20 20:01:19','2022-04-20 20:19:48'),(3582,0,'vi','plugins/ecommerce/products','price_sale','Giá giảm','2022-04-20 20:01:19','2022-04-20 20:19:48'),(3583,0,'vi','plugins/ecommerce/products','quantity','Số lượng','2022-04-20 20:01:19','2022-04-20 20:19:48'),(3584,0,'vi','plugins/ecommerce/products','type','Loại sản phẩm','2022-04-20 20:01:19','2022-04-20 20:19:48'),(3585,0,'vi','plugins/ecommerce/products','image','Ảnh','2022-04-20 20:01:19','2022-04-20 20:19:48'),(3586,0,'vi','plugins/ecommerce/products','sku','Mã sản phẩm','2022-04-20 20:01:19','2022-04-20 20:19:48'),(3587,0,'vi','plugins/ecommerce/products','brand','Thương hiệu','2022-04-20 20:01:19','2022-04-20 20:19:48'),(3588,0,'vi','plugins/ecommerce/products','cannot_delete','Product could not be deleted','2022-04-20 20:01:19','2022-04-20 20:19:48'),(3589,0,'vi','plugins/ecommerce/products','product_deleted','Product deleted','2022-04-20 20:01:19','2022-04-20 20:19:48'),(3590,0,'vi','plugins/ecommerce/products','products','Sản phẩm','2022-04-20 20:01:19','2022-04-20 20:19:48'),(3591,0,'vi','plugins/ecommerce/products','menu','Sản phẩm','2022-04-20 20:01:19','2022-04-20 20:19:48'),(3592,0,'vi','plugins/ecommerce/products','control.button_add_image','Thêm hình ảnh','2022-04-20 20:01:19','2022-04-20 20:19:48'),(3593,0,'vi','plugins/ecommerce/products','overview','Tổng quan','2022-04-20 20:01:19','2022-04-20 20:19:48'),(3594,0,'vi','plugins/ecommerce/products','attributes','Thuộc tính','2022-04-20 20:01:19','2022-04-20 20:19:48'),(3595,0,'vi','plugins/ecommerce/products','product_has_variations','Sản phẩm có nhiều phiên bản','2022-04-20 20:01:19','2022-04-20 20:19:48'),(3596,0,'vi','plugins/ecommerce/products','manage_products','Quản lý danh sách sản phẩm','2022-04-20 20:01:19','2022-04-20 20:19:48'),(3597,0,'vi','plugins/ecommerce/products','add_new_product','Tạo sản phẩm','2022-04-20 20:01:19','2022-04-20 20:19:48'),(3598,0,'vi','plugins/ecommerce/products','start_by_adding_new_product','Bắt đầu bán hàng bằng việc thêm sản phẩm.','2022-04-20 20:01:19','2022-04-20 20:19:48'),(3599,0,'vi','plugins/ecommerce/reports','name','Báo cáo','2022-04-20 20:01:19','2022-04-20 20:19:48'),(3600,0,'vi','plugins/ecommerce/reports','widget.order.title','Đơn hàng','2022-04-20 20:01:19','2022-04-20 20:19:48'),(3601,0,'vi','plugins/ecommerce/reports','count.revenue','Doanh thu hôm nay','2022-04-20 20:01:19','2022-04-20 20:19:48'),(3602,0,'vi','plugins/ecommerce/reports','count.orders','Đơn hàng hôm nay','2022-04-20 20:01:19','2022-04-20 20:19:48'),(3603,0,'vi','plugins/ecommerce/reports','count.products','Sản phẩm','2022-04-20 20:01:19','2022-04-20 20:19:48'),(3604,0,'vi','plugins/ecommerce/reports','count.customers','Khách hàng','2022-04-20 20:01:19','2022-04-20 20:19:48'),(3605,0,'vi','plugins/ecommerce/reports','product_name','Tên sản phẩm','2022-04-20 20:01:19','2022-04-20 20:19:48'),(3606,0,'vi','plugins/ecommerce/reports','quantity','Số lượng','2022-04-20 20:01:19','2022-04-20 20:19:48'),(3607,0,'vi','plugins/ecommerce/reports','revenue_statistics','Thống kê doanh thu','2022-04-20 20:01:19','2022-04-20 20:19:48'),(3608,0,'vi','plugins/ecommerce/reports','top_selling_products','Sản phẩm bán chạy trong tháng','2022-04-20 20:01:19','2022-04-20 20:19:48'),(3609,0,'vi','plugins/ecommerce/review','name','Đánh giá','2022-04-20 20:01:19','2022-04-20 20:19:48'),(3610,0,'vi','plugins/ecommerce/review','list_review','Khách hàng đánh giá','2022-04-20 20:01:19','2022-04-20 20:19:48'),(3611,0,'vi','plugins/ecommerce/review','add_review','Thêm đánh giá','2022-04-20 20:01:19','2022-04-20 20:19:48'),(3612,0,'vi','plugins/ecommerce/review','delete_review','Xóa đánh giá','2022-04-20 20:01:19','2022-04-20 20:19:48'),(3613,0,'vi','plugins/ecommerce/review','create_review','Tạo đánh giá','2022-04-20 20:01:19','2022-04-20 20:19:48'),(3614,0,'vi','plugins/ecommerce/review','please_select_rating','Chọn đánh giá','2022-04-20 20:01:19','2022-04-20 20:19:48'),(3615,0,'vi','plugins/ecommerce/review','comment','Bình luận','2022-04-20 20:01:19','2022-04-20 20:19:48'),(3616,0,'vi','plugins/ecommerce/review','approve','Chấp thuận','2022-04-20 20:01:19','2022-04-20 20:19:48'),(3617,0,'vi','plugins/ecommerce/review','approved','Đã chấp thuận','2022-04-20 20:01:19','2022-04-20 20:19:48'),(3618,0,'vi','plugins/ecommerce/review','disapprove','Không chấp thuận','2022-04-20 20:01:19','2022-04-20 20:19:48'),(3619,0,'vi','plugins/ecommerce/review','disapproved','Đã không chấp thuận','2022-04-20 20:01:19','2022-04-20 20:19:48'),(3620,0,'vi','plugins/ecommerce/review','product','Sản phẩm','2022-04-20 20:01:19','2022-04-20 20:19:48'),(3621,0,'vi','plugins/ecommerce/review','user','Người dùng','2022-04-20 20:01:19','2022-04-20 20:19:48'),(3622,0,'vi','plugins/ecommerce/review','star','Sao','2022-04-20 20:01:19','2022-04-20 20:19:48'),(3623,0,'vi','plugins/ecommerce/review','status','Trạng thái','2022-04-20 20:01:19','2022-04-20 20:19:48'),(3624,0,'vi','plugins/ecommerce/review','intro.title','Quản lý danh sách nhận xét của khách hàng','2022-04-20 20:01:19','2022-04-20 20:19:48'),(3625,0,'vi','plugins/ecommerce/review','intro.description','Lưu trữ các nhận xét, đánh giá của khách hàng','2022-04-20 20:01:19','2022-04-20 20:19:48'),(3626,0,'vi','plugins/ecommerce/shipping','name','Phí vận chuyển','2022-04-20 20:01:19','2022-04-20 20:19:48'),(3627,0,'vi','plugins/ecommerce/shipping','shipping','Vận chuyển','2022-04-20 20:01:19','2022-04-20 20:19:48'),(3628,0,'vi','plugins/ecommerce/shipping','title','Title','2022-04-20 20:01:19','2022-04-20 20:19:48'),(3629,0,'vi','plugins/ecommerce/shipping','country','Quốc gia','2022-04-20 20:01:19','2022-04-20 20:19:48'),(3630,0,'vi','plugins/ecommerce/shipping','state','State','2022-04-20 20:01:19','2022-04-20 20:19:48'),(3631,0,'vi','plugins/ecommerce/shipping','city','City','2022-04-20 20:01:19','2022-04-20 20:19:48'),(3632,0,'vi','plugins/ecommerce/shipping','amount','Amount','2022-04-20 20:01:20','2022-04-20 20:19:48'),(3633,0,'vi','plugins/ecommerce/shipping','enable','Enable','2022-04-20 20:01:20','2022-04-20 20:19:48'),(3634,0,'vi','plugins/ecommerce/shipping','enabled','Enabled','2022-04-20 20:01:20','2022-04-20 20:19:48'),(3635,0,'vi','plugins/ecommerce/shipping','disable','Disable','2022-04-20 20:01:20','2022-04-20 20:19:48'),(3636,0,'vi','plugins/ecommerce/shipping','disabled','Disabled','2022-04-20 20:01:20','2022-04-20 20:19:48'),(3637,0,'vi','plugins/ecommerce/shipping','create_shipping','Create a shipping','2022-04-20 20:01:20','2022-04-20 20:19:48'),(3638,0,'vi','plugins/ecommerce/shipping','edit_shipping','Edit shipping #','2022-04-20 20:01:20','2022-04-20 20:19:48'),(3639,0,'vi','plugins/ecommerce/shipping','status','Status','2022-04-20 20:01:20','2022-04-20 20:19:48'),(3640,0,'vi','plugins/ecommerce/shipping','shipping_methods','Phương thức vận chuyển','2022-04-20 20:01:20','2022-04-20 20:19:48'),(3641,0,'vi','plugins/ecommerce/shipping','create_shipping_method','Tạo phương thức vận chuyển','2022-04-20 20:01:20','2022-04-20 20:19:48'),(3642,0,'vi','plugins/ecommerce/shipping','edit_shipping_method','Sửa phương thức vận chuyển','2022-04-20 20:01:20','2022-04-20 20:19:48'),(3643,0,'vi','plugins/ecommerce/shipping','add_shipping_region','Thêm khu vực vận chuyển','2022-04-20 20:01:20','2022-04-20 20:19:48'),(3644,0,'vi','plugins/ecommerce/shipping','methods.default','Default','2022-04-20 20:01:20','2022-04-20 20:19:48'),(3645,0,'vi','plugins/ecommerce/shipping','statuses.not_approved','Not approved','2022-04-20 20:01:20','2022-04-20 20:19:48'),(3646,0,'vi','plugins/ecommerce/shipping','statuses.approved','Approved','2022-04-20 20:01:20','2022-04-20 20:19:48'),(3647,0,'vi','plugins/ecommerce/shipping','statuses.picking','Picking','2022-04-20 20:01:20','2022-04-20 20:19:48'),(3648,0,'vi','plugins/ecommerce/shipping','statuses.delay_picking','Delay picking','2022-04-20 20:01:20','2022-04-20 20:19:48'),(3649,0,'vi','plugins/ecommerce/shipping','statuses.picked','Picked','2022-04-20 20:01:20','2022-04-20 20:19:48'),(3650,0,'vi','plugins/ecommerce/shipping','statuses.not_picked','Not picked','2022-04-20 20:01:20','2022-04-20 20:19:48'),(3651,0,'vi','plugins/ecommerce/shipping','statuses.delivering','Delivering','2022-04-20 20:01:20','2022-04-20 20:19:48'),(3652,0,'vi','plugins/ecommerce/shipping','statuses.delivered','Delivered','2022-04-20 20:01:20','2022-04-20 20:19:48'),(3653,0,'vi','plugins/ecommerce/shipping','statuses.not_delivered','Not delivered','2022-04-20 20:01:20','2022-04-20 20:19:48'),(3654,0,'vi','plugins/ecommerce/shipping','statuses.audited','Audited','2022-04-20 20:01:20','2022-04-20 20:19:48'),(3655,0,'vi','plugins/ecommerce/shipping','statuses.canceled','Canceled','2022-04-20 20:01:20','2022-04-20 20:19:48'),(3656,0,'vi','plugins/ecommerce/shipping','cod_statuses.pending','Pending','2022-04-20 20:01:20','2022-04-20 20:19:48'),(3657,0,'vi','plugins/ecommerce/shipping','cod_statuses.completed','Completed','2022-04-20 20:01:20','2022-04-20 20:19:48'),(3658,0,'vi','plugins/ecommerce/store-locator','name','Địa chỉ cửa hàng','2022-04-20 20:01:20','2022-04-20 20:19:48'),(3659,0,'vi','plugins/ecommerce/store-locator','description','Địa chỉ này sẽ xuất hiện trên hoá đơn của bạn và sẽ được sử dụng để tính toán mức giá vận chuyển của bạn.','2022-04-20 20:01:20','2022-04-20 20:19:48'),(3660,0,'vi','plugins/ecommerce/store-locator','shop_name','Tên cửa hàng','2022-04-20 20:01:20','2022-04-20 20:19:48'),(3661,0,'vi','plugins/ecommerce/store-locator','phone','Điện thoại','2022-04-20 20:01:20','2022-04-20 20:19:48'),(3662,0,'vi','plugins/ecommerce/store-locator','address','Địa chỉ','2022-04-20 20:01:20','2022-04-20 20:19:48'),(3663,0,'vi','plugins/ecommerce/tax','name','Thuế','2022-04-20 20:01:20','2022-04-20 20:19:48'),(3664,0,'vi','plugins/ecommerce/tax','create','Tạo thuế','2022-04-20 20:01:20','2022-04-20 20:19:48'),(3665,0,'vi','plugins/ecommerce/tax','edit','Chỉnh sửa thuế :title','2022-04-20 20:01:20','2022-04-20 20:19:48'),(3666,0,'vi','plugins/ecommerce/tax','title','Tiêu đề','2022-04-20 20:01:20','2022-04-20 20:19:48'),(3667,0,'vi','plugins/ecommerce/tax','percentage','Tỉ lệ phần trăm %','2022-04-20 20:01:20','2022-04-20 20:19:48'),(3668,0,'vi','plugins/ecommerce/tax','priority','Thứ tự ưu tiên','2022-04-20 20:01:20','2022-04-20 20:19:48'),(3669,0,'vi','plugins/ecommerce/tax','select_tax','-- lựa chọn --','2022-04-20 20:01:20','2022-04-20 20:19:48'),(3670,0,'en','plugins/faq/faq-category','name','Categories','2022-04-20 20:01:20','2022-04-20 20:19:48'),(3671,0,'en','plugins/faq/faq-category','create','New category','2022-04-20 20:01:20','2022-04-20 20:19:48'),(3672,0,'en','plugins/faq/faq-category','edit','Edit category','2022-04-20 20:01:20','2022-04-20 20:19:48'),(3673,0,'en','plugins/faq/faq','name','FAQ','2022-04-20 20:01:20','2022-04-20 20:19:48'),(3674,0,'en','plugins/faq/faq','create','New faq','2022-04-20 20:01:20','2022-04-20 20:19:48'),(3675,0,'en','plugins/faq/faq','edit','Edit faq','2022-04-20 20:01:20','2022-04-20 20:19:48'),(3676,0,'en','plugins/faq/faq','question','Question','2022-04-20 20:01:20','2022-04-20 20:19:48'),(3677,0,'en','plugins/faq/faq','answer','Answer','2022-04-20 20:01:20','2022-04-20 20:19:48'),(3678,0,'en','plugins/faq/faq','category','Category','2022-04-20 20:01:20','2022-04-20 20:19:48'),(3679,0,'en','plugins/faq/faq','all','All','2022-04-20 20:01:20','2022-04-20 20:19:48'),(3680,0,'en','plugins/faq/faq','faq_schema_config','FAQ schema configuration (:link)','2022-04-20 20:01:20','2022-04-20 20:19:48'),(3681,0,'en','plugins/faq/faq','learn_more','Learn more','2022-04-20 20:01:20','2022-04-20 20:19:48'),(3682,0,'en','plugins/faq/faq','settings.title','FAQ','2022-04-20 20:01:20','2022-04-20 20:19:48'),(3683,0,'en','plugins/faq/faq','settings.description','Settings for FAQ','2022-04-20 20:01:20','2022-04-20 20:19:48'),(3684,0,'en','plugins/faq/faq','settings.enable_faq_schema','Enable FAQ Schema?','2022-04-20 20:01:20','2022-04-20 20:19:48'),(3685,0,'en','plugins/faq/faq','settings.enable_faq_schema_description','Learn more: https://developers.google.com/search/docs/data-types/faqpage','2022-04-20 20:01:20','2022-04-20 20:19:48'),(3686,0,'en','plugins/faq/faq','select_category','Select a category','2022-04-20 20:01:20','2022-04-20 20:19:48'),(3687,0,'en','plugins/faq/faq','add_item','Add item','2022-04-20 20:01:20','2022-04-20 20:19:48'),(3688,0,'en','plugins/language/language','name','Languages','2022-04-20 20:01:20','2022-04-20 20:19:48'),(3689,0,'en','plugins/language/language','choose_language','Choose a language','2022-04-20 20:01:20','2022-04-20 20:19:48'),(3690,0,'en','plugins/language/language','select_language','Select language','2022-04-20 20:01:20','2022-04-20 20:19:48'),(3691,0,'en','plugins/language/language','choose_language_helper','You can choose a language in the list or directly edit it below.','2022-04-20 20:01:20','2022-04-20 20:19:48'),(3692,0,'en','plugins/language/language','language_name','Language name','2022-04-20 20:01:20','2022-04-20 20:19:48'),(3693,0,'en','plugins/language/language','language_name_helper','The name is how it is displayed on your site (for example: English).','2022-04-20 20:01:20','2022-04-20 20:19:48'),(3694,0,'en','plugins/language/language','locale','Locale','2022-04-20 20:01:20','2022-04-20 20:19:48'),(3695,0,'en','plugins/language/language','locale_helper','Laravel Locale for the language (for example: <code>en</code>).','2022-04-20 20:01:20','2022-04-20 20:19:48'),(3696,0,'en','plugins/language/language','language_code','Language code','2022-04-20 20:01:20','2022-04-20 20:19:48'),(3697,0,'en','plugins/language/language','language_code_helper','Language code - preferably 2-letters ISO 639-1 (for example: en)','2022-04-20 20:01:20','2022-04-20 20:19:48'),(3698,0,'en','plugins/language/language','text_direction','Text direction','2022-04-20 20:01:20','2022-04-20 20:19:48'),(3699,0,'en','plugins/language/language','text_direction_helper','Choose the text direction for the language','2022-04-20 20:01:20','2022-04-20 20:19:48'),(3700,0,'en','plugins/language/language','left_to_right','Left to right','2022-04-20 20:01:20','2022-04-20 20:19:48'),(3701,0,'en','plugins/language/language','right_to_left','Right to left','2022-04-20 20:01:20','2022-04-20 20:19:48'),(3702,0,'en','plugins/language/language','flag','Flag','2022-04-20 20:01:20','2022-04-20 20:19:48'),(3703,0,'en','plugins/language/language','flag_helper','Choose a flag for the language.','2022-04-20 20:01:20','2022-04-20 20:19:48'),(3704,0,'en','plugins/language/language','order','Order','2022-04-20 20:01:20','2022-04-20 20:19:48'),(3705,0,'en','plugins/language/language','order_helper','Position of the language in the language switcher','2022-04-20 20:01:20','2022-04-20 20:19:48'),(3706,0,'en','plugins/language/language','add_new_language','Add new language','2022-04-20 20:01:20','2022-04-20 20:19:48'),(3707,0,'en','plugins/language/language','code','Code','2022-04-20 20:01:20','2022-04-20 20:19:48'),(3708,0,'en','plugins/language/language','default_language','Is default?','2022-04-20 20:01:20','2022-04-20 20:19:48'),(3709,0,'en','plugins/language/language','actions','Actions','2022-04-20 20:01:20','2022-04-20 20:19:48'),(3710,0,'en','plugins/language/language','translations','Translations','2022-04-20 20:01:20','2022-04-20 20:19:48'),(3711,0,'en','plugins/language/language','edit','Edit','2022-04-20 20:01:20','2022-04-20 20:19:48'),(3712,0,'en','plugins/language/language','edit_tooltip','Edit this language','2022-04-20 20:01:20','2022-04-20 20:19:48'),(3713,0,'en','plugins/language/language','delete','Delete','2022-04-20 20:01:20','2022-04-20 20:19:48'),(3714,0,'en','plugins/language/language','delete_tooltip','Delete this language and all its associated data','2022-04-20 20:01:20','2022-04-20 20:19:48'),(3715,0,'en','plugins/language/language','choose_default_language','Choose :language as default language','2022-04-20 20:01:20','2022-04-20 20:19:48'),(3716,0,'en','plugins/language/language','current_language','Current record\'s language','2022-04-20 20:01:20','2022-04-20 20:19:48'),(3717,0,'en','plugins/language/language','edit_related','Edit related language for this record','2022-04-20 20:01:20','2022-04-20 20:19:48'),(3718,0,'en','plugins/language/language','add_language_for_item','Add other language version for this record','2022-04-20 20:01:20','2022-04-20 20:19:48'),(3719,0,'en','plugins/language/language','settings','Settings','2022-04-20 20:01:20','2022-04-20 20:19:48'),(3720,0,'en','plugins/language/language','language_hide_default','Hide default language from URL?','2022-04-20 20:01:20','2022-04-20 20:19:48'),(3721,0,'en','plugins/language/language','language_display_flag_only','Flag only','2022-04-20 20:01:20','2022-04-20 20:19:48'),(3722,0,'en','plugins/language/language','language_display_name_only','Name only','2022-04-20 20:01:20','2022-04-20 20:19:48'),(3723,0,'en','plugins/language/language','language_display_all','Display all flag and name','2022-04-20 20:01:20','2022-04-20 20:19:48'),(3724,0,'en','plugins/language/language','language_display','Language display','2022-04-20 20:01:20','2022-04-20 20:19:48'),(3725,0,'en','plugins/language/language','switcher_display','Switcher language display','2022-04-20 20:01:20','2022-04-20 20:19:48'),(3726,0,'en','plugins/language/language','language_switcher_display_dropdown','Dropdown','2022-04-20 20:01:20','2022-04-20 20:19:48'),(3727,0,'en','plugins/language/language','language_switcher_display_list','List','2022-04-20 20:01:20','2022-04-20 20:19:48'),(3728,0,'en','plugins/language/language','current_language_edit_notification','You are editing \"<strong class=\"current_language_text\">:language</strong>\" version','2022-04-20 20:01:20','2022-04-20 20:19:48'),(3729,0,'en','plugins/language/language','confirm-change-language','Confirm change language','2022-04-20 20:01:20','2022-04-20 20:19:48'),(3730,0,'en','plugins/language/language','confirm-change-language-message','Do you really want to change language to \"<strong class=\"change_to_language_text\"></strong>\" ? This action will be override \"<strong class=\"change_to_language_text\"></strong>\" version if it\'s existed!','2022-04-20 20:01:20','2022-04-20 20:19:48'),(3731,0,'en','plugins/language/language','confirm-change-language-btn','Confirm change','2022-04-20 20:01:20','2022-04-20 20:19:48'),(3732,0,'en','plugins/language/language','hide_languages','Hide languages','2022-04-20 20:01:20','2022-04-20 20:19:48'),(3733,0,'en','plugins/language/language','hide_languages_description','You can completely hide content in specific languages from visitors and search engines, but still view it yourself. This allows reviewing translations that are in progress.','2022-04-20 20:01:20','2022-04-20 20:19:48'),(3734,0,'en','plugins/language/language','hide_languages_helper_display_hidden','{0} All languages are currently displayed.|{1} :language is currently hidden to visitors.|[2, Inf] :language are currently hidden to visitors.','2022-04-20 20:01:20','2022-04-20 20:19:48'),(3735,0,'en','plugins/language/language','show_all','Show all','2022-04-20 20:01:20','2022-04-20 20:19:48'),(3736,0,'en','plugins/language/language','change_language','Language','2022-04-20 20:01:20','2022-04-20 20:19:48'),(3737,0,'en','plugins/language/language','language_show_default_item_if_current_version_not_existed','Show item in default language if it is not existed in current language','2022-04-20 20:01:20','2022-04-20 20:19:48'),(3738,0,'en','plugins/language/language','select_flag','Select a flag...','2022-04-20 20:01:20','2022-04-20 20:19:48'),(3739,0,'en','plugins/language/language','delete_confirmation_message','Do you really want to delete this language? It also deletes all items in this language and cannot rollback!','2022-04-20 20:01:20','2022-04-20 20:19:48'),(3740,0,'en','plugins/language/language','added_already','This language was added already!','2022-04-20 20:01:20','2022-04-20 20:19:48'),(3741,0,'en','plugins/language/language','language_auto_detect_user_language','Auto detect user language?','2022-04-20 20:01:20','2022-04-20 20:19:48'),(3742,0,'en','plugins/location/bulk-import','name','Bulk Import','2022-04-20 20:01:20','2022-04-20 20:19:48'),(3743,0,'en','plugins/location/bulk-import','loading_text','Importing','2022-04-20 20:01:20','2022-04-20 20:19:48'),(3744,0,'en','plugins/location/bulk-import','imported_successfully','Imported successfully.','2022-04-20 20:01:20','2022-04-20 20:19:48'),(3745,0,'en','plugins/location/bulk-import','please_choose_the_file_mime','Please choose the file mime :types','2022-04-20 20:01:20','2022-04-20 20:19:48'),(3746,0,'en','plugins/location/bulk-import','please_choose_the_file','Please choose the file','2022-04-20 20:01:20','2022-04-20 20:19:48'),(3747,0,'en','plugins/location/bulk-import','start_import','Start Import','2022-04-20 20:01:20','2022-04-20 20:19:48'),(3748,0,'en','plugins/location/bulk-import','note','Note!','2022-04-20 20:01:20','2022-04-20 20:19:48'),(3749,0,'en','plugins/location/bulk-import','warning_before_importing','If this is your first time using this feature, please read the documentation or contact the Administrator for access to the correct functionality!','2022-04-20 20:01:20','2022-04-20 20:19:48'),(3750,0,'en','plugins/location/bulk-import','results','Result: :success successes, :failed failures','2022-04-20 20:01:20','2022-04-20 20:19:48'),(3751,0,'en','plugins/location/bulk-import','failures','Failures','2022-04-20 20:01:20','2022-04-20 20:19:48'),(3752,0,'en','plugins/location/bulk-import','tables.import','Import','2022-04-20 20:01:20','2022-04-20 20:19:48'),(3753,0,'en','plugins/location/bulk-import','template','Template','2022-04-20 20:01:20','2022-04-20 20:19:48'),(3754,0,'en','plugins/location/bulk-import','rules','Rules','2022-04-20 20:01:20','2022-04-20 20:19:48'),(3755,0,'en','plugins/location/bulk-import','choose_file_with_mime','Choose file with mime: (:types)','2022-04-20 20:01:20','2022-04-20 20:19:48'),(3756,0,'en','plugins/location/bulk-import','choose_file','Choose file','2022-04-20 20:01:20','2022-04-20 20:19:48'),(3757,0,'en','plugins/location/bulk-import','menu','Import locations','2022-04-20 20:01:20','2022-04-20 20:19:48'),(3758,0,'en','plugins/location/bulk-import','download-csv-file','Download CSV template','2022-04-20 20:01:20','2022-04-20 20:19:48'),(3759,0,'en','plugins/location/bulk-import','download-excel-file','Download Excel template','2022-04-20 20:01:20','2022-04-20 20:19:48'),(3760,0,'en','plugins/location/bulk-import','downloading','Downloading...','2022-04-20 20:01:20','2022-04-20 20:19:48'),(3761,0,'en','plugins/location/bulk-import','export.template.input_error','Input error','2022-04-20 20:01:20','2022-04-20 20:19:48'),(3762,0,'en','plugins/location/bulk-import','export.template.number_not_allowed','Number is not allowed!','2022-04-20 20:01:20','2022-04-20 20:19:48'),(3763,0,'en','plugins/location/bulk-import','export.template.allowed_input','Allowed input','2022-04-20 20:01:20','2022-04-20 20:19:48'),(3764,0,'en','plugins/location/bulk-import','export.template.prompt_decimal','Only numbers or decimals are accepted and greater than or equal to :min.','2022-04-20 20:01:20','2022-04-20 20:19:48'),(3765,0,'en','plugins/location/bulk-import','export.template.prompt_whole_number','Only numbers are accepted and greater than or equal to :min.','2022-04-20 20:01:20','2022-04-20 20:19:48'),(3766,0,'en','plugins/location/bulk-import','export.template.prompt_list','Please pick a value from the drop-down list.','2022-04-20 20:01:20','2022-04-20 20:19:48'),(3767,0,'en','plugins/location/bulk-import','export.template.pick_from_list','Pick from list','2022-04-20 20:01:20','2022-04-20 20:19:48'),(3768,0,'en','plugins/location/bulk-import','export.template.value_not_in_list','Value is not in list.','2022-04-20 20:01:20','2022-04-20 20:19:48'),(3769,0,'en','plugins/location/bulk-import','export.template.max_text_length','Max text length','2022-04-20 20:01:20','2022-04-20 20:19:48'),(3770,0,'en','plugins/location/bulk-import','export.template.prompt_max_text_length','Only accept text with length less than or equal to :max.','2022-04-20 20:01:20','2022-04-20 20:19:48'),(3771,0,'en','plugins/location/bulk-import','import_failed_description','Import failed, please check the errors below!','2022-04-20 20:01:20','2022-04-20 20:19:48'),(3772,0,'en','plugins/location/bulk-import','available_enable_multi_language','Only available when you enable \"Is Multi Language?\"','2022-04-20 20:01:20','2022-04-20 20:19:48'),(3773,0,'en','plugins/location/bulk-import','import_type_required_if','The :attribute field is required when \"Import Type\" is :value.','2022-04-20 20:01:20','2022-04-20 20:19:48'),(3774,0,'en','plugins/location/bulk-import','import_available_data','Import available data','2022-04-20 20:01:20','2022-04-20 20:19:48'),(3775,0,'en','plugins/location/bulk-import','import','Import','2022-04-20 20:01:20','2022-04-20 20:19:48'),(3776,0,'en','plugins/location/bulk-import','import_available_data_confirmation','Import available data confirmation','2022-04-20 20:01:20','2022-04-20 20:19:48'),(3777,0,'en','plugins/location/bulk-import','import_available_data_confirmation_content','Do you really want to import states/cities for this country?','2022-04-20 20:01:20','2022-04-20 20:19:48'),(3778,0,'en','plugins/location/city','name','Cities','2022-04-20 20:01:20','2022-04-20 20:19:48'),(3779,0,'en','plugins/location/city','create','New city','2022-04-20 20:01:20','2022-04-20 20:19:48'),(3780,0,'en','plugins/location/city','edit','Edit city','2022-04-20 20:01:20','2022-04-20 20:19:48'),(3781,0,'en','plugins/location/city','state','State','2022-04-20 20:01:20','2022-04-20 20:19:48'),(3782,0,'en','plugins/location/city','select_state','Select state...','2022-04-20 20:01:20','2022-04-20 20:19:48'),(3783,0,'en','plugins/location/city','select_city','Select city...','2022-04-20 20:01:20','2022-04-20 20:19:48'),(3784,0,'en','plugins/location/city','country','Country','2022-04-20 20:01:20','2022-04-20 20:19:48'),(3785,0,'en','plugins/location/city','select_country','Select country...','2022-04-20 20:01:20','2022-04-20 20:19:48'),(3786,0,'en','plugins/location/city','city','City','2022-04-20 20:01:20','2022-04-20 20:19:48'),(3787,0,'en','plugins/location/country','name','Countries','2022-04-20 20:01:20','2022-04-20 20:19:48'),(3788,0,'en','plugins/location/country','create','New country','2022-04-20 20:01:20','2022-04-20 20:19:48'),(3789,0,'en','plugins/location/country','edit','Edit country','2022-04-20 20:01:20','2022-04-20 20:19:48'),(3790,0,'en','plugins/location/country','nationality','Nationality','2022-04-20 20:01:20','2022-04-20 20:19:48'),(3791,0,'en','plugins/location/country','code','Country ISO code','2022-04-20 20:01:20','2022-04-20 20:19:48'),(3792,0,'en','plugins/location/country','code_placeholder','ISO country code, uppercase. Ex: US.','2022-04-20 20:01:20','2022-04-20 20:19:48'),(3793,0,'en','plugins/location/country','code_helper','Find country ISO code from here: https://en.wikipedia.org/wiki/List_of_ISO_3166_country_codes','2022-04-20 20:01:20','2022-04-20 20:19:48'),(3794,0,'en','plugins/location/location','name','Locations','2022-04-20 20:01:20','2022-04-20 20:19:48'),(3795,0,'en','plugins/location/location','create','New location','2022-04-20 20:01:20','2022-04-20 20:19:48'),(3796,0,'en','plugins/location/location','edit','Edit location','2022-04-20 20:01:20','2022-04-20 20:19:48'),(3797,0,'en','plugins/location/location','all_states','All states','2022-04-20 20:01:20','2022-04-20 20:19:48'),(3798,0,'en','plugins/location/location','abbreviation','Abbreviation','2022-04-20 20:01:20','2022-04-20 20:19:48'),(3799,0,'en','plugins/location/location','abbreviation_placeholder','E.g: CA','2022-04-20 20:01:20','2022-04-20 20:19:48'),(3800,0,'en','plugins/location/state','name','States','2022-04-20 20:01:20','2022-04-20 20:19:48'),(3801,0,'en','plugins/location/state','create','New state','2022-04-20 20:01:20','2022-04-20 20:19:48'),(3802,0,'en','plugins/location/state','edit','Edit state','2022-04-20 20:01:20','2022-04-20 20:19:48'),(3803,0,'en','plugins/location/state','country','Country','2022-04-20 20:01:20','2022-04-20 20:19:48'),(3804,0,'en','plugins/location/state','select_country','Select a country...','2022-04-20 20:01:20','2022-04-20 20:19:48'),(3805,0,'en','plugins/location/state','state','State','2022-04-20 20:01:20','2022-04-20 20:19:48'),(3806,0,'en','plugins/marketplace/marketplace','name','Marketplace','2022-04-20 20:01:20','2022-04-20 20:19:48'),(3807,0,'en','plugins/marketplace/marketplace','email.store_new_order_title','Notice about new order','2022-04-20 20:01:20','2022-04-20 20:19:48'),(3808,0,'en','plugins/marketplace/marketplace','email.store_new_order_description','Send email to the store owner when an order placed','2022-04-20 20:01:20','2022-04-20 20:19:48'),(3809,0,'en','plugins/marketplace/marketplace','email.verify_vendor_title','Verify vendor','2022-04-20 20:01:20','2022-04-20 20:19:48'),(3810,0,'en','plugins/marketplace/marketplace','email.verify_vendor_description','Send email to the admin when a vendor registers','2022-04-20 20:01:20','2022-04-20 20:19:48'),(3811,0,'en','plugins/marketplace/marketplace','email.pending_product_approval_title','Pending product approval','2022-04-20 20:01:20','2022-04-20 20:19:48'),(3812,0,'en','plugins/marketplace/marketplace','email.pending_product_approval_description','Send email to the admin when a vendor post their products','2022-04-20 20:01:20','2022-04-20 20:19:48'),(3813,0,'en','plugins/marketplace/marketplace','email.vendor_account_approved_title','Vendor account approved','2022-04-20 20:01:20','2022-04-20 20:19:48'),(3814,0,'en','plugins/marketplace/marketplace','email.vendor_account_approved_description','Send email to vendor when their account approved','2022-04-20 20:01:20','2022-04-20 20:19:48'),(3815,0,'en','plugins/marketplace/marketplace','email.product_approved_title','Product approved','2022-04-20 20:01:20','2022-04-20 20:19:48'),(3816,0,'en','plugins/marketplace/marketplace','email.product_approved_description','Send email to vendor when their product approved','2022-04-20 20:01:20','2022-04-20 20:19:48'),(3817,0,'en','plugins/marketplace/marketplace','email.withdrawal_approved_title','Withdrawal approved','2022-04-20 20:01:20','2022-04-20 20:19:48'),(3818,0,'en','plugins/marketplace/marketplace','email.withdrawal_approved_description','Send email to vendor when their withdrawal request approved','2022-04-20 20:01:20','2022-04-20 20:19:48'),(3819,0,'en','plugins/marketplace/marketplace','current_balance','Current balance','2022-04-20 20:01:20','2022-04-20 20:19:48'),(3820,0,'en','plugins/marketplace/marketplace','settings.name','Settings','2022-04-20 20:01:21','2022-04-20 20:19:48'),(3821,0,'en','plugins/marketplace/marketplace','settings.title','Settings for marketplace','2022-04-20 20:01:21','2022-04-20 20:19:48'),(3822,0,'en','plugins/marketplace/marketplace','settings.description','','2022-04-20 20:01:21','2022-04-20 20:19:48'),(3823,0,'en','plugins/marketplace/marketplace','settings.fee_per_order','Fee per order (%), suggest: 2 or 3','2022-04-20 20:01:21','2022-04-20 20:19:48'),(3824,0,'en','plugins/marketplace/marketplace','settings.fee_withdrawal','Fee withdrawal (Fixed amount)','2022-04-20 20:01:21','2022-04-20 20:19:48'),(3825,0,'en','plugins/marketplace/marketplace','settings.check_valid_signature','Check valid signature in vendor\'s earnings','2022-04-20 20:01:21','2022-04-20 20:19:48'),(3826,0,'en','plugins/marketplace/marketplace','settings.verify_vendor','Vendor verification (Vendor just can post their product listing after getting verified)','2022-04-20 20:01:21','2022-04-20 20:19:48'),(3827,0,'en','plugins/marketplace/marketplace','settings.enable_product_approval','Enable product approval','2022-04-20 20:01:21','2022-04-20 20:19:48'),(3828,0,'en','plugins/marketplace/marketplace','settings.hide_store_phone_number','Hide store phone number?','2022-04-20 20:01:21','2022-04-20 20:19:48'),(3829,0,'en','plugins/marketplace/marketplace','theme_options.name','Marketplace','2022-04-20 20:01:21','2022-04-20 20:19:48'),(3830,0,'en','plugins/marketplace/marketplace','theme_options.description','Theme options for Marketplace','2022-04-20 20:01:21','2022-04-20 20:19:48'),(3831,0,'en','plugins/marketplace/marketplace','theme_options.logo_vendor_dashboard','Logo in the vendor dashboard (Default is the main logo)','2022-04-20 20:01:21','2022-04-20 20:19:48'),(3832,0,'en','plugins/marketplace/marketplace','store_name','Store name','2022-04-20 20:01:21','2022-04-20 20:19:48'),(3833,0,'en','plugins/marketplace/marketplace','store_email','Store email','2022-04-20 20:01:21','2022-04-20 20:19:48'),(3834,0,'en','plugins/marketplace/marketplace','store_phone','Store phone','2022-04-20 20:01:21','2022-04-20 20:19:48'),(3835,0,'en','plugins/marketplace/marketplace','product_name','Product name','2022-04-20 20:01:21','2022-04-20 20:19:48'),(3836,0,'en','plugins/marketplace/marketplace','product_url','Product URL','2022-04-20 20:01:21','2022-04-20 20:19:48'),(3837,0,'en','plugins/marketplace/marketplace','withdrawal_amount','Withdrawal amount','2022-04-20 20:01:21','2022-04-20 20:19:48'),(3838,0,'en','plugins/marketplace/marketplace','helpers.customer_status','If you change the status other than \":status\" this vendor\'s store will also change to \":store\"','2022-04-20 20:01:21','2022-04-20 20:19:48'),(3839,0,'en','plugins/marketplace/marketplace','helpers.store_status','If you change the status other than \":status\" this store\'s account will also change to \":customer\"','2022-04-20 20:01:21','2022-04-20 20:19:48'),(3840,0,'en','plugins/marketplace/marketplace','tables.earnings','Earnings','2022-04-20 20:01:21','2022-04-20 20:19:48'),(3841,0,'en','plugins/marketplace/marketplace','tables.products_count','Products Count','2022-04-20 20:01:21','2022-04-20 20:19:48'),(3842,0,'en','plugins/marketplace/order','shipping_method_required','Shipping method for \":name\" store order is required.','2022-04-20 20:01:21','2022-04-20 20:19:49'),(3843,0,'en','plugins/marketplace/order','shipping_method_in','Shipping method for \":name\" store order is invalid.','2022-04-20 20:01:21','2022-04-20 20:19:49'),(3844,0,'en','plugins/marketplace/order','shipping_option_required','Shipping option for \":name\" store order is required.','2022-04-20 20:01:21','2022-04-20 20:19:49'),(3845,0,'en','plugins/marketplace/order','refund.insufficient_balance','Balance of vendor is not enough to refund order, balance: :balance','2022-04-20 20:01:21','2022-04-20 20:19:49'),(3846,0,'en','plugins/marketplace/order','refund.description','Refunded from the order #:order','2022-04-20 20:01:21','2022-04-20 20:19:49'),(3847,0,'en','plugins/marketplace/order','products_are_from_different_vendors','Cannot create order! Products are from different vendors.','2022-04-20 20:01:21','2022-04-20 20:19:49'),(3848,0,'en','plugins/marketplace/revenue','edit','Update wallet balance','2022-04-20 20:01:21','2022-04-20 20:19:49'),(3849,0,'en','plugins/marketplace/revenue','view_store','View store \":store\"','2022-04-20 20:01:21','2022-04-20 20:19:49'),(3850,0,'en','plugins/marketplace/revenue','forms.description_placeholder','Update the exact amount with order #__ORDER_ID__ with reason: __REASON__','2022-04-20 20:01:21','2022-04-20 20:19:49'),(3851,0,'en','plugins/marketplace/revenue','forms.amount','Amount','2022-04-20 20:01:21','2022-04-20 20:19:49'),(3852,0,'en','plugins/marketplace/revenue','forms.amount_placeholder','Enter Amount','2022-04-20 20:01:21','2022-04-20 20:19:49'),(3853,0,'en','plugins/marketplace/revenue','forms.type','Type','2022-04-20 20:01:21','2022-04-20 20:19:49'),(3854,0,'en','plugins/marketplace/revenue','forms.created_by','Created By','2022-04-20 20:01:21','2022-04-20 20:19:49'),(3855,0,'en','plugins/marketplace/revenue','types.add-amount','Add Amount','2022-04-20 20:01:21','2022-04-20 20:19:49'),(3856,0,'en','plugins/marketplace/revenue','types.subtract-amount','Subtract Amount','2022-04-20 20:01:21','2022-04-20 20:19:49'),(3857,0,'en','plugins/marketplace/revenue','store_name','Store Name','2022-04-20 20:01:21','2022-04-20 20:19:49'),(3858,0,'en','plugins/marketplace/revenue','vendor_name','Vendor Name','2022-04-20 20:01:21','2022-04-20 20:19:49'),(3859,0,'en','plugins/marketplace/revenue','balance','Balance','2022-04-20 20:01:21','2022-04-20 20:19:49'),(3860,0,'en','plugins/marketplace/revenue','store_information','Store information','2022-04-20 20:01:21','2022-04-20 20:19:49'),(3861,0,'en','plugins/marketplace/revenue','update_balance','Adjust Balance','2022-04-20 20:01:21','2022-04-20 20:19:49'),(3862,0,'en','plugins/marketplace/revenue','update_balance_title','Add/Subtract amount of vendor','2022-04-20 20:01:21','2022-04-20 20:19:49'),(3863,0,'en','plugins/marketplace/revenue','statements','Statements','2022-04-20 20:01:21','2022-04-20 20:19:49'),(3864,0,'en','plugins/marketplace/revenue','products','Products','2022-04-20 20:01:21','2022-04-20 20:19:49'),(3865,0,'en','plugins/marketplace/store','name','Stores','2022-04-20 20:01:21','2022-04-20 20:19:49'),(3866,0,'en','plugins/marketplace/store','create','New store','2022-04-20 20:01:21','2022-04-20 20:19:49'),(3867,0,'en','plugins/marketplace/store','edit','Edit store','2022-04-20 20:01:21','2022-04-20 20:19:49'),(3868,0,'en','plugins/marketplace/store','view','View','2022-04-20 20:01:21','2022-04-20 20:19:49'),(3869,0,'en','plugins/marketplace/store','forms.logo','Logo','2022-04-20 20:01:21','2022-04-20 20:19:49'),(3870,0,'en','plugins/marketplace/store','forms.email','Email','2022-04-20 20:01:21','2022-04-20 20:19:49'),(3871,0,'en','plugins/marketplace/store','forms.email_placeholder','Ex: name@store.com','2022-04-20 20:01:21','2022-04-20 20:19:49'),(3872,0,'en','plugins/marketplace/store','forms.phone','Phone','2022-04-20 20:01:21','2022-04-20 20:19:49'),(3873,0,'en','plugins/marketplace/store','forms.phone_placeholder','Phone','2022-04-20 20:01:21','2022-04-20 20:19:49'),(3874,0,'en','plugins/marketplace/store','forms.address','Address','2022-04-20 20:01:21','2022-04-20 20:19:49'),(3875,0,'en','plugins/marketplace/store','forms.address_placeholder','Address','2022-04-20 20:01:21','2022-04-20 20:19:49'),(3876,0,'en','plugins/marketplace/store','forms.city','City','2022-04-20 20:01:21','2022-04-20 20:19:49'),(3877,0,'en','plugins/marketplace/store','forms.city_placeholder','City','2022-04-20 20:01:21','2022-04-20 20:19:49'),(3878,0,'en','plugins/marketplace/store','forms.state','State','2022-04-20 20:01:21','2022-04-20 20:19:49'),(3879,0,'en','plugins/marketplace/store','forms.state_placeholder','State','2022-04-20 20:01:21','2022-04-20 20:19:49'),(3880,0,'en','plugins/marketplace/store','forms.country','Country','2022-04-20 20:01:21','2022-04-20 20:19:49'),(3881,0,'en','plugins/marketplace/store','forms.country_placeholder','Country','2022-04-20 20:01:21','2022-04-20 20:19:49'),(3882,0,'en','plugins/marketplace/store','forms.store_owner','Store owner','2022-04-20 20:01:21','2022-04-20 20:19:49'),(3883,0,'en','plugins/marketplace/store','forms.select_store_owner','Select a store owner...','2022-04-20 20:01:21','2022-04-20 20:19:49'),(3884,0,'en','plugins/marketplace/store','forms.store','Store','2022-04-20 20:01:21','2022-04-20 20:19:49'),(3885,0,'en','plugins/marketplace/store','forms.select_store','Select a store...','2022-04-20 20:01:21','2022-04-20 20:19:49'),(3886,0,'en','plugins/marketplace/store','forms.is_vendor','Is vendor?','2022-04-20 20:01:21','2022-04-20 20:19:49'),(3887,0,'en','plugins/marketplace/store','store','Store','2022-04-20 20:01:21','2022-04-20 20:19:49'),(3888,0,'en','plugins/marketplace/store','store_name','Store name','2022-04-20 20:01:21','2022-04-20 20:19:49'),(3889,0,'en','plugins/marketplace/store','store_phone','Store phone','2022-04-20 20:01:21','2022-04-20 20:19:49'),(3890,0,'en','plugins/marketplace/store','store_link','Store link','2022-04-20 20:01:21','2022-04-20 20:19:49'),(3891,0,'en','plugins/marketplace/store','product_approval_notification','This product was created by :vendor. It needs to be approved to be shown on your website. :approve_link','2022-04-20 20:01:21','2022-04-20 20:19:49'),(3892,0,'en','plugins/marketplace/store','approve_here','Approve it here.','2022-04-20 20:01:21','2022-04-20 20:19:49'),(3893,0,'en','plugins/marketplace/store','approve_product_confirmation','Approve product confirmation','2022-04-20 20:01:21','2022-04-20 20:19:49'),(3894,0,'en','plugins/marketplace/store','approve_product_confirmation_description','Are you sure you really want to approve this product from :vendor?','2022-04-20 20:01:21','2022-04-20 20:19:49'),(3895,0,'en','plugins/marketplace/store','approve','Approve','2022-04-20 20:01:21','2022-04-20 20:19:49'),(3896,0,'en','plugins/marketplace/store','approve_product_success','Approved product successfully','2022-04-20 20:01:21','2022-04-20 20:19:49'),(3897,0,'en','plugins/marketplace/store','product_approved_notification','This product was created by :vendor. Approved by :user.','2022-04-20 20:01:21','2022-04-20 20:19:49'),(3898,0,'en','plugins/marketplace/store','information','Store information','2022-04-20 20:01:21','2022-04-20 20:19:49'),(3899,0,'en','plugins/marketplace/store','vendor_information','Vendor information','2022-04-20 20:01:21','2022-04-20 20:19:49'),(3900,0,'en','plugins/marketplace/store','vendor_name','Name','2022-04-20 20:01:21','2022-04-20 20:19:49'),(3901,0,'en','plugins/marketplace/store','withdrawal_approval_notification','This withdrawal request has been created by :vendor. Their current balance is :balance.','2022-04-20 20:01:21','2022-04-20 20:19:49'),(3902,0,'en','plugins/marketplace/unverified-vendor','name','Unverified vendors','2022-04-20 20:01:21','2022-04-20 20:19:49'),(3903,0,'en','plugins/marketplace/unverified-vendor','verify','Verify vendor \":name\"','2022-04-20 20:01:21','2022-04-20 20:19:49'),(3904,0,'en','plugins/marketplace/unverified-vendor','forms.email','Email','2022-04-20 20:01:21','2022-04-20 20:19:49'),(3905,0,'en','plugins/marketplace/unverified-vendor','forms.store_name','Store name','2022-04-20 20:01:21','2022-04-20 20:19:49'),(3906,0,'en','plugins/marketplace/unverified-vendor','forms.store_phone','Store phone','2022-04-20 20:01:21','2022-04-20 20:19:49'),(3907,0,'en','plugins/marketplace/unverified-vendor','forms.vendor_phone','Phone','2022-04-20 20:01:21','2022-04-20 20:19:49'),(3908,0,'en','plugins/marketplace/unverified-vendor','forms.verify_vendor','Verify vendor','2022-04-20 20:01:21','2022-04-20 20:19:49'),(3909,0,'en','plugins/marketplace/unverified-vendor','forms.registered_at','Registered At','2022-04-20 20:01:21','2022-04-20 20:19:49'),(3910,0,'en','plugins/marketplace/unverified-vendor','approve','Approve','2022-04-20 20:01:21','2022-04-20 20:19:49'),(3911,0,'en','plugins/marketplace/unverified-vendor','approve_vendor_confirmation','Approve vendor confirmation','2022-04-20 20:01:21','2022-04-20 20:19:49'),(3912,0,'en','plugins/marketplace/unverified-vendor','approve_vendor_confirmation_description','Are you sure you really want to approve :vendor for selling on this site?','2022-04-20 20:01:21','2022-04-20 20:19:49'),(3913,0,'en','plugins/marketplace/unverified-vendor','vendor_approval_notification','Do you want to approve this vendor for selling on this site? Approve here :approve_link','2022-04-20 20:01:21','2022-04-20 20:19:49'),(3914,0,'en','plugins/marketplace/withdrawal','name','Withdrawals','2022-04-20 20:01:21','2022-04-20 20:19:49'),(3915,0,'en','plugins/marketplace/withdrawal','edit','Edit withdrawal','2022-04-20 20:01:21','2022-04-20 20:19:49'),(3916,0,'en','plugins/marketplace/withdrawal','statuses.pending','Pending','2022-04-20 20:01:21','2022-04-20 20:19:49'),(3917,0,'en','plugins/marketplace/withdrawal','statuses.processing','Processing','2022-04-20 20:01:21','2022-04-20 20:19:49'),(3918,0,'en','plugins/marketplace/withdrawal','statuses.completed','Completed','2022-04-20 20:01:21','2022-04-20 20:19:49'),(3919,0,'en','plugins/marketplace/withdrawal','statuses.canceled','Canceled','2022-04-20 20:01:21','2022-04-20 20:19:49'),(3920,0,'en','plugins/marketplace/withdrawal','statuses.refused','Refused','2022-04-20 20:01:21','2022-04-20 20:19:49'),(3921,0,'en','plugins/marketplace/withdrawal','amount','Amount','2022-04-20 20:01:21','2022-04-20 20:19:49'),(3922,0,'en','plugins/marketplace/withdrawal','customer','Customer','2022-04-20 20:01:21','2022-04-20 20:19:49'),(3923,0,'en','plugins/marketplace/withdrawal','vendor','Vendor','2022-04-20 20:01:21','2022-04-20 20:19:49'),(3924,0,'en','plugins/marketplace/withdrawal','currency','Currency','2022-04-20 20:01:21','2022-04-20 20:19:49'),(3925,0,'en','plugins/marketplace/withdrawal','forms.amount','Amount','2022-04-20 20:01:21','2022-04-20 20:19:49'),(3926,0,'en','plugins/marketplace/withdrawal','forms.amount_placeholder','Amount you want to withdrawal','2022-04-20 20:01:21','2022-04-20 20:19:49'),(3927,0,'en','plugins/marketplace/withdrawal','forms.fee','Fee','2022-04-20 20:01:21','2022-04-20 20:19:49'),(3928,0,'en','plugins/marketplace/withdrawal','forms.fee_helper','You have to pay a fee when withdrawing: :fee','2022-04-20 20:01:21','2022-04-20 20:19:49'),(3929,0,'en','plugins/marketplace/withdrawal','forms.pending_status_helper','To complete withdrawal, please update status as processing then completed','2022-04-20 20:01:21','2022-04-20 20:19:49'),(3930,0,'en','plugins/marketplace/withdrawal','forms.payment_channel','Payment Channel','2022-04-20 20:01:21','2022-04-20 20:19:49'),(3931,0,'en','plugins/marketplace/withdrawal','forms.payment_channel_placeholder','Payment Channel','2022-04-20 20:01:21','2022-04-20 20:19:49'),(3932,0,'en','plugins/marketplace/withdrawal','forms.transaction_id','Transaction ID','2022-04-20 20:01:21','2022-04-20 20:19:49'),(3933,0,'en','plugins/marketplace/withdrawal','forms.transaction_id_placeholder','Transaction ID','2022-04-20 20:01:21','2022-04-20 20:19:49'),(3934,0,'en','plugins/newsletter/newsletter','name','Newsletters','2022-04-20 20:01:21','2022-04-20 20:19:49'),(3935,0,'en','plugins/newsletter/newsletter','settings.email.templates.title','Newsletter','2022-04-20 20:01:21','2022-04-20 20:19:49'),(3936,0,'en','plugins/newsletter/newsletter','settings.email.templates.description','Config newsletter email templates','2022-04-20 20:01:21','2022-04-20 20:19:49'),(3937,0,'en','plugins/newsletter/newsletter','settings.email.templates.to_admin.title','Email send to admin','2022-04-20 20:01:21','2022-04-20 20:19:49'),(3938,0,'en','plugins/newsletter/newsletter','settings.email.templates.to_admin.description','Template for sending email to admin','2022-04-20 20:01:21','2022-04-20 20:19:49'),(3939,0,'en','plugins/newsletter/newsletter','settings.email.templates.to_user.title','Email send to user','2022-04-20 20:01:21','2022-04-20 20:19:49'),(3940,0,'en','plugins/newsletter/newsletter','settings.email.templates.to_user.description','Template for sending email to subscriber','2022-04-20 20:01:21','2022-04-20 20:19:49'),(3941,0,'en','plugins/newsletter/newsletter','settings.title','Newsletter','2022-04-20 20:01:21','2022-04-20 20:19:49'),(3942,0,'en','plugins/newsletter/newsletter','settings.description','Settings for newsletter','2022-04-20 20:01:21','2022-04-20 20:19:49'),(3943,0,'en','plugins/newsletter/newsletter','settings.mailchimp_api_key','Mailchimp API Key','2022-04-20 20:01:21','2022-04-20 20:19:49'),(3944,0,'en','plugins/newsletter/newsletter','settings.mailchimp_list_id','Mailchimp List ID','2022-04-20 20:01:21','2022-04-20 20:19:49'),(3945,0,'en','plugins/newsletter/newsletter','settings.mailchimp_list','Mailchimp List','2022-04-20 20:01:21','2022-04-20 20:19:49'),(3946,0,'en','plugins/newsletter/newsletter','settings.sendgrid_api_key','Sendgrid API Key','2022-04-20 20:01:21','2022-04-20 20:19:49'),(3947,0,'en','plugins/newsletter/newsletter','settings.sendgrid_list_id','Sendgrid List ID','2022-04-20 20:01:21','2022-04-20 20:19:49'),(3948,0,'en','plugins/newsletter/newsletter','settings.sendgrid_list','Sendgrid List','2022-04-20 20:01:21','2022-04-20 20:19:49'),(3949,0,'en','plugins/newsletter/newsletter','statuses.subscribed','Subscribed','2022-04-20 20:01:21','2022-04-20 20:19:49'),(3950,0,'en','plugins/newsletter/newsletter','statuses.unsubscribed','Unsubscribed','2022-04-20 20:01:21','2022-04-20 20:19:49'),(3951,0,'en','plugins/payment/payment','payments','Payments','2022-04-20 20:01:21','2022-04-20 20:19:49'),(3952,0,'en','plugins/payment/payment','checkout_success','Checkout successfully!','2022-04-20 20:01:21','2022-04-20 20:19:49'),(3953,0,'en','plugins/payment/payment','view_payment','View payment #','2022-04-20 20:01:21','2022-04-20 20:19:49'),(3954,0,'en','plugins/payment/payment','charge_id','Charge ID','2022-04-20 20:01:21','2022-04-20 20:19:49'),(3955,0,'en','plugins/payment/payment','amount','Amount','2022-04-20 20:01:21','2022-04-20 20:19:49'),(3956,0,'en','plugins/payment/payment','currency','Currency','2022-04-20 20:01:21','2022-04-20 20:19:49'),(3957,0,'en','plugins/payment/payment','user','User','2022-04-20 20:01:21','2022-04-20 20:19:49'),(3958,0,'en','plugins/payment/payment','stripe','Stripe','2022-04-20 20:01:21','2022-04-20 20:19:49'),(3959,0,'en','plugins/payment/payment','paypal','PayPal','2022-04-20 20:01:21','2022-04-20 20:19:49'),(3960,0,'en','plugins/payment/payment','action','Action','2022-04-20 20:01:21','2022-04-20 20:19:49'),(3961,0,'en','plugins/payment/payment','payment_via_card','Payment via card','2022-04-20 20:01:21','2022-04-20 20:19:49'),(3962,0,'en','plugins/payment/payment','card_number','Card number','2022-04-20 20:01:21','2022-04-20 20:19:49'),(3963,0,'en','plugins/payment/payment','full_name','Full name','2022-04-20 20:01:21','2022-04-20 20:19:49'),(3964,0,'en','plugins/payment/payment','payment_via_paypal','Fast and safe online payment via PayPal.','2022-04-20 20:01:21','2022-04-20 20:19:49'),(3965,0,'en','plugins/payment/payment','mm_yy','MM/YY','2022-04-20 20:01:21','2022-04-20 20:19:49'),(3966,0,'en','plugins/payment/payment','cvc','CVC','2022-04-20 20:01:21','2022-04-20 20:19:49'),(3967,0,'en','plugins/payment/payment','details','Details','2022-04-20 20:01:21','2022-04-20 20:19:49'),(3968,0,'en','plugins/payment/payment','payer_name','Payer Name','2022-04-20 20:01:21','2022-04-20 20:19:49'),(3969,0,'en','plugins/payment/payment','email','Email','2022-04-20 20:01:21','2022-04-20 20:19:49'),(3970,0,'en','plugins/payment/payment','phone','Phone','2022-04-20 20:01:21','2022-04-20 20:19:49'),(3971,0,'en','plugins/payment/payment','country','Country','2022-04-20 20:01:21','2022-04-20 20:19:49'),(3972,0,'en','plugins/payment/payment','shipping_address','Shipping Address','2022-04-20 20:01:21','2022-04-20 20:19:49'),(3973,0,'en','plugins/payment/payment','payment_details','Payment Details','2022-04-20 20:01:21','2022-04-20 20:19:49'),(3974,0,'en','plugins/payment/payment','card','Card','2022-04-20 20:01:21','2022-04-20 20:19:49'),(3975,0,'en','plugins/payment/payment','address','Address','2022-04-20 20:01:21','2022-04-20 20:19:49'),(3976,0,'en','plugins/payment/payment','could_not_get_stripe_token','Could not get Stripe token to make a charge.','2022-04-20 20:01:21','2022-04-20 20:19:49'),(3977,0,'en','plugins/payment/payment','payment_id','Payment ID','2022-04-20 20:01:21','2022-04-20 20:19:49'),(3978,0,'en','plugins/payment/payment','payment_methods','Payment methods','2022-04-20 20:01:21','2022-04-20 20:19:49'),(3979,0,'en','plugins/payment/payment','transactions','Transactions','2022-04-20 20:01:21','2022-04-20 20:19:49'),(3980,0,'en','plugins/payment/payment','payment_methods_description','Setup payment methods for website','2022-04-20 20:01:21','2022-04-20 20:19:49'),(3981,0,'en','plugins/payment/payment','paypal_description','Customer can buy product and pay directly via PayPal','2022-04-20 20:01:21','2022-04-20 20:19:49'),(3982,0,'en','plugins/payment/payment','use','Use','2022-04-20 20:01:21','2022-04-20 20:19:49'),(3983,0,'en','plugins/payment/payment','stripe_description','Customer can buy product and pay directly using Visa, Credit card via Stripe','2022-04-20 20:01:21','2022-04-20 20:19:49'),(3984,0,'en','plugins/payment/payment','edit','Edit','2022-04-20 20:01:21','2022-04-20 20:19:49'),(3985,0,'en','plugins/payment/payment','settings','Settings','2022-04-20 20:01:21','2022-04-20 20:19:49'),(3986,0,'en','plugins/payment/payment','activate','Activate','2022-04-20 20:01:21','2022-04-20 20:19:49'),(3987,0,'en','plugins/payment/payment','deactivate','Deactivate','2022-04-20 20:01:21','2022-04-20 20:19:49'),(3988,0,'en','plugins/payment/payment','update','Update','2022-04-20 20:01:21','2022-04-20 20:19:49'),(3989,0,'en','plugins/payment/payment','configuration_instruction','Configuration instruction for :name','2022-04-20 20:01:21','2022-04-20 20:19:49'),(3990,0,'en','plugins/payment/payment','configuration_requirement','To use :name, you need','2022-04-20 20:01:21','2022-04-20 20:19:49'),(3991,0,'en','plugins/payment/payment','service_registration','Register with :name','2022-04-20 20:01:21','2022-04-20 20:19:49'),(3992,0,'en','plugins/payment/payment','after_service_registration_msg','After registration at :name, you will have Client ID, Client Secret','2022-04-20 20:01:21','2022-04-20 20:19:49'),(3993,0,'en','plugins/payment/payment','enter_client_id_and_secret','Enter Client ID, Secret into the box in right hand','2022-04-20 20:01:21','2022-04-20 20:19:49'),(3994,0,'en','plugins/payment/payment','method_name','Method name','2022-04-20 20:01:21','2022-04-20 20:19:49'),(3995,0,'en','plugins/payment/payment','please_provide_information','Please provide information','2022-04-20 20:01:21','2022-04-20 20:19:49'),(3996,0,'en','plugins/payment/payment','client_id','Client ID','2022-04-20 20:01:21','2022-04-20 20:19:49'),(3997,0,'en','plugins/payment/payment','client_secret','Client Secret','2022-04-20 20:01:21','2022-04-20 20:19:49'),(3998,0,'en','plugins/payment/payment','secret','Secret','2022-04-20 20:01:21','2022-04-20 20:19:49'),(3999,0,'en','plugins/payment/payment','stripe_key','Stripe Public Key','2022-04-20 20:01:21','2022-04-20 20:19:49'),(4000,0,'en','plugins/payment/payment','stripe_secret','Stripe Private Key','2022-04-20 20:01:21','2022-04-20 20:19:49'),(4001,0,'en','plugins/payment/payment','stripe_after_service_registration_msg','After registration at :name, you will have Public, Secret keys','2022-04-20 20:01:21','2022-04-20 20:19:49'),(4002,0,'en','plugins/payment/payment','stripe_enter_client_id_and_secret','Enter Public, Secret keys into the box in right hand','2022-04-20 20:01:21','2022-04-20 20:19:49'),(4003,0,'en','plugins/payment/payment','pay_online_via','Pay online via :name','2022-04-20 20:01:21','2022-04-20 20:19:49'),(4004,0,'en','plugins/payment/payment','sandbox_mode','Sandbox mode','2022-04-20 20:01:21','2022-04-20 20:19:49'),(4005,0,'en','plugins/payment/payment','deactivate_payment_method','Deactivate payment method','2022-04-20 20:01:21','2022-04-20 20:19:49'),(4006,0,'en','plugins/payment/payment','deactivate_payment_method_description','Do you really want to deactivate this payment method?','2022-04-20 20:01:21','2022-04-20 20:19:49'),(4007,0,'en','plugins/payment/payment','agree','Agree','2022-04-20 20:01:21','2022-04-20 20:19:49'),(4008,0,'en','plugins/payment/payment','name','Payments','2022-04-20 20:01:21','2022-04-20 20:19:49'),(4009,0,'en','plugins/payment/payment','create','New payment','2022-04-20 20:01:21','2022-04-20 20:19:49'),(4010,0,'en','plugins/payment/payment','go_back','Go back','2022-04-20 20:01:21','2022-04-20 20:19:49'),(4011,0,'en','plugins/payment/payment','information','Information','2022-04-20 20:01:21','2022-04-20 20:19:49'),(4012,0,'en','plugins/payment/payment','methods.paypal','PayPal','2022-04-20 20:01:21','2022-04-20 20:19:49'),(4013,0,'en','plugins/payment/payment','methods.stripe','Stripe','2022-04-20 20:01:21','2022-04-20 20:19:49'),(4014,0,'en','plugins/payment/payment','methods.cod','Cash on delivery (COD)','2022-04-20 20:01:21','2022-04-20 20:19:49'),(4015,0,'en','plugins/payment/payment','methods.bank_transfer','Bank transfer','2022-04-20 20:01:21','2022-04-20 20:19:49'),(4016,0,'en','plugins/payment/payment','statuses.pending','Pending','2022-04-20 20:01:21','2022-04-20 20:19:49'),(4017,0,'en','plugins/payment/payment','statuses.completed','Completed','2022-04-20 20:01:21','2022-04-20 20:19:49'),(4018,0,'en','plugins/payment/payment','statuses.refunding','Refunding','2022-04-20 20:01:21','2022-04-20 20:19:49'),(4019,0,'en','plugins/payment/payment','statuses.refunded','Refunded','2022-04-20 20:01:21','2022-04-20 20:19:49'),(4020,0,'en','plugins/payment/payment','statuses.fraud','Fraud','2022-04-20 20:01:21','2022-04-20 20:19:49'),(4021,0,'en','plugins/payment/payment','statuses.failed','Failed','2022-04-20 20:01:21','2022-04-20 20:19:49'),(4022,0,'en','plugins/payment/payment','payment_methods_instruction','Guide customers to pay directly. You can choose to pay by delivery or bank transfer','2022-04-20 20:01:21','2022-04-20 20:19:49'),(4023,0,'en','plugins/payment/payment','payment_method_description','Payment guide - (Displayed on the notice of successful purchase and payment page)','2022-04-20 20:01:21','2022-04-20 20:19:49'),(4024,0,'en','plugins/payment/payment','payment_via_cod','Cash on delivery (COD)','2022-04-20 20:01:21','2022-04-20 20:19:49'),(4025,0,'en','plugins/payment/payment','payment_via_bank_transfer','Bank transfer','2022-04-20 20:01:22','2022-04-20 20:19:49'),(4026,0,'en','plugins/payment/payment','payment_pending','Checkout successfully. Your payment is pending and will be checked by our staff.','2022-04-20 20:01:22','2022-04-20 20:19:49'),(4027,0,'en','plugins/payment/payment','created_at','Created At','2022-04-20 20:01:22','2022-04-20 20:19:49'),(4028,0,'en','plugins/payment/payment','payment_channel','Payment Channel','2022-04-20 20:01:22','2022-04-20 20:19:49'),(4029,0,'en','plugins/payment/payment','total','Total','2022-04-20 20:01:22','2022-04-20 20:19:49'),(4030,0,'en','plugins/payment/payment','status','Status','2022-04-20 20:01:22','2022-04-20 20:19:49'),(4031,0,'en','plugins/payment/payment','default_payment_method','Default payment method','2022-04-20 20:01:22','2022-04-20 20:19:49'),(4032,0,'en','plugins/payment/payment','turn_off_success','Turn off payment method successfully!','2022-04-20 20:01:22','2022-04-20 20:19:49'),(4033,0,'en','plugins/payment/payment','saved_payment_method_success','Saved payment method successfully!','2022-04-20 20:01:22','2022-04-20 20:19:49'),(4034,0,'en','plugins/payment/payment','saved_payment_settings_success','Saved payment settings successfully!','2022-04-20 20:01:22','2022-04-20 20:19:49'),(4035,0,'en','plugins/payment/payment','payment_name','Name','2022-04-20 20:01:22','2022-04-20 20:19:49'),(4036,0,'en','plugins/payment/payment','callback_url','Callback URL','2022-04-20 20:01:22','2022-04-20 20:19:49'),(4037,0,'en','plugins/payment/payment','return_url','Return URL','2022-04-20 20:01:22','2022-04-20 20:19:49'),(4038,0,'en','plugins/payment/payment','payment_not_found','Payment not found!','2022-04-20 20:01:22','2022-04-20 20:19:49'),(4039,0,'en','plugins/payment/payment','refunds.title','Refunds','2022-04-20 20:01:22','2022-04-20 20:19:49'),(4040,0,'en','plugins/payment/payment','refunds.id','ID','2022-04-20 20:01:22','2022-04-20 20:19:49'),(4041,0,'en','plugins/payment/payment','refunds.breakdowns','Breakdowns','2022-04-20 20:01:22','2022-04-20 20:19:49'),(4042,0,'en','plugins/payment/payment','refunds.gross_amount','Gross amount','2022-04-20 20:01:22','2022-04-20 20:19:49'),(4043,0,'en','plugins/payment/payment','refunds.paypal_fee','PayPal fee','2022-04-20 20:01:22','2022-04-20 20:19:49'),(4044,0,'en','plugins/payment/payment','refunds.net_amount','Net amount','2022-04-20 20:01:22','2022-04-20 20:19:49'),(4045,0,'en','plugins/payment/payment','refunds.total_refunded_amount','Total refunded amount','2022-04-20 20:01:22','2022-04-20 20:19:49'),(4046,0,'en','plugins/payment/payment','refunds.create_time','Create time','2022-04-20 20:01:22','2022-04-20 20:19:49'),(4047,0,'en','plugins/payment/payment','refunds.update_time','Update time','2022-04-20 20:01:22','2022-04-20 20:19:49'),(4048,0,'en','plugins/payment/payment','refunds.status','Status','2022-04-20 20:01:22','2022-04-20 20:19:49'),(4049,0,'en','plugins/payment/payment','refunds.description','Description','2022-04-20 20:01:22','2022-04-20 20:19:49'),(4050,0,'en','plugins/payment/payment','refunds.refunded_at','Refunded at','2022-04-20 20:01:22','2022-04-20 20:19:49'),(4051,0,'en','plugins/payment/payment','refunds.error_message','Error message','2022-04-20 20:01:22','2022-04-20 20:19:49'),(4052,0,'en','plugins/payment/payment','view_response_source','View response source','2022-04-20 20:01:22','2022-04-20 20:19:49'),(4053,0,'en','plugins/payment/payment','status_is_not_completed','Status is not COMPLETED','2022-04-20 20:01:22','2022-04-20 20:19:49'),(4054,0,'en','plugins/payment/payment','cannot_found_capture_id','Can not found capture id with payment detail','2022-04-20 20:01:22','2022-04-20 20:19:49'),(4055,0,'en','plugins/payment/payment','amount_refunded','Amount refunded','2022-04-20 20:01:22','2022-04-20 20:19:49'),(4056,0,'en','plugins/payment/payment','amount_remaining','Amount remaining','2022-04-20 20:01:22','2022-04-20 20:19:49'),(4057,0,'en','plugins/payment/payment','paid_at','Paid At','2022-04-20 20:01:22','2022-04-20 20:19:49'),(4058,0,'en','plugins/payment/payment','invalid_settings','Settings for :name are invalid!','2022-04-20 20:01:22','2022-04-20 20:19:49'),(4059,0,'en','plugins/payment/payment','view_transaction','Transaction \":charge_id\"','2022-04-20 20:01:22','2022-04-20 20:19:49'),(4060,0,'en','plugins/payment/payment','payment_description','Pay for your order #:order_id at :site_url','2022-04-20 20:01:22','2022-04-20 20:19:49'),(4061,0,'vi','plugins/payment/payment','payments','Thanh toán','2022-04-20 20:01:22','2022-04-20 20:19:49'),(4062,0,'vi','plugins/payment/payment','checkout_success','Thanh toán thành công!','2022-04-20 20:01:22','2022-04-20 20:19:49'),(4063,0,'vi','plugins/payment/payment','view_payment','Xem thanh toán #','2022-04-20 20:01:22','2022-04-20 20:19:49'),(4064,0,'vi','plugins/payment/payment','charge_id','Mã thanh toán','2022-04-20 20:01:22','2022-04-20 20:19:49'),(4065,0,'vi','plugins/payment/payment','amount','Số tiền','2022-04-20 20:01:22','2022-04-20 20:19:49'),(4066,0,'vi','plugins/payment/payment','currency','Loại tiền tệ','2022-04-20 20:01:22','2022-04-20 20:19:49'),(4067,0,'vi','plugins/payment/payment','user','Người dùng','2022-04-20 20:01:22','2022-04-20 20:19:49'),(4068,0,'vi','plugins/payment/payment','stripe','Stripe','2022-04-20 20:01:22','2022-04-20 20:19:49'),(4069,0,'vi','plugins/payment/payment','paypal','PayPal','2022-04-20 20:01:22','2022-04-20 20:19:49'),(4070,0,'vi','plugins/payment/payment','action','Hành động','2022-04-20 20:01:22','2022-04-20 20:19:49'),(4071,0,'vi','plugins/payment/payment','payment_via_card','Thanh toán qua thẻ','2022-04-20 20:01:22','2022-04-20 20:19:49'),(4072,0,'vi','plugins/payment/payment','card_number','Số thẻ','2022-04-20 20:01:22','2022-04-20 20:19:49'),(4073,0,'vi','plugins/payment/payment','full_name','Họ tên','2022-04-20 20:01:22','2022-04-20 20:19:49'),(4074,0,'vi','plugins/payment/payment','payment_via_paypal','Thanh toán qua PayPal','2022-04-20 20:01:22','2022-04-20 20:19:49'),(4075,0,'vi','plugins/payment/payment','mm_yy','MM/YY','2022-04-20 20:01:22','2022-04-20 20:19:49'),(4076,0,'vi','plugins/payment/payment','cvc','CVC','2022-04-20 20:01:22','2022-04-20 20:19:49'),(4077,0,'vi','plugins/payment/payment','details','Chi tiết','2022-04-20 20:01:22','2022-04-20 20:19:49'),(4078,0,'vi','plugins/payment/payment','payer_name','Tên người mua','2022-04-20 20:01:22','2022-04-20 20:19:49'),(4079,0,'vi','plugins/payment/payment','email','Email','2022-04-20 20:01:22','2022-04-20 20:19:49'),(4080,0,'vi','plugins/payment/payment','phone','Điện thoại','2022-04-20 20:01:22','2022-04-20 20:19:49'),(4081,0,'vi','plugins/payment/payment','country','Quốc gia','2022-04-20 20:01:22','2022-04-20 20:19:49'),(4082,0,'vi','plugins/payment/payment','shipping_address','Địa chỉ giao hàng','2022-04-20 20:01:22','2022-04-20 20:19:49'),(4083,0,'vi','plugins/payment/payment','payment_details','Chi tiết thanh toán','2022-04-20 20:01:22','2022-04-20 20:19:49'),(4084,0,'vi','plugins/payment/payment','card','Thẻ','2022-04-20 20:01:22','2022-04-20 20:19:49'),(4085,0,'vi','plugins/payment/payment','address','Địa chỉ','2022-04-20 20:01:22','2022-04-20 20:19:49'),(4086,0,'vi','plugins/payment/payment','could_not_get_stripe_token','Không thể lấy mã Stripe để thanh toán.','2022-04-20 20:01:22','2022-04-20 20:19:49'),(4087,0,'vi','plugins/payment/payment','payment_id','Mã thanh toán','2022-04-20 20:01:22','2022-04-20 20:19:49'),(4088,0,'vi','plugins/payment/payment','payment_methods','Phương thức thanh toán','2022-04-20 20:01:22','2022-04-20 20:19:49'),(4089,0,'vi','plugins/payment/payment','transactions','Lịch sử giao dịch','2022-04-20 20:01:22','2022-04-20 20:19:49'),(4090,0,'vi','plugins/payment/payment','payment_methods_description','Cài đặt các phương thức thanh toán cho website','2022-04-20 20:01:22','2022-04-20 20:19:49'),(4091,0,'vi','plugins/payment/payment','paypal_description','Khách hàng có thể mua hàng và thanh toán trực tiếp thông qua cổng thanh toán PayPal','2022-04-20 20:01:22','2022-04-20 20:19:49'),(4092,0,'vi','plugins/payment/payment','use','Dùng','2022-04-20 20:01:22','2022-04-20 20:19:49'),(4093,0,'vi','plugins/payment/payment','stripe_description','Khách hàng có thể mua hàng và thanh toán bằng Visa, Credit card thông qua cổng thanh toán Stripe','2022-04-20 20:01:22','2022-04-20 20:19:49'),(4094,0,'vi','plugins/payment/payment','edit','Chỉnh sửa','2022-04-20 20:01:22','2022-04-20 20:19:49'),(4095,0,'vi','plugins/payment/payment','settings','Cài đặt','2022-04-20 20:01:22','2022-04-20 20:19:49'),(4096,0,'vi','plugins/payment/payment','activate','Kích hoạt','2022-04-20 20:01:22','2022-04-20 20:19:49'),(4097,0,'vi','plugins/payment/payment','deactivate','Huỷ kích hoạt','2022-04-20 20:01:22','2022-04-20 20:19:49'),(4098,0,'vi','plugins/payment/payment','update','Cập nhật','2022-04-20 20:01:22','2022-04-20 20:19:49'),(4099,0,'vi','plugins/payment/payment','configuration_instruction','Hướng dẫn cấu hình :name','2022-04-20 20:01:22','2022-04-20 20:19:49'),(4100,0,'vi','plugins/payment/payment','configuration_requirement','Để sử dụng :name bạn cần','2022-04-20 20:01:22','2022-04-20 20:19:49'),(4101,0,'vi','plugins/payment/payment','service_registration','Đăng ký dịch vụ với :name','2022-04-20 20:01:22','2022-04-20 20:19:49'),(4102,0,'vi','plugins/payment/payment','after_service_registration_msg','Sau khi hoàn tất các bước đăng ký tại :name, bạn sẽ có các thông số Client ID, Client Secret','2022-04-20 20:01:22','2022-04-20 20:19:49'),(4103,0,'vi','plugins/payment/payment','enter_client_id_and_secret','Nhập các thông số Client ID, Secret vào ô bên phải','2022-04-20 20:01:22','2022-04-20 20:19:49'),(4104,0,'vi','plugins/payment/payment','method_name','Tên phương thức','2022-04-20 20:01:22','2022-04-20 20:19:49'),(4105,0,'vi','plugins/payment/payment','please_provide_information','Xin vui lòng cung cấp thông tin','2022-04-20 20:01:22','2022-04-20 20:19:49'),(4106,0,'vi','plugins/payment/payment','client_id','Client ID','2022-04-20 20:01:22','2022-04-20 20:19:49'),(4107,0,'vi','plugins/payment/payment','client_secret','Client Secret','2022-04-20 20:01:22','2022-04-20 20:19:49'),(4108,0,'vi','plugins/payment/payment','stripe_key','Stripe Key','2022-04-20 20:01:22','2022-04-20 20:19:49'),(4109,0,'vi','plugins/payment/payment','stripe_secret','Stripe Secret','2022-04-20 20:01:22','2022-04-20 20:19:49'),(4110,0,'vi','plugins/payment/payment','stripe_after_service_registration_msg','After registration at :name, you will have Public, Secret keys','2022-04-20 20:01:22','2022-04-20 20:19:49'),(4111,0,'vi','plugins/payment/payment','stripe_enter_client_id_and_secret','Enter Public, Secret keys into the box in right hand','2022-04-20 20:01:22','2022-04-20 20:19:49'),(4112,0,'vi','plugins/payment/payment','secret','Secret','2022-04-20 20:01:22','2022-04-20 20:19:49'),(4113,0,'vi','plugins/payment/payment','pay_online_via','Thanh toán online qua :name','2022-04-20 20:01:22','2022-04-20 20:19:49'),(4114,0,'vi','plugins/payment/payment','sandbox_mode','Chế độ thử nghiệm','2022-04-20 20:01:22','2022-04-20 20:19:49'),(4115,0,'vi','plugins/payment/payment','deactivate_payment_method','Huỷ kích hoạt phương thức','2022-04-20 20:01:22','2022-04-20 20:19:49'),(4116,0,'vi','plugins/payment/payment','deactivate_payment_method_description','Bạn có chắc chắn muốn huỷ phương thức thành toán này?','2022-04-20 20:01:22','2022-04-20 20:19:49'),(4117,0,'vi','plugins/payment/payment','agree','Đồng ý','2022-04-20 20:01:22','2022-04-20 20:19:49'),(4118,0,'vi','plugins/payment/payment','name','Thanh toán','2022-04-20 20:01:22','2022-04-20 20:19:49'),(4119,0,'vi','plugins/payment/payment','create','Thêm thanh toán mới','2022-04-20 20:01:22','2022-04-20 20:19:49'),(4120,0,'vi','plugins/payment/payment','go_back','Trở lại','2022-04-20 20:01:22','2022-04-20 20:19:49'),(4121,0,'vi','plugins/payment/payment','information','Thông tin','2022-04-20 20:01:22','2022-04-20 20:19:49'),(4122,0,'vi','plugins/payment/payment','methods.paypal','PayPal','2022-04-20 20:01:22','2022-04-20 20:19:49'),(4123,0,'vi','plugins/payment/payment','methods.stripe','Stripe','2022-04-20 20:01:22','2022-04-20 20:19:49'),(4124,0,'vi','plugins/payment/payment','methods.cod','Thanh toán khi giao hàng (COD)','2022-04-20 20:01:22','2022-04-20 20:19:49'),(4125,0,'vi','plugins/payment/payment','methods.bank_transfer','Chuyển khoản qua ngân hàng','2022-04-20 20:01:22','2022-04-20 20:19:49'),(4126,0,'vi','plugins/payment/payment','statuses.pending','Chưa hoàn tất','2022-04-20 20:01:22','2022-04-20 20:19:49'),(4127,0,'vi','plugins/payment/payment','statuses.completed','Đã hoàn thành','2022-04-20 20:01:22','2022-04-20 20:19:49'),(4128,0,'vi','plugins/payment/payment','statuses.refunding','Đang hoàn tiền','2022-04-20 20:01:22','2022-04-20 20:19:49'),(4129,0,'vi','plugins/payment/payment','statuses.refunded','Đã hoàn tiền','2022-04-20 20:01:22','2022-04-20 20:19:49'),(4130,0,'vi','plugins/payment/payment','statuses.fraud','Gian lận','2022-04-20 20:01:22','2022-04-20 20:19:49'),(4131,0,'vi','plugins/payment/payment','statuses.failed','Thất bại','2022-04-20 20:01:22','2022-04-20 20:19:49'),(4132,0,'vi','plugins/payment/payment','payment_methods_instruction','Hướng dẫn khách hàng thanh toán trực tiếp. Có thể chọn thanh toán khi giao hàng hoặc chuyển khoản','2022-04-20 20:01:22','2022-04-20 20:19:49'),(4133,0,'vi','plugins/payment/payment','payment_method_description','Hướng dẫn thanh toán – (Hiển thị ở trang thông báo mua hàng thành công và trang thanh toán)','2022-04-20 20:01:22','2022-04-20 20:19:49'),(4134,0,'vi','plugins/payment/payment','payment_via_cod','Thanh toán khi nhận hàng (COD)','2022-04-20 20:01:22','2022-04-20 20:19:49'),(4135,0,'vi','plugins/payment/payment','payment_via_bank_transfer','Chuyển khoản qua ngân hàng','2022-04-20 20:01:22','2022-04-20 20:19:49'),(4136,0,'vi','plugins/payment/payment','payment_pending','Thực hiện thành công. Thanh toán của bạn đang được xử lý và sẽ được xác nhận bởi nhân viên.','2022-04-20 20:01:22','2022-04-20 20:19:49'),(4137,0,'vi','plugins/payment/payment','created_at','Ngày tạo','2022-04-20 20:01:22','2022-04-20 20:19:49'),(4138,0,'vi','plugins/payment/payment','payment_channel','Phương thức thanh toán','2022-04-20 20:01:22','2022-04-20 20:19:49'),(4139,0,'vi','plugins/payment/payment','total','Tổng cộng','2022-04-20 20:01:22','2022-04-20 20:19:49'),(4140,0,'vi','plugins/payment/payment','status','Trạng thái','2022-04-20 20:01:22','2022-04-20 20:19:49'),(4141,0,'vi','plugins/payment/payment','default_payment_method','Phương thức thanh toán mặc định','2022-04-20 20:01:22','2022-04-20 20:19:49'),(4142,0,'en','plugins/simple-slider/simple-slider','create','New slider','2022-04-20 20:01:22','2022-04-20 20:19:49'),(4143,0,'en','plugins/simple-slider/simple-slider','edit','Edit slider','2022-04-20 20:01:22','2022-04-20 20:19:49'),(4144,0,'en','plugins/simple-slider/simple-slider','menu','Simple sliders','2022-04-20 20:01:22','2022-04-20 20:19:49'),(4145,0,'en','plugins/simple-slider/simple-slider','settings.title','Simple sliders','2022-04-20 20:01:22','2022-04-20 20:19:49'),(4146,0,'en','plugins/simple-slider/simple-slider','settings.description','Settings for Simple sliders','2022-04-20 20:01:22','2022-04-20 20:19:49'),(4147,0,'en','plugins/simple-slider/simple-slider','settings.using_assets','Using default assets?','2022-04-20 20:01:22','2022-04-20 20:19:49'),(4148,0,'en','plugins/simple-slider/simple-slider','settings.using_assets_description','If using assets option is enabled then below scripts will be auto added to front site.','2022-04-20 20:01:22','2022-04-20 20:19:49'),(4149,0,'en','plugins/simple-slider/simple-slider','add_new','Add new','2022-04-20 20:01:22','2022-04-20 20:19:49'),(4150,0,'en','plugins/simple-slider/simple-slider','save_sorting','Save sorting','2022-04-20 20:01:22','2022-04-20 20:19:49'),(4151,0,'en','plugins/simple-slider/simple-slider','key','Key','2022-04-20 20:01:22','2022-04-20 20:19:49'),(4152,0,'en','plugins/simple-slider/simple-slider','slide_items','Slide Items','2022-04-20 20:01:22','2022-04-20 20:19:49'),(4153,0,'en','plugins/simple-slider/simple-slider','update_slide_position_success','Updated slide position successfully!','2022-04-20 20:01:22','2022-04-20 20:19:49'),(4154,0,'en','plugins/simple-slider/simple-slider','create_new_slide','Create a new slide','2022-04-20 20:01:22','2022-04-20 20:19:49'),(4155,0,'en','plugins/simple-slider/simple-slider','edit_slide','Edit slide #:id','2022-04-20 20:01:22','2022-04-20 20:19:49'),(4156,0,'en','plugins/simple-slider/simple-slider','simple_slider_shortcode_name','Simple Slider','2022-04-20 20:01:22','2022-04-20 20:19:49'),(4157,0,'en','plugins/simple-slider/simple-slider','simple_slider_shortcode_description','Add a simple slider','2022-04-20 20:01:22','2022-04-20 20:19:49'),(4158,0,'en','plugins/simple-slider/simple-slider','select_slider','Select a slider','2022-04-20 20:01:22','2022-04-20 20:19:49'),(4159,0,'en','plugins/social-login/social-login','settings.title','Social Login settings','2022-04-20 20:01:22','2022-04-20 20:19:49'),(4160,0,'en','plugins/social-login/social-login','settings.description','Configure social login options','2022-04-20 20:01:22','2022-04-20 20:19:49'),(4161,0,'en','plugins/social-login/social-login','settings.facebook.title','Facebook login settings','2022-04-20 20:01:22','2022-04-20 20:19:49'),(4162,0,'en','plugins/social-login/social-login','settings.facebook.description','Enable/disable & configure app credentials for Facebook login','2022-04-20 20:01:22','2022-04-20 20:19:49'),(4163,0,'en','plugins/social-login/social-login','settings.facebook.app_id','App ID','2022-04-20 20:01:22','2022-04-20 20:19:49'),(4164,0,'en','plugins/social-login/social-login','settings.facebook.app_secret','App Secret','2022-04-20 20:01:22','2022-04-20 20:19:49'),(4165,0,'en','plugins/social-login/social-login','settings.facebook.helper','Please go to https://developers.facebook.com to create new app update App ID, App Secret. Callback URL is :callback','2022-04-20 20:01:22','2022-04-20 20:19:49'),(4166,0,'en','plugins/social-login/social-login','settings.google.title','Google login settings','2022-04-20 20:01:22','2022-04-20 20:19:49'),(4167,0,'en','plugins/social-login/social-login','settings.google.description','Enable/disable & configure app credentials for Google login','2022-04-20 20:01:22','2022-04-20 20:19:49'),(4168,0,'en','plugins/social-login/social-login','settings.google.app_id','App ID','2022-04-20 20:01:22','2022-04-20 20:19:49'),(4169,0,'en','plugins/social-login/social-login','settings.google.app_secret','App Secret','2022-04-20 20:01:22','2022-04-20 20:19:49'),(4170,0,'en','plugins/social-login/social-login','settings.google.helper','Please go to https://console.developers.google.com/apis/dashboard to create new app update App ID, App Secret. Callback URL is :callback','2022-04-20 20:01:22','2022-04-20 20:19:49'),(4171,0,'en','plugins/social-login/social-login','settings.github.title','Github login settings','2022-04-20 20:01:22','2022-04-20 20:19:49'),(4172,0,'en','plugins/social-login/social-login','settings.github.description','Enable/disable & configure app credentials for Github login','2022-04-20 20:01:22','2022-04-20 20:19:49'),(4173,0,'en','plugins/social-login/social-login','settings.github.app_id','App ID','2022-04-20 20:01:22','2022-04-20 20:19:49'),(4174,0,'en','plugins/social-login/social-login','settings.github.app_secret','App Secret','2022-04-20 20:01:22','2022-04-20 20:19:49'),(4175,0,'en','plugins/social-login/social-login','settings.github.helper','Please go to https://github.com/settings/developers to create new app update App ID, App Secret. Callback URL is :callback','2022-04-20 20:01:22','2022-04-20 20:19:49'),(4176,0,'en','plugins/social-login/social-login','settings.linkedin.title','Linkedin login settings','2022-04-20 20:01:22','2022-04-20 20:19:49'),(4177,0,'en','plugins/social-login/social-login','settings.linkedin.description','Enable/disable & configure app credentials for Linkedin login','2022-04-20 20:01:22','2022-04-20 20:19:49'),(4178,0,'en','plugins/social-login/social-login','settings.linkedin.app_id','App ID','2022-04-20 20:01:22','2022-04-20 20:19:49'),(4179,0,'en','plugins/social-login/social-login','settings.linkedin.app_secret','App Secret','2022-04-20 20:01:22','2022-04-20 20:19:49'),(4180,0,'en','plugins/social-login/social-login','settings.linkedin.helper','Please go to https://www.linkedin.com/developers/apps/new to create new app update App ID, App Secret. Callback URL is :callback','2022-04-20 20:01:22','2022-04-20 20:19:49'),(4181,0,'en','plugins/social-login/social-login','settings.enable','Enable?','2022-04-20 20:01:22','2022-04-20 20:19:49'),(4182,0,'en','plugins/social-login/social-login','menu','Social Login','2022-04-20 20:01:22','2022-04-20 20:19:49'),(4183,0,'en','plugins/translation/translation','translations','Translations','2022-04-20 20:01:22','2022-04-20 20:19:49'),(4184,0,'en','plugins/translation/translation','translations_description','Translate all words in system.','2022-04-20 20:01:22','2022-04-20 20:19:49'),(4185,0,'en','plugins/translation/translation','export_warning','Warning, translations are not visible until they are exported back to the resources/lang file, using \'php artisan cms:translations:export\' command or publish button.','2022-04-20 20:01:22','2022-04-20 20:19:49'),(4186,0,'en','plugins/translation/translation','import_done','Done importing, processed :counter items! Reload this page to refresh the groups!','2022-04-20 20:01:22','2022-04-20 20:19:49'),(4187,0,'en','plugins/translation/translation','translation_manager','Translations Manager','2022-04-20 20:01:22','2022-04-20 20:19:49'),(4188,0,'en','plugins/translation/translation','done_publishing','Done publishing the translations for group','2022-04-20 20:01:22','2022-04-20 20:19:49'),(4189,0,'en','plugins/translation/translation','append_translation','Append new translations','2022-04-20 20:01:22','2022-04-20 20:19:49'),(4190,0,'en','plugins/translation/translation','replace_translation','Replace existing translations','2022-04-20 20:01:22','2022-04-20 20:19:49'),(4191,0,'en','plugins/translation/translation','import_group','Import group','2022-04-20 20:01:22','2022-04-20 20:19:49'),(4192,0,'en','plugins/translation/translation','confirm_publish_group','Are you sure you want to publish the translations group \":group\"? This will overwrite existing language files.','2022-04-20 20:01:22','2022-04-20 20:19:49'),(4193,0,'en','plugins/translation/translation','publish_translations','Publish translations','2022-04-20 20:01:22','2022-04-20 20:19:49'),(4194,0,'en','plugins/translation/translation','back','Back','2022-04-20 20:01:22','2022-04-20 20:19:49'),(4195,0,'en','plugins/translation/translation','edit_title','Enter translation','2022-04-20 20:01:22','2022-04-20 20:19:49'),(4196,0,'en','plugins/translation/translation','choose_group_msg','Choose a group to display the group translations. If no groups are visible, make sure you have imported the translations.','2022-04-20 20:01:22','2022-04-20 20:19:49'),(4197,0,'en','plugins/translation/translation','choose_a_group','Choose a group','2022-04-20 20:01:22','2022-04-20 20:19:49'),(4198,0,'en','plugins/translation/translation','locales','Locales','2022-04-20 20:01:22','2022-04-20 20:19:49'),(4199,0,'en','plugins/translation/translation','theme-translations','Theme translations','2022-04-20 20:01:22','2022-04-20 20:19:49'),(4200,0,'en','plugins/translation/translation','admin-translations','Other translations','2022-04-20 20:01:22','2022-04-20 20:19:49'),(4201,0,'en','plugins/translation/translation','translate_from','Translate from','2022-04-20 20:01:22','2022-04-20 20:19:49'),(4202,0,'en','plugins/translation/translation','to','to','2022-04-20 20:01:22','2022-04-20 20:19:49'),(4203,0,'en','plugins/translation/translation','no_other_languages','No other language to translate!','2022-04-20 20:01:22','2022-04-20 20:19:49'),(4204,0,'en','plugins/translation/translation','edit','Edit','2022-04-20 20:01:22','2022-04-20 20:19:49'),(4205,0,'en','plugins/translation/translation','locale','Locale','2022-04-20 20:01:22','2022-04-20 20:19:49'),(4206,0,'en','plugins/translation/translation','locale_placeholder','Ex: en','2022-04-20 20:01:22','2022-04-20 20:19:49'),(4207,0,'en','plugins/translation/translation','name','Name','2022-04-20 20:01:22','2022-04-20 20:19:49'),(4208,0,'en','plugins/translation/translation','default_locale','Default locale?','2022-04-20 20:01:22','2022-04-20 20:19:49'),(4209,0,'en','plugins/translation/translation','actions','Actions','2022-04-20 20:01:22','2022-04-20 20:19:49'),(4210,0,'en','plugins/translation/translation','choose_language','Choose language','2022-04-20 20:01:22','2022-04-20 20:19:49'),(4211,0,'en','plugins/translation/translation','add_new_language','Add new language','2022-04-20 20:01:22','2022-04-20 20:19:49'),(4212,0,'en','plugins/translation/translation','select_language','Select language','2022-04-20 20:01:22','2022-04-20 20:19:49'),(4213,0,'en','plugins/translation/translation','flag','Flag','2022-04-20 20:01:22','2022-04-20 20:19:49'),(4214,0,'en','plugins/translation/translation','folder_is_not_writeable','Cannot write files! Folder /resources/lang is not writable. Please chmod to make it writable!','2022-04-20 20:01:22','2022-04-20 20:19:49'),(4215,0,'en','plugins/translation/translation','delete','Delete','2022-04-20 20:01:22','2022-04-20 20:19:49'),(4216,0,'en','plugins/translation/translation','confirm_delete_message','Do you really want to delete this locale? It will delete all files/folders for this local in /resources/lang!','2022-04-20 20:01:22','2022-04-20 20:19:49'),(4217,0,'en','plugins/translation/translation','download','Download','2022-04-20 20:01:22','2022-04-20 20:19:49'),(4218,0,'en','plugins/translation/translation','select_locale','Select locale','2022-04-20 20:01:22','2022-04-20 20:19:49'),(4219,0,'en','plugins/translation/translation','theme_translations_instruction','Click on text to translate. Do NOT translate variables, Eg. :username, :query, :link...','2022-04-20 20:01:22','2022-04-20 20:19:49'),(4220,0,'vi','auth','failed','Không tìm thấy thông tin đăng nhập hợp lệ.','2022-04-20 20:01:22','2022-04-20 20:19:45'),(4221,0,'vi','auth','throttle','Đăng nhập không đúng quá nhiều lần. Vui lòng thử lại sau :seconds giây.','2022-04-20 20:01:22','2022-04-20 20:19:45'),(4222,0,'vi','auth','password','Mật khẩu không chính xác','2022-04-20 20:01:22','2022-04-20 20:19:45'),(4223,0,'vi','pagination','previous','&laquo; Trước','2022-04-20 20:01:22','2022-04-20 20:19:45'),(4224,0,'vi','pagination','next','Sau &raquo;','2022-04-20 20:01:23','2022-04-20 20:19:45'),(4225,0,'vi','passwords','reset','Mật khẩu đã được cập nhật!','2022-04-20 20:01:23','2022-04-20 20:19:45'),(4226,0,'vi','passwords','sent','Chúng tôi đã gửi cho bạn đường dẫn thay đổi mật khẩu!','2022-04-20 20:01:23','2022-04-20 20:19:45'),(4227,0,'vi','passwords','token','Mã xác nhận mật khẩu không hợp lệ.','2022-04-20 20:01:23','2022-04-20 20:19:45'),(4228,0,'vi','passwords','user','Không tìm thấy thành viên với địa chỉ email này.','2022-04-20 20:01:23','2022-04-20 20:19:45'),(4229,0,'vi','validation','accepted','Trường :attribute phải được chấp nhận.','2022-04-20 20:01:23','2022-04-20 20:19:45'),(4230,0,'vi','validation','active_url','Trường :attribute không phải là một URL hợp lệ.','2022-04-20 20:01:23','2022-04-20 20:19:45'),(4231,0,'vi','validation','after','Trường :attribute phải là một ngày sau ngày :date.','2022-04-20 20:01:23','2022-04-20 20:19:45'),(4232,0,'vi','validation','after_or_equal','Trường :attribute phải là thời gian bắt đầu sau hoặc đúng bằng :date.','2022-04-20 20:01:23','2022-04-20 20:19:45'),(4233,0,'vi','validation','alpha','Trường :attribute chỉ có thể chứa các chữ cái.','2022-04-20 20:01:23','2022-04-20 20:19:45'),(4234,0,'vi','validation','alpha_dash','Trường :attribute chỉ có thể chứa chữ cái, số và dấu gạch ngang.','2022-04-20 20:01:23','2022-04-20 20:19:45'),(4235,0,'vi','validation','alpha_num','Trường :attribute chỉ có thể chứa chữ cái và số.','2022-04-20 20:01:23','2022-04-20 20:19:45'),(4236,0,'vi','validation','array','Trường :attribute phải là dạng mảng.','2022-04-20 20:01:23','2022-04-20 20:19:45'),(4237,0,'vi','validation','before','Trường :attribute phải là một ngày trước ngày :date.','2022-04-20 20:01:23','2022-04-20 20:19:45'),(4238,0,'vi','validation','before_or_equal','Trường :attribute phải là thời gian bắt đầu trước hoặc đúng bằng :date.','2022-04-20 20:01:23','2022-04-20 20:19:45'),(4239,0,'vi','validation','between.array','Trường :attribute phải có từ :min - :max phần tử.','2022-04-20 20:01:23','2022-04-20 20:19:45'),(4240,0,'vi','validation','between.file','Dung lượng tập tin trong trường :attribute phải từ :min - :max kB.','2022-04-20 20:01:23','2022-04-20 20:19:45'),(4241,0,'vi','validation','between.numeric','Trường :attribute phải nằm trong khoảng :min - :max.','2022-04-20 20:01:23','2022-04-20 20:19:45'),(4242,0,'vi','validation','between.string','Trường :attribute phải từ :min - :max kí tự.','2022-04-20 20:01:23','2022-04-20 20:19:45'),(4243,0,'vi','validation','boolean','Trường :attribute phải là true hoặc false.','2022-04-20 20:01:23','2022-04-20 20:19:45'),(4244,0,'vi','validation','confirmed','Giá trị xác nhận trong trường :attribute không khớp.','2022-04-20 20:01:23','2022-04-20 20:19:45'),(4245,0,'vi','validation','date','Trường :attribute không phải là định dạng của ngày-tháng.','2022-04-20 20:01:23','2022-04-20 20:19:45'),(4246,0,'vi','validation','date_equals','Trường :attribute phải là một ngày bằng với :date.','2022-04-20 20:01:23','2022-04-20 20:19:45'),(4247,0,'vi','validation','date_format','Trường :attribute không giống với định dạng :format.','2022-04-20 20:01:23','2022-04-20 20:19:45'),(4248,0,'vi','validation','different','Trường :attribute và :other phải khác nhau.','2022-04-20 20:01:23','2022-04-20 20:19:45'),(4249,0,'vi','validation','digits','Độ dài của trường :attribute phải gồm :digits chữ số.','2022-04-20 20:01:23','2022-04-20 20:19:45'),(4250,0,'vi','validation','digits_between','Độ dài của trường :attribute phải nằm trong khoảng :min and :max chữ số.','2022-04-20 20:01:23','2022-04-20 20:19:45'),(4251,0,'vi','validation','dimensions','Trường :attribute có kích thước không hợp lệ.','2022-04-20 20:01:23','2022-04-20 20:19:45'),(4252,0,'vi','validation','distinct','Trường :attribute có giá trị trùng lặp.','2022-04-20 20:01:23','2022-04-20 20:19:45'),(4253,0,'vi','validation','email','Trường :attribute phải là một địa chỉ email hợp lệ.','2022-04-20 20:01:23','2022-04-20 20:19:45'),(4254,0,'vi','validation','ends_with','Trường :attribute phải kết thúc bằng một trong những giá trị sau: :values','2022-04-20 20:01:23','2022-04-20 20:19:45'),(4255,0,'vi','validation','exists','Giá trị đã chọn trong trường :attribute không hợp lệ.','2022-04-20 20:01:23','2022-04-20 20:19:45'),(4256,0,'vi','validation','file','Trường :attribute phải là một tệp tin.','2022-04-20 20:01:23','2022-04-20 20:19:45'),(4257,0,'vi','validation','filled','Trường :attribute không được bỏ trống.','2022-04-20 20:01:23','2022-04-20 20:19:45'),(4258,0,'vi','validation','gt.array','Mảng :attribute phải có nhiều hơn :value phần tử.','2022-04-20 20:01:23','2022-04-20 20:19:45'),(4259,0,'vi','validation','gt.file','Dung lượng trường :attribute phải lớn hơn :value kilobytes.','2022-04-20 20:01:23','2022-04-20 20:19:45'),(4260,0,'vi','validation','gt.numeric','Giá trị trường :attribute phải lớn hơn :value.','2022-04-20 20:01:23','2022-04-20 20:19:45'),(4261,0,'vi','validation','gt.string','Độ dài trường :attribute phải nhiều hơn :value kí tự.','2022-04-20 20:01:23','2022-04-20 20:19:45'),(4262,0,'vi','validation','gte.array','Mảng :attribute phải có ít nhất :value phần tử.','2022-04-20 20:01:23','2022-04-20 20:19:45'),(4263,0,'vi','validation','gte.file','Dung lượng trường :attribute phải lớn hơn hoặc bằng :value kilobytes.','2022-04-20 20:01:23','2022-04-20 20:19:45'),(4264,0,'vi','validation','gte.numeric','Giá trị trường :attribute phải lớn hơn hoặc bằng :value.','2022-04-20 20:01:23','2022-04-20 20:19:45'),(4265,0,'vi','validation','gte.string','Độ dài trường :attribute phải lớn hơn hoặc bằng :value kí tự.','2022-04-20 20:01:23','2022-04-20 20:19:45'),(4266,0,'vi','validation','image','Trường :attribute phải là định dạng hình ảnh.','2022-04-20 20:01:23','2022-04-20 20:19:45'),(4267,0,'vi','validation','in','Giá trị đã chọn trong trường :attribute không hợp lệ.','2022-04-20 20:01:23','2022-04-20 20:19:45'),(4268,0,'vi','validation','in_array','Trường :attribute phải thuộc tập cho phép: :other.','2022-04-20 20:01:23','2022-04-20 20:19:45'),(4269,0,'vi','validation','integer','Trường :attribute phải là một số nguyên.','2022-04-20 20:01:23','2022-04-20 20:19:45'),(4270,0,'vi','validation','ip','Trường :attribute phải là một địa chỉ IP.','2022-04-20 20:01:23','2022-04-20 20:19:45'),(4271,0,'vi','validation','ipv4','Trường :attribute phải là một địa chỉ IPv4.','2022-04-20 20:01:23','2022-04-20 20:19:45'),(4272,0,'vi','validation','ipv6','Trường :attribute phải là một địa chỉ IPv6.','2022-04-20 20:01:23','2022-04-20 20:19:45'),(4273,0,'vi','validation','json','Trường :attribute phải là một chuỗi JSON.','2022-04-20 20:01:23','2022-04-20 20:19:45'),(4274,0,'vi','validation','lt.array','Mảng :attribute phải có ít hơn :value phần tử.','2022-04-20 20:01:23','2022-04-20 20:19:45'),(4275,0,'vi','validation','lt.file','Dung lượng trường :attribute phải nhỏ hơn :value kilobytes.','2022-04-20 20:01:23','2022-04-20 20:19:45'),(4276,0,'vi','validation','lt.numeric','Giá trị trường :attribute phải nhỏ hơn :value.','2022-04-20 20:01:23','2022-04-20 20:19:45'),(4277,0,'vi','validation','lt.string','Độ dài trường :attribute phải nhỏ hơn :value kí tự.','2022-04-20 20:01:23','2022-04-20 20:19:45'),(4278,0,'vi','validation','lte.array','Mảng :attribute không được có nhiều hơn :value phần tử.','2022-04-20 20:01:23','2022-04-20 20:19:45'),(4279,0,'vi','validation','lte.file','Dung lượng trường :attribute phải nhỏ hơn hoặc bằng :value kilobytes.','2022-04-20 20:01:23','2022-04-20 20:19:45'),(4280,0,'vi','validation','lte.numeric','Giá trị trường :attribute phải nhỏ hơn hoặc bằng :value.','2022-04-20 20:01:23','2022-04-20 20:19:45'),(4281,0,'vi','validation','lte.string','Độ dài trường :attribute phải nhỏ hơn hoặc bằng :value kí tự.','2022-04-20 20:01:23','2022-04-20 20:19:45'),(4282,0,'vi','validation','max.array','Trường :attribute không được lớn hơn :max phần tử.','2022-04-20 20:01:23','2022-04-20 20:19:45'),(4283,0,'vi','validation','max.file','Dung lượng tập tin trong trường :attribute không được lớn hơn :max kB.','2022-04-20 20:01:23','2022-04-20 20:19:45'),(4284,0,'vi','validation','max.numeric','Trường :attribute không được lớn hơn :max.','2022-04-20 20:01:23','2022-04-20 20:19:45'),(4285,0,'vi','validation','max.string','Trường :attribute không được lớn hơn :max kí tự.','2022-04-20 20:01:23','2022-04-20 20:19:45'),(4286,0,'vi','validation','mimes','Trường :attribute phải là một tập tin có định dạng: :values.','2022-04-20 20:01:23','2022-04-20 20:19:45'),(4287,0,'vi','validation','mimetypes','Trường :attribute phải là một tập tin có định dạng: :values.','2022-04-20 20:01:23','2022-04-20 20:19:45'),(4288,0,'vi','validation','min.array','Trường :attribute phải có tối thiểu :min phần tử.','2022-04-20 20:01:23','2022-04-20 20:19:45'),(4289,0,'vi','validation','min.file','Dung lượng tập tin trong trường :attribute phải tối thiểu :min kB.','2022-04-20 20:01:23','2022-04-20 20:19:45'),(4290,0,'vi','validation','min.numeric','Trường :attribute phải tối thiểu là :min.','2022-04-20 20:01:23','2022-04-20 20:19:45'),(4291,0,'vi','validation','min.string','Trường :attribute phải có tối thiểu :min kí tự.','2022-04-20 20:01:23','2022-04-20 20:19:45'),(4292,0,'vi','validation','multiple_of','Trường :attribute phải là bội số của :value','2022-04-20 20:01:23','2022-04-20 20:19:45'),(4293,0,'vi','validation','not_in','Giá trị đã chọn trong trường :attribute không hợp lệ.','2022-04-20 20:01:23','2022-04-20 20:19:45'),(4294,0,'vi','validation','not_regex','Trường :attribute có định dạng không hợp lệ.','2022-04-20 20:01:23','2022-04-20 20:19:45'),(4295,0,'vi','validation','numeric','Trường :attribute phải là một số.','2022-04-20 20:01:23','2022-04-20 20:19:45'),(4296,0,'vi','validation','password','Mật khẩu không đúng.','2022-04-20 20:01:23','2022-04-20 20:19:45'),(4297,0,'vi','validation','present','Trường :attribute phải được cung cấp.','2022-04-20 20:01:23','2022-04-20 20:19:45'),(4298,0,'vi','validation','prohibited','Trường :attribute bị cấm.','2022-04-20 20:01:23','2022-04-20 20:19:45'),(4299,0,'vi','validation','prohibited_if','Trường :attribute bị cấm khi :other là :value.','2022-04-20 20:01:23','2022-04-20 20:19:45'),(4300,0,'vi','validation','prohibited_unless','Trường :attribute bị cấm trừ khi :other là một trong :values.','2022-04-20 20:01:23','2022-04-20 20:19:45'),(4301,0,'vi','validation','regex','Trường :attribute có định dạng không hợp lệ.','2022-04-20 20:01:23','2022-04-20 20:19:45'),(4302,0,'vi','validation','required','Trường :attribute không được bỏ trống.','2022-04-20 20:01:23','2022-04-20 20:19:45'),(4303,0,'vi','validation','required_if','Trường :attribute không được bỏ trống khi trường :other là :value.','2022-04-20 20:01:23','2022-04-20 20:19:45'),(4304,0,'vi','validation','required_unless','Trường :attribute không được bỏ trống trừ khi :other là :values.','2022-04-20 20:01:23','2022-04-20 20:19:45'),(4305,0,'vi','validation','required_with','Trường :attribute không được bỏ trống khi một trong :values có giá trị.','2022-04-20 20:01:23','2022-04-20 20:19:45'),(4306,0,'vi','validation','required_with_all','Trường :attribute không được bỏ trống khi tất cả :values có giá trị.','2022-04-20 20:01:23','2022-04-20 20:19:45'),(4307,0,'vi','validation','required_without','Trường :attribute không được bỏ trống khi một trong :values không có giá trị.','2022-04-20 20:01:23','2022-04-20 20:19:45'),(4308,0,'vi','validation','required_without_all','Trường :attribute không được bỏ trống khi tất cả :values không có giá trị.','2022-04-20 20:01:23','2022-04-20 20:19:45'),(4309,0,'vi','validation','same','Trường :attribute và :other phải giống nhau.','2022-04-20 20:01:23','2022-04-20 20:19:45'),(4310,0,'vi','validation','size.array','Trường :attribute phải chứa :size phần tử.','2022-04-20 20:01:23','2022-04-20 20:19:45'),(4311,0,'vi','validation','size.file','Dung lượng tập tin trong trường :attribute phải bằng :size kB.','2022-04-20 20:01:23','2022-04-20 20:19:45'),(4312,0,'vi','validation','size.numeric','Trường :attribute phải bằng :size.','2022-04-20 20:01:23','2022-04-20 20:19:45'),(4313,0,'vi','validation','size.string','Trường :attribute phải chứa :size kí tự.','2022-04-20 20:01:23','2022-04-20 20:19:45'),(4314,0,'vi','validation','starts_with','Trường :attribute phải được bắt đầu bằng một trong những giá trị sau: :values','2022-04-20 20:01:23','2022-04-20 20:19:45'),(4315,0,'vi','validation','string','Trường :attribute phải là một chuỗi kí tự.','2022-04-20 20:01:23','2022-04-20 20:19:45'),(4316,0,'vi','validation','timezone','Trường :attribute phải là một múi giờ hợp lệ.','2022-04-20 20:01:23','2022-04-20 20:19:45'),(4317,0,'vi','validation','unique','Trường :attribute đã có trong cơ sở dữ liệu.','2022-04-20 20:01:23','2022-04-20 20:19:45'),(4318,0,'vi','validation','uploaded','Trường :attribute tải lên thất bại.','2022-04-20 20:01:23','2022-04-20 20:19:45'),(4319,0,'vi','validation','url','Trường :attribute không giống với định dạng một URL.','2022-04-20 20:01:23','2022-04-20 20:19:45'),(4320,0,'vi','validation','uuid','Trường :attribute phải là một chuỗi UUID hợp lệ.','2022-04-20 20:01:23','2022-04-20 20:19:45'),(4321,0,'vi','validation','custom.attribute-name.rule-name','custom-message','2022-04-20 20:01:23','2022-04-20 20:19:45');
/*!40000 ALTER TABLE `translations` ENABLE KEYS */;
UNLOCK TABLES;

--
-- Table structure for table `user_meta`
--

DROP TABLE IF EXISTS `user_meta`;
/*!40101 SET @saved_cs_client     = @@character_set_client */;
/*!50503 SET character_set_client = utf8mb4 */;
CREATE TABLE `user_meta` (
  `id` bigint unsigned NOT NULL AUTO_INCREMENT,
  `key` varchar(191) CHARACTER SET utf8mb4 COLLATE utf8mb4_unicode_ci DEFAULT NULL,
  `value` varchar(191) CHARACTER SET utf8mb4 COLLATE utf8mb4_unicode_ci DEFAULT NULL,
  `user_id` int unsigned NOT NULL,
  `created_at` timestamp NULL DEFAULT NULL,
  `updated_at` timestamp NULL DEFAULT NULL,
  PRIMARY KEY (`id`),
  KEY `user_meta_user_id_index` (`user_id`)
) ENGINE=InnoDB DEFAULT CHARSET=utf8mb4 COLLATE=utf8mb4_unicode_ci;
/*!40101 SET character_set_client = @saved_cs_client */;

--
-- Dumping data for table `user_meta`
--

LOCK TABLES `user_meta` WRITE;
/*!40000 ALTER TABLE `user_meta` DISABLE KEYS */;
/*!40000 ALTER TABLE `user_meta` ENABLE KEYS */;
UNLOCK TABLES;

--
-- Table structure for table `users`
--

DROP TABLE IF EXISTS `users`;
/*!40101 SET @saved_cs_client     = @@character_set_client */;
/*!50503 SET character_set_client = utf8mb4 */;
CREATE TABLE `users` (
  `id` bigint unsigned NOT NULL AUTO_INCREMENT,
  `email` varchar(191) CHARACTER SET utf8mb4 COLLATE utf8mb4_unicode_ci NOT NULL,
  `email_verified_at` timestamp NULL DEFAULT NULL,
  `password` varchar(191) CHARACTER SET utf8mb4 COLLATE utf8mb4_unicode_ci DEFAULT NULL,
  `remember_token` varchar(100) CHARACTER SET utf8mb4 COLLATE utf8mb4_unicode_ci DEFAULT NULL,
  `created_at` timestamp NULL DEFAULT NULL,
  `updated_at` timestamp NULL DEFAULT NULL,
  `first_name` varchar(191) CHARACTER SET utf8mb4 COLLATE utf8mb4_unicode_ci DEFAULT NULL,
  `last_name` varchar(191) CHARACTER SET utf8mb4 COLLATE utf8mb4_unicode_ci DEFAULT NULL,
  `username` varchar(60) CHARACTER SET utf8mb4 COLLATE utf8mb4_unicode_ci DEFAULT NULL,
  `avatar_id` int unsigned DEFAULT NULL,
  `super_user` tinyint(1) NOT NULL DEFAULT '0',
  `manage_supers` tinyint(1) NOT NULL DEFAULT '0',
  `permissions` text CHARACTER SET utf8mb4 COLLATE utf8mb4_unicode_ci,
  `last_login` timestamp NULL DEFAULT NULL,
  PRIMARY KEY (`id`),
  UNIQUE KEY `users_email_unique` (`email`),
  UNIQUE KEY `users_username_unique` (`username`)
) ENGINE=InnoDB AUTO_INCREMENT=2 DEFAULT CHARSET=utf8mb4 COLLATE=utf8mb4_unicode_ci;
/*!40101 SET character_set_client = @saved_cs_client */;

--
-- Dumping data for table `users`
--

LOCK TABLES `users` WRITE;
/*!40000 ALTER TABLE `users` DISABLE KEYS */;
INSERT INTO `users` VALUES (1,'admin@botble.com',NULL,'$2y$10$hmXtV1FhuUSaglZzQNgtbe78CtYRxW1aq9VgA1Qvemveke9SByAD6',NULL,'2022-03-16 02:41:33','2022-03-16 02:41:33','System','Admin','botble',NULL,1,1,NULL,NULL);
/*!40000 ALTER TABLE `users` ENABLE KEYS */;
UNLOCK TABLES;

--
-- Table structure for table `widgets`
--

DROP TABLE IF EXISTS `widgets`;
/*!40101 SET @saved_cs_client     = @@character_set_client */;
/*!50503 SET character_set_client = utf8mb4 */;
CREATE TABLE `widgets` (
  `id` bigint unsigned NOT NULL AUTO_INCREMENT,
  `widget_id` varchar(120) CHARACTER SET utf8mb4 COLLATE utf8mb4_unicode_ci NOT NULL,
  `sidebar_id` varchar(120) CHARACTER SET utf8mb4 COLLATE utf8mb4_unicode_ci NOT NULL,
  `theme` varchar(120) CHARACTER SET utf8mb4 COLLATE utf8mb4_unicode_ci NOT NULL,
  `position` tinyint unsigned NOT NULL DEFAULT '0',
  `data` text CHARACTER SET utf8mb4 COLLATE utf8mb4_unicode_ci,
  `created_at` timestamp NULL DEFAULT NULL,
  `updated_at` timestamp NULL DEFAULT NULL,
  PRIMARY KEY (`id`)
) ENGINE=InnoDB AUTO_INCREMENT=31 DEFAULT CHARSET=utf8mb4 COLLATE=utf8mb4_unicode_ci;
/*!40101 SET character_set_client = @saved_cs_client */;

--
-- Dumping data for table `widgets`
--

LOCK TABLES `widgets` WRITE;
/*!40000 ALTER TABLE `widgets` DISABLE KEYS */;
INSERT INTO `widgets` VALUES (1,'SiteInfoWidget','footer_sidebar','nest',0,'{\"id\":\"SiteInfoWidget\",\"name\":\"Site information\",\"about\":\"Awesome grocery store website template\",\"phone\":\"(+91) - 540-025-124553\",\"address\":\"5171 W Campbell Ave undefined Kent, Utah 53127 United States\",\"email\":\"sale@Nest.com\",\"working_hours\":\"10:00 - 18:00, Mon - Sat\"}','2022-03-16 02:41:40','2022-03-16 02:41:40'),(2,'CustomMenuWidget','footer_sidebar','nest',1,'{\"id\":\"CustomMenuWidget\",\"name\":\"Company\",\"menu_id\":\"company\"}','2022-03-16 02:41:40','2022-03-16 02:41:40'),(3,'CustomMenuWidget','footer_sidebar','nest',2,'{\"id\":\"CustomMenuWidget\",\"name\":\"Categories\",\"menu_id\":\"product-categories\"}','2022-03-16 02:41:40','2022-03-16 02:41:40'),(4,'CustomMenuWidget','footer_sidebar','nest',3,'{\"id\":\"CustomMenuWidget\",\"name\":\"Information\",\"menu_id\":\"information\"}','2022-03-16 02:41:40','2022-03-16 02:41:40'),(5,'InstallAppWidget','footer_sidebar','nest',3,'{\"id\":\"InstallAppWidget\",\"name\":\"Install App\",\"apps_description\":\"From App Store or Google Play\",\"ios_app_url\":\"#\",\"ios_app_image\":\"general\\/app-store.jpg\",\"android_app_url\":\"#\",\"android_app_image\":\"general\\/google-play.jpg\",\"payment_gateway_description\":\"Secured Payment Gateways\",\"payment_gateway_image\":\"general\\/payment-methods.png\"}','2022-03-16 02:41:40','2022-03-16 02:41:40'),(6,'BlogSearchWidget','primary_sidebar','nest',0,'{\"id\":\"BlogSearchWidget\",\"name\":\"Search\"}','2022-03-16 02:41:40','2022-03-16 02:41:40'),(7,'ProductCategoriesWidget','primary_sidebar','nest',1,'{\"id\":\"ProductCategoriesWidget\",\"name\":\"Categories\"}','2022-03-16 02:41:40','2022-03-16 02:41:40'),(8,'TrendingProductsWidget','primary_sidebar','nest',2,'{\"id\":\"TrendingProductsWidget\",\"name\":\"Trending Now\",\"number_display\":4}','2022-03-16 02:41:40','2022-03-16 02:41:40'),(9,'GalleryWidget','primary_sidebar','nest',3,'{\"id\":\"GalleryWidget\",\"name\":\"Gallery\",\"slider_key\":\"slider-blog-1\"}','2022-03-16 02:41:40','2022-03-16 02:41:40'),(10,'TagsWidget','primary_sidebar','nest',4,'{\"id\":\"TagsWidget\",\"name\":\"Popular Tags\"}','2022-03-16 02:41:40','2022-03-16 02:41:40'),(11,'AdsWidget','primary_sidebar','nest',5,'{\"id\":\"AdsWidget\",\"name\":\"Oganic\",\"ads_key\":\"IZ6WU8KUALYI\"}','2022-03-16 02:41:40','2022-03-16 02:41:40'),(12,'ProductCategoriesWidget','product_sidebar','nest',1,'{\"id\":\"ProductCategoriesWidget\",\"name\":\"Categories\"}','2022-03-16 02:41:40','2022-03-16 02:41:40'),(13,'PriceFilterWidget','product_sidebar','nest',2,'{\"id\":\"PriceFilterWidget\",\"name\":\"Filter by price\"}','2022-03-16 02:41:40','2022-03-16 02:41:40'),(14,'NewProductsWidget','product_sidebar','nest',3,'{\"id\":\"NewProductsWidget\",\"name\":\"New products\"}','2022-03-16 02:41:40','2022-03-16 02:41:40'),(15,'AdsWidget','product_sidebar','nest',4,'{\"id\":\"AdsWidget\",\"name\":\"Oganic\",\"ads_key\":\"IZ6WU8KUALYI\"}','2022-03-16 02:41:40','2022-03-16 02:41:40'),(16,'NewsletterWidget','pre_footer_sidebar','nest',0,'{\"id\":\"NewsletterWidget\",\"title\":\"Stay home & get your daily <br \\/>needs from our shop\",\"subtitle\":\"Start Your Daily Shopping with <span>Nest Mart<\\/span>\",\"image\":\"general\\/newsletter-image.png\",\"background_image\":\"general\\/newsletter-background-image.png\"}','2022-03-16 02:41:40','2022-03-16 02:41:40'),(17,'SiteFeaturesWidget','pre_footer_sidebar','nest',1,'{\"id\":\"SiteFeaturesWidget\",\"title\":\"Site Features\",\"data\":{\"1\":{\"icon\":\"general\\/icon-1.png\",\"title\":\"Best prices & offers\",\"subtitle\":\"Orders $50 or more\"},\"2\":{\"icon\":\"general\\/icon-2.png\",\"title\":\"Free delivery\",\"subtitle\":\"24\\/7 amazing services\"},\"3\":{\"icon\":\"general\\/icon-3.png\",\"title\":\"Great daily deal\",\"subtitle\":\"When you sign up\"},\"4\":{\"icon\":\"general\\/icon-4.png\",\"title\":\"Wide assortment\",\"subtitle\":\"Mega Discounts\"},\"5\":{\"icon\":\"general\\/icon-5.png\",\"title\":\"Easy returns\",\"subtitle\":\"Within 30 days\"}}}','2022-03-16 02:41:40','2022-03-16 02:41:40'),(18,'SiteInfoWidget','footer_sidebar','nest-vi',0,'{\"id\":\"SiteInfoWidget\",\"name\":\"V\\u1ec1 ch\\u00fang t\\u00f4i\",\"about\":\"M\\u1eabu trang web c\\u1eeda h\\u00e0ng t\\u1ea1p h\\u00f3a tuy\\u1ec7t v\\u1eddi\",\"phone\":\"(+91) - 540-025-124553\",\"address\":\"5171 W Campbell Ave undefined Kent, Utah 53127 United States\",\"email\":\"sale@Nest.com\",\"working_hours\":\"10:00 - 18:00, Th\\u1ee9 2 - Th\\u1ee9 7\"}','2022-03-16 02:41:40','2022-03-16 02:41:40'),(19,'CustomMenuWidget','footer_sidebar','nest-vi',1,'{\"id\":\"CustomMenuWidget\",\"name\":\"C\\u00f4ng ty\",\"menu_id\":\"cong-ty\"}','2022-03-16 02:41:40','2022-03-16 02:41:40'),(20,'CustomMenuWidget','footer_sidebar','nest-vi',2,'{\"id\":\"CustomMenuWidget\",\"name\":\"Danh m\\u1ee5c s\\u1ea3n ph\\u1ea9m\",\"menu_id\":\"danh-muc-san-pham\"}','2022-03-16 02:41:40','2022-03-16 02:41:40'),(21,'CustomMenuWidget','footer_sidebar','nest-vi',3,'{\"id\":\"CustomMenuWidget\",\"name\":\"Th\\u00f4ng tin\",\"menu_id\":\"thong-tin\"}','2022-03-16 02:41:40','2022-03-16 02:41:40'),(22,'BlogSearchWidget','primary_sidebar','nest-vi',0,'{\"id\":\"BlogSearchWidget\",\"name\":\"T\\u00ecm ki\\u1ebfm\"}','2022-03-16 02:41:40','2022-03-16 02:41:40'),(23,'BlogCategoriesWidget','primary_sidebar','nest-vi',1,'{\"id\":\"BlogCategoriesWidget\",\"name\":\"Danh m\\u1ee5c\"}','2022-03-16 02:41:40','2022-03-16 02:41:40'),(24,'RecentPostsWidget','primary_sidebar','nest-vi',2,'{\"id\":\"RecentPostsWidget\",\"name\":\"B\\u00e0i vi\\u1ebft g\\u1ea7n \\u0111\\u00e2y\"}','2022-03-16 02:41:40','2022-03-16 02:41:40'),(25,'TagsWidget','primary_sidebar','nest-vi',4,'{\"id\":\"TagsWidget\",\"name\":\"Tags ph\\u1ed5 bi\\u1ebfn\"}','2022-03-16 02:41:40','2022-03-16 02:41:40'),(26,'ProductCategoriesWidget','product_sidebar','nest-vi',1,'{\"id\":\"ProductCategoriesWidget\",\"name\":\"Danh m\\u1ee5c s\\u1ea3n ph\\u1ea9m\"}','2022-03-16 02:41:40','2022-03-16 02:41:40'),(27,'FeaturedProductsWidget','product_sidebar','nest-vi',2,'{\"id\":\"FeaturedProductsWidget\",\"name\":\"S\\u1ea3n ph\\u1ea9m n\\u1ed5i b\\u1eadt\"}','2022-03-16 02:41:40','2022-03-16 02:41:40'),(28,'FeaturedBrandsWidget','product_sidebar','nest-vi',3,'{\"id\":\"FeaturedBrandsWidget\",\"name\":\"Nh\\u00e0 cung c\\u1ea5p\"}','2022-03-16 02:41:40','2022-03-16 02:41:40'),(29,'NewsletterWidget','pre_footer_sidebar','nest-vi',0,'{\"id\":\"NewsletterWidget\",\"title\":\"\\u1ede nh\\u00e0 & \\u0111\\u00e1p \\u1ee9ng nhu c\\u1ea7u <br \\/> h\\u00e0ng ng\\u00e0y c\\u1ee7a b\\u1ea1n t\\u1eeb c\\u1eeda h\\u00e0ng c\\u1ee7a ch\\u00fang t\\u00f4i\",\"subtitle\":\"B\\u1eaft \\u0111\\u1ea7u mua s\\u1eafm v\\u1edbi <span>Nest Mart<\\/span>\",\"image\":\"general\\/newsletter-image.png\",\"background_image\":\"general\\/newsletter-background-image.png\"}','2022-03-16 02:41:40','2022-03-16 02:41:40'),(30,'SiteFeaturesWidget','pre_footer_sidebar','nest-vi',1,'{\"id\":\"SiteFeaturesWidget\",\"title\":\"Site Features\",\"data\":{\"1\":{\"icon\":\"general\\/icon-1.png\",\"title\":\"Gi\\u00e1 & \\u01b0u \\u0111\\u00e3i t\\u1ed1t nh\\u1ea5t\",\"subtitle\":\"Cho \\u0111\\u01a1n h\\u00e0ng t\\u1eeb $50\"},\"2\":{\"icon\":\"general\\/icon-2.png\",\"title\":\"Mi\\u1ec5n ph\\u00ed v\\u1eadn chuy\\u1ec3n\",\"subtitle\":\"D\\u1ecbch v\\u1ee5 tuy\\u1ec7t v\\u1eddi 24\\/7\"},\"3\":{\"icon\":\"general\\/icon-3.png\",\"title\":\"\\u01afu \\u0111\\u00e3i h\\u00e0ng ng\\u00e0y\",\"subtitle\":\"Khi b\\u1ea1n \\u0111\\u0103ng k\\u00fd\"},\"4\":{\"icon\":\"general\\/icon-4.png\",\"title\":\"Nhi\\u1ec1u m\\u1eb7t h\\u00e0ng\",\"subtitle\":\"Gi\\u1ea3m gi\\u00e1 c\\u1ef1c l\\u1edbn\"},\"5\":{\"icon\":\"general\\/icon-5.png\",\"title\":\"D\\u1ec5 d\\u00e0ng ho\\u00e0n tr\\u1ea3\",\"subtitle\":\"Trong v\\u00f2ng 30 ng\\u00e0y\"}}}','2022-03-16 02:41:40','2022-03-16 02:41:40');
/*!40000 ALTER TABLE `widgets` ENABLE KEYS */;
UNLOCK TABLES;
/*!40103 SET TIME_ZONE=@OLD_TIME_ZONE */;

/*!40101 SET SQL_MODE=@OLD_SQL_MODE */;
/*!40014 SET FOREIGN_KEY_CHECKS=@OLD_FOREIGN_KEY_CHECKS */;
/*!40014 SET UNIQUE_CHECKS=@OLD_UNIQUE_CHECKS */;
/*!40101 SET CHARACTER_SET_CLIENT=@OLD_CHARACTER_SET_CLIENT */;
/*!40101 SET CHARACTER_SET_RESULTS=@OLD_CHARACTER_SET_RESULTS */;
/*!40101 SET COLLATION_CONNECTION=@OLD_COLLATION_CONNECTION */;
/*!40111 SET SQL_NOTES=@OLD_SQL_NOTES */;

-- Dump completed on 2022-04-21 10:20:02
